ar;invanare
1970;117696
1971;118484
1972;118236
1973;117835
1974;117560
1975;117837
1976;117383
1977;117036
1978;116817
1979;116877
1980;116969
1981;116887
1982;117367
1983;117473
1984;117569
1985;118043
1986;118443
1987;119066
1988;119824
1989;120353
1990;120944
1991;122042
1992;123188
1993;124164
1994;118606
1995;119635
1996;120774
1997;121755
1998;122641
1999;123503
2000;124207
2001;124873
2002;125520
2003;126288
2004;126982
2005;127733
2006;128977
2007;130429
2008;132277
2009;134006
2010;135460
2011;137121
2012;138952
2013;140599
2014;142618
2015;144200
2016;146631
2017;150291
2018;153367
2019;155696
2020;156381
2021;156987
2022;158057
2023;159348
2024;160140
2025;160687
