undersokning;andel_som;plats;ar;andel_pct;felmarginal
NTU;känner sig otrygga eller går inte ut när de är ute sent en kväll i sitt eget bostadsområde;Örebro län;2020;30;
NTU;känner sig otrygga eller går inte ut när de är ute sent en kväll i sitt eget bostadsområde;Örebro län;2022;30;2
NTU;känner sig otrygga eller går inte ut när de är ute sent en kväll i sitt eget bostadsområde;Örebro län;2023;27,1;
NTU;känner sig otrygga eller går inte ut när de är ute sent en kväll i sitt eget bostadsområde;Örebro län;2024;26,2;
NTU;känner sig otrygga eller går inte ut när de är ute sent en kväll i sitt eget bostadsområde;Örebro län;2025;26,1;2,4
NTU;känner sig otrygga eller går inte ut när de är ute sent en kväll i sitt eget bostadsområde;Hela Sverige;2020;29;
NTU;känner sig otrygga eller går inte ut när de är ute sent en kväll i sitt eget bostadsområde;Hela Sverige;2022;27;1
NTU;känner sig otrygga eller går inte ut när de är ute sent en kväll i sitt eget bostadsområde;Hela Sverige;2023;26,5;
NTU;känner sig otrygga eller går inte ut när de är ute sent en kväll i sitt eget bostadsområde;Hela Sverige;2024;24,2;
NTU;känner sig otrygga eller går inte ut när de är ute sent en kväll i sitt eget bostadsområde;Hela Sverige;2025;25;0,4
NTU;oroar sig ganska eller mycket ofta över brottsligheten i samhället;Örebro län;2020;45;
NTU;oroar sig ganska eller mycket ofta över brottsligheten i samhället;Örebro län;2022;47;2
NTU;oroar sig ganska eller mycket ofta över brottsligheten i samhället;Örebro län;2023;53,5;
NTU;oroar sig ganska eller mycket ofta över brottsligheten i samhället;Örebro län;2024;50,8;
NTU;oroar sig ganska eller mycket ofta över brottsligheten i samhället;Örebro län;2025;55,7;2,6
NTU;oroar sig ganska eller mycket ofta över brottsligheten i samhället;Hela Sverige;2020;45;
NTU;oroar sig ganska eller mycket ofta över brottsligheten i samhället;Hela Sverige;2022;46;1
NTU;oroar sig ganska eller mycket ofta över brottsligheten i samhället;Hela Sverige;2023;52,7;
NTU;oroar sig ganska eller mycket ofta över brottsligheten i samhället;Hela Sverige;2024;50,4;
NTU;oroar sig ganska eller mycket ofta över brottsligheten i samhället;Hela Sverige;2025;53,6;0,5
NTU;oroar sig för bostadsinbrott;Örebro län;2020;28;
NTU;oroar sig för bostadsinbrott;Örebro län;2022;24;2
NTU;oroar sig för bostadsinbrott;Örebro län;2023;21,1;
NTU;oroar sig för bostadsinbrott;Örebro län;2024;20,3;
NTU;oroar sig för bostadsinbrott;Örebro län;2025;19,9;2,1
NTU;oroar sig för bostadsinbrott;Hela Sverige;2020;27;
NTU;oroar sig för bostadsinbrott;Hela Sverige;2022;23;1
NTU;oroar sig för bostadsinbrott;Hela Sverige;2023;21,6;
NTU;oroar sig för bostadsinbrott;Hela Sverige;2024;20,1;
NTU;oroar sig för bostadsinbrott;Hela Sverige;2025;19,8;0,4
NTU;har avstått från någon aktivitet av oro för att utsättas för brott;Örebro län;2020;15;
NTU;har avstått från någon aktivitet av oro för att utsättas för brott;Örebro län;2022;15;1
NTU;har avstått från någon aktivitet av oro för att utsättas för brott;Örebro län;2023;13,5;
NTU;har avstått från någon aktivitet av oro för att utsättas för brott;Örebro län;2024;10,8;
NTU;har avstått från någon aktivitet av oro för att utsättas för brott;Örebro län;2025;11,7;1,7
NTU;har avstått från någon aktivitet av oro för att utsättas för brott;Hela Sverige;2020;14;
NTU;har avstått från någon aktivitet av oro för att utsättas för brott;Hela Sverige;2022;12;1
NTU;har avstått från någon aktivitet av oro för att utsättas för brott;Hela Sverige;2023;12,2;
NTU;har avstått från någon aktivitet av oro för att utsättas för brott;Hela Sverige;2024;10,9;
NTU;har avstått från någon aktivitet av oro för att utsättas för brott;Hela Sverige;2025;11,8;0,3
NTU;uppfattar att brotten har blivit fler de senaste tre åren;Örebro län;2020;82;
NTU;uppfattar att brotten har blivit fler de senaste tre åren;Örebro län;2022;82;2
NTU;uppfattar att brotten har blivit fler de senaste tre åren;Örebro län;2023;86,8;
NTU;uppfattar att brotten har blivit fler de senaste tre åren;Örebro län;2024;86,9;
NTU;uppfattar att brotten har blivit fler de senaste tre åren;Örebro län;2025;84,4;1,9
NTU;uppfattar att brotten har blivit fler de senaste tre åren;Hela Sverige;2020;81;
NTU;uppfattar att brotten har blivit fler de senaste tre åren;Hela Sverige;2022;80;0
NTU;uppfattar att brotten har blivit fler de senaste tre åren;Hela Sverige;2023;84,7;
NTU;uppfattar att brotten har blivit fler de senaste tre åren;Hela Sverige;2024;85,7;
NTU;uppfattar att brotten har blivit fler de senaste tre åren;Hela Sverige;2025;82,9;0,4
NTU;har själva utsatts för brott mot person under året, till exempel hot, misshandel, trakasserier eller bedrägeri;Örebro län;2019;21,9;
NTU;har själva utsatts för brott mot person under året, till exempel hot, misshandel, trakasserier eller bedrägeri;Örebro län;2021;20,4;1,4
NTU;har själva utsatts för brott mot person under året, till exempel hot, misshandel, trakasserier eller bedrägeri;Örebro län;2023;20,1;
NTU;har själva utsatts för brott mot person under året, till exempel hot, misshandel, trakasserier eller bedrägeri;Örebro län;2024;19,2;2,1
NTU;har själva utsatts för brott mot person under året, till exempel hot, misshandel, trakasserier eller bedrägeri;Hela Sverige;2019;22,8;
NTU;har själva utsatts för brott mot person under året, till exempel hot, misshandel, trakasserier eller bedrägeri;Hela Sverige;2021;19,9;0,3
NTU;har själva utsatts för brott mot person under året, till exempel hot, misshandel, trakasserier eller bedrägeri;Hela Sverige;2023;20,1;
NTU;har själva utsatts för brott mot person under året, till exempel hot, misshandel, trakasserier eller bedrägeri;Hela Sverige;2024;20;0,4
NTU;har ganska eller mycket stort förtroende för att polisen behandlar brottsutsatta på ett bra sätt;Örebro län;2020;43;
NTU;har ganska eller mycket stort förtroende för att polisen behandlar brottsutsatta på ett bra sätt;Örebro län;2022;46;2
NTU;har ganska eller mycket stort förtroende för att polisen behandlar brottsutsatta på ett bra sätt;Örebro län;2023;41;
NTU;har ganska eller mycket stort förtroende för att polisen behandlar brottsutsatta på ett bra sätt;Örebro län;2024;46,2;
NTU;har ganska eller mycket stort förtroende för att polisen behandlar brottsutsatta på ett bra sätt;Örebro län;2025;53;2,6
NTU;har ganska eller mycket stort förtroende för att polisen behandlar brottsutsatta på ett bra sätt;Hela Sverige;2020;44;
NTU;har ganska eller mycket stort förtroende för att polisen behandlar brottsutsatta på ett bra sätt;Hela Sverige;2022;48;1
NTU;har ganska eller mycket stort förtroende för att polisen behandlar brottsutsatta på ett bra sätt;Hela Sverige;2023;45,3;
NTU;har ganska eller mycket stort förtroende för att polisen behandlar brottsutsatta på ett bra sätt;Hela Sverige;2024;47,4;
NTU;har ganska eller mycket stort förtroende för att polisen behandlar brottsutsatta på ett bra sätt;Hela Sverige;2025;48,9;0,5
Medborgarundersökningen;känner sig trygga ute i sitt område när det är mörkt;Örebro;2021;66,8;
Medborgarundersökningen;känner sig trygga ute i sitt område när det är mörkt;Örebro;2022;74,2;
Medborgarundersökningen;känner sig trygga ute i sitt område när det är mörkt;Örebro;2023;74,8;
Medborgarundersökningen;känner sig trygga ute i sitt område när det är mörkt;Örebro;2024;79,3;
Medborgarundersökningen;känner sig trygga ute i sitt område när det är mörkt;Örebro;2025;76,2;
Medborgarundersökningen;känner sig trygga ute i sitt område när det är mörkt;Uppsala;2021;73,4;
Medborgarundersökningen;känner sig trygga ute i sitt område när det är mörkt;Uppsala;2023;72,6;
Medborgarundersökningen;känner sig trygga ute i sitt område när det är mörkt;Uppsala;2025;76,8;
Medborgarundersökningen;känner sig trygga ute i sitt område när det är mörkt;Linköping;2021;68,6;
Medborgarundersökningen;känner sig trygga ute i sitt område när det är mörkt;Linköping;2022;74,2;
Medborgarundersökningen;känner sig trygga ute i sitt område när det är mörkt;Linköping;2023;71,5;
Medborgarundersökningen;känner sig trygga ute i sitt område när det är mörkt;Linköping;2025;78,7;
Medborgarundersökningen;känner sig trygga ute i sitt område när det är mörkt;Jönköping;2021;76,7;
Medborgarundersökningen;känner sig trygga ute i sitt område när det är mörkt;Jönköping;2023;79;
Medborgarundersökningen;känner sig trygga ute i sitt område när det är mörkt;Jönköping;2025;84,2;
Medborgarundersökningen;känner sig trygga ute i sitt område när det är mörkt;Helsingborg;2021;57;
Medborgarundersökningen;känner sig trygga ute i sitt område när det är mörkt;Helsingborg;2022;59,2;
Medborgarundersökningen;känner sig trygga ute i sitt område när det är mörkt;Helsingborg;2023;64,9;
Medborgarundersökningen;känner sig trygga ute i sitt område när det är mörkt;Helsingborg;2024;70,8;
Medborgarundersökningen;känner sig trygga ute i sitt område när det är mörkt;Helsingborg;2025;71,4;
Medborgarundersökningen;känner sig trygga ute i sitt område när det är mörkt;Umeå;2021;80,1;
Medborgarundersökningen;känner sig trygga ute i sitt område när det är mörkt;Umeå;2022;83,2;
Medborgarundersökningen;känner sig trygga ute i sitt område när det är mörkt;Umeå;2023;88;
Medborgarundersökningen;känner sig trygga ute i sitt område när det är mörkt;Umeå;2024;90,6;
Medborgarundersökningen;känner sig trygga ute i sitt område när det är mörkt;Umeå;2025;88;
Medborgarundersökningen;känner sig trygga ute i sitt område när det är mörkt;Hela Sverige;2021;72,9;
Medborgarundersökningen;känner sig trygga ute i sitt område när det är mörkt;Hela Sverige;2022;75,1;
Medborgarundersökningen;känner sig trygga ute i sitt område när det är mörkt;Hela Sverige;2023;75,9;
Medborgarundersökningen;känner sig trygga ute i sitt område när det är mörkt;Hela Sverige;2024;78;
Medborgarundersökningen;känner sig trygga ute i sitt område när det är mörkt;Hela Sverige;2025;79,4;
Medborgarundersökningen;känner sig trygga ute i sitt område när det är mörkt;Örebro län;2021;69,3;
Medborgarundersökningen;känner sig trygga ute i sitt område när det är mörkt;Örebro län;2022;75,7;
Medborgarundersökningen;känner sig trygga ute i sitt område när det är mörkt;Örebro län;2023;75,5;
Medborgarundersökningen;känner sig trygga ute i sitt område när det är mörkt;Örebro län;2024;79,5;
Medborgarundersökningen;känner sig trygga ute i sitt område när det är mörkt;Örebro län;2025;75,5;
Medborgarundersökningen;oroar sig lite eller inte alls för inbrott i hemmet;Örebro;2021;73;
Medborgarundersökningen;oroar sig lite eller inte alls för inbrott i hemmet;Örebro;2022;81,2;
Medborgarundersökningen;oroar sig lite eller inte alls för inbrott i hemmet;Örebro;2023;71;
Medborgarundersökningen;oroar sig lite eller inte alls för inbrott i hemmet;Örebro;2024;79,4;
Medborgarundersökningen;oroar sig lite eller inte alls för inbrott i hemmet;Örebro;2025;76,4;
Medborgarundersökningen;oroar sig lite eller inte alls för inbrott i hemmet;Uppsala;2021;78,5;
Medborgarundersökningen;oroar sig lite eller inte alls för inbrott i hemmet;Uppsala;2023;79,6;
Medborgarundersökningen;oroar sig lite eller inte alls för inbrott i hemmet;Uppsala;2025;85,4;
Medborgarundersökningen;oroar sig lite eller inte alls för inbrott i hemmet;Linköping;2021;81,6;
Medborgarundersökningen;oroar sig lite eller inte alls för inbrott i hemmet;Linköping;2022;80,1;
Medborgarundersökningen;oroar sig lite eller inte alls för inbrott i hemmet;Linköping;2023;81,8;
Medborgarundersökningen;oroar sig lite eller inte alls för inbrott i hemmet;Linköping;2025;86,2;
Medborgarundersökningen;oroar sig lite eller inte alls för inbrott i hemmet;Jönköping;2021;79,1;
Medborgarundersökningen;oroar sig lite eller inte alls för inbrott i hemmet;Jönköping;2023;80;
Medborgarundersökningen;oroar sig lite eller inte alls för inbrott i hemmet;Jönköping;2025;84,1;
Medborgarundersökningen;oroar sig lite eller inte alls för inbrott i hemmet;Helsingborg;2021;63,4;
Medborgarundersökningen;oroar sig lite eller inte alls för inbrott i hemmet;Helsingborg;2022;67,7;
Medborgarundersökningen;oroar sig lite eller inte alls för inbrott i hemmet;Helsingborg;2023;73,8;
Medborgarundersökningen;oroar sig lite eller inte alls för inbrott i hemmet;Helsingborg;2024;72,8;
Medborgarundersökningen;oroar sig lite eller inte alls för inbrott i hemmet;Helsingborg;2025;75,2;
Medborgarundersökningen;oroar sig lite eller inte alls för inbrott i hemmet;Umeå;2021;87,3;
Medborgarundersökningen;oroar sig lite eller inte alls för inbrott i hemmet;Umeå;2022;91,5;
Medborgarundersökningen;oroar sig lite eller inte alls för inbrott i hemmet;Umeå;2023;87,6;
Medborgarundersökningen;oroar sig lite eller inte alls för inbrott i hemmet;Umeå;2024;92,3;
Medborgarundersökningen;oroar sig lite eller inte alls för inbrott i hemmet;Umeå;2025;91,7;
Medborgarundersökningen;oroar sig lite eller inte alls för inbrott i hemmet;Hela Sverige;2021;72,9;
Medborgarundersökningen;oroar sig lite eller inte alls för inbrott i hemmet;Hela Sverige;2022;76,1;
Medborgarundersökningen;oroar sig lite eller inte alls för inbrott i hemmet;Hela Sverige;2023;77,2;
Medborgarundersökningen;oroar sig lite eller inte alls för inbrott i hemmet;Hela Sverige;2024;78,4;
Medborgarundersökningen;oroar sig lite eller inte alls för inbrott i hemmet;Hela Sverige;2025;80,4;
Medborgarundersökningen;oroar sig lite eller inte alls för inbrott i hemmet;Örebro län;2021;72,1;
Medborgarundersökningen;oroar sig lite eller inte alls för inbrott i hemmet;Örebro län;2022;80,2;
Medborgarundersökningen;oroar sig lite eller inte alls för inbrott i hemmet;Örebro län;2023;70,8;
Medborgarundersökningen;oroar sig lite eller inte alls för inbrott i hemmet;Örebro län;2024;80,2;
Medborgarundersökningen;oroar sig lite eller inte alls för inbrott i hemmet;Örebro län;2025;73,5;
Medborgarundersökningen;oroar sig lite eller inte alls för att utsättas för våld eller hot;Örebro;2021;68,8;
Medborgarundersökningen;oroar sig lite eller inte alls för att utsättas för våld eller hot;Örebro;2022;74;
Medborgarundersökningen;oroar sig lite eller inte alls för att utsättas för våld eller hot;Örebro;2023;68,2;
Medborgarundersökningen;oroar sig lite eller inte alls för att utsättas för våld eller hot;Örebro;2024;73,8;
Medborgarundersökningen;oroar sig lite eller inte alls för att utsättas för våld eller hot;Örebro;2025;72,8;
Medborgarundersökningen;oroar sig lite eller inte alls för att utsättas för våld eller hot;Uppsala;2021;71,1;
Medborgarundersökningen;oroar sig lite eller inte alls för att utsättas för våld eller hot;Uppsala;2023;71,4;
Medborgarundersökningen;oroar sig lite eller inte alls för att utsättas för våld eller hot;Uppsala;2025;73,5;
Medborgarundersökningen;oroar sig lite eller inte alls för att utsättas för våld eller hot;Linköping;2021;69,6;
Medborgarundersökningen;oroar sig lite eller inte alls för att utsättas för våld eller hot;Linköping;2022;72,9;
Medborgarundersökningen;oroar sig lite eller inte alls för att utsättas för våld eller hot;Linköping;2023;71,9;
Medborgarundersökningen;oroar sig lite eller inte alls för att utsättas för våld eller hot;Linköping;2025;81,1;
Medborgarundersökningen;oroar sig lite eller inte alls för att utsättas för våld eller hot;Jönköping;2021;79,7;
Medborgarundersökningen;oroar sig lite eller inte alls för att utsättas för våld eller hot;Jönköping;2023;75,3;
Medborgarundersökningen;oroar sig lite eller inte alls för att utsättas för våld eller hot;Jönköping;2025;81,9;
Medborgarundersökningen;oroar sig lite eller inte alls för att utsättas för våld eller hot;Helsingborg;2021;54,7;
Medborgarundersökningen;oroar sig lite eller inte alls för att utsättas för våld eller hot;Helsingborg;2022;59,9;
Medborgarundersökningen;oroar sig lite eller inte alls för att utsättas för våld eller hot;Helsingborg;2023;70;
Medborgarundersökningen;oroar sig lite eller inte alls för att utsättas för våld eller hot;Helsingborg;2024;68,7;
Medborgarundersökningen;oroar sig lite eller inte alls för att utsättas för våld eller hot;Helsingborg;2025;68,3;
Medborgarundersökningen;oroar sig lite eller inte alls för att utsättas för våld eller hot;Umeå;2021;83,9;
Medborgarundersökningen;oroar sig lite eller inte alls för att utsättas för våld eller hot;Umeå;2022;87,3;
Medborgarundersökningen;oroar sig lite eller inte alls för att utsättas för våld eller hot;Umeå;2023;88,9;
Medborgarundersökningen;oroar sig lite eller inte alls för att utsättas för våld eller hot;Umeå;2024;87,9;
Medborgarundersökningen;oroar sig lite eller inte alls för att utsättas för våld eller hot;Umeå;2025;88,1;
Medborgarundersökningen;oroar sig lite eller inte alls för att utsättas för våld eller hot;Hela Sverige;2021;73;
Medborgarundersökningen;oroar sig lite eller inte alls för att utsättas för våld eller hot;Hela Sverige;2022;75,3;
Medborgarundersökningen;oroar sig lite eller inte alls för att utsättas för våld eller hot;Hela Sverige;2023;74,9;
Medborgarundersökningen;oroar sig lite eller inte alls för att utsättas för våld eller hot;Hela Sverige;2024;77,7;
Medborgarundersökningen;oroar sig lite eller inte alls för att utsättas för våld eller hot;Hela Sverige;2025;79;
Medborgarundersökningen;oroar sig lite eller inte alls för att utsättas för våld eller hot;Örebro län;2021;71,2;
Medborgarundersökningen;oroar sig lite eller inte alls för att utsättas för våld eller hot;Örebro län;2022;75,1;
Medborgarundersökningen;oroar sig lite eller inte alls för att utsättas för våld eller hot;Örebro län;2023;70,5;
Medborgarundersökningen;oroar sig lite eller inte alls för att utsättas för våld eller hot;Örebro län;2024;78,2;
Medborgarundersökningen;oroar sig lite eller inte alls för att utsättas för våld eller hot;Örebro län;2025;72,4;
