brott;kommun;ar;per_100000_invanare
Alla anmälda brott;Örebro;2008;16175,9
Alla anmälda brott;Örebro;2009;15550
Alla anmälda brott;Örebro;2010;14926,2
Alla anmälda brott;Örebro;2011;15393
Alla anmälda brott;Örebro;2012;14156,7
Alla anmälda brott;Örebro;2013;13980,2
Alla anmälda brott;Örebro;2014;14446,3
Alla anmälda brott;Örebro;2015;14338,4
Alla anmälda brott;Örebro;2016;14362,6
Alla anmälda brott;Örebro;2017;13587
Alla anmälda brott;Örebro;2018;12545,7
Alla anmälda brott;Örebro;2019;13333,7
Alla anmälda brott;Örebro;2020;14577,2
Alla anmälda brott;Örebro;2021;14717,5
Alla anmälda brott;Örebro;2022;14204,4
Alla anmälda brott;Örebro;2023;13687,9
Alla anmälda brott;Örebro;2024;13884,1
Alla anmälda brott;Örebro;2025;13914,7
Alla anmälda brott;Uppsala;2008;12753,1
Alla anmälda brott;Uppsala;2009;12644,9
Alla anmälda brott;Uppsala;2010;11352,6
Alla anmälda brott;Uppsala;2011;11093,4
Alla anmälda brott;Uppsala;2012;10495,7
Alla anmälda brott;Uppsala;2013;10797,3
Alla anmälda brott;Uppsala;2014;12050,9
Alla anmälda brott;Uppsala;2015;10626,5
Alla anmälda brott;Uppsala;2016;10708,5
Alla anmälda brott;Uppsala;2017;10974,3
Alla anmälda brott;Uppsala;2018;10307,6
Alla anmälda brott;Uppsala;2019;10982,1
Alla anmälda brott;Uppsala;2020;10669,7
Alla anmälda brott;Uppsala;2021;10419,3
Alla anmälda brott;Uppsala;2022;10060,5
Alla anmälda brott;Uppsala;2023;10842,1
Alla anmälda brott;Uppsala;2024;11148,8
Alla anmälda brott;Uppsala;2025;11137,5
Alla anmälda brott;Linköping;2008;12349,2
Alla anmälda brott;Linköping;2009;12289,7
Alla anmälda brott;Linköping;2010;11453,7
Alla anmälda brott;Linköping;2011;11649
Alla anmälda brott;Linköping;2012;11425,3
Alla anmälda brott;Linköping;2013;10680,9
Alla anmälda brott;Linköping;2014;10589,9
Alla anmälda brott;Linköping;2015;10465,7
Alla anmälda brott;Linköping;2016;10720,3
Alla anmälda brott;Linköping;2017;11231,4
Alla anmälda brott;Linköping;2018;10802,1
Alla anmälda brott;Linköping;2019;10778,8
Alla anmälda brott;Linköping;2020;11196,7
Alla anmälda brott;Linköping;2021;9691,6
Alla anmälda brott;Linköping;2022;9765,8
Alla anmälda brott;Linköping;2023;11046,6
Alla anmälda brott;Linköping;2024;11017,2
Alla anmälda brott;Linköping;2025;10321,6
Alla anmälda brott;Västerås;2008;17476,5
Alla anmälda brott;Västerås;2009;16061,2
Alla anmälda brott;Västerås;2010;15256,5
Alla anmälda brott;Västerås;2011;15146,1
Alla anmälda brott;Västerås;2012;13615
Alla anmälda brott;Västerås;2013;12954,2
Alla anmälda brott;Västerås;2014;13292,8
Alla anmälda brott;Västerås;2015;13116,8
Alla anmälda brott;Västerås;2016;12471,2
Alla anmälda brott;Västerås;2017;14183,3
Alla anmälda brott;Västerås;2018;13963,9
Alla anmälda brott;Västerås;2019;13585,9
Alla anmälda brott;Västerås;2020;14175,7
Alla anmälda brott;Västerås;2021;15040,2
Alla anmälda brott;Västerås;2022;12868,8
Alla anmälda brott;Västerås;2023;13802,7
Alla anmälda brott;Västerås;2024;13357,6
Alla anmälda brott;Västerås;2025;14152,7
Alla anmälda brott;Norrköping;2008;14669,7
Alla anmälda brott;Norrköping;2009;14519,5
Alla anmälda brott;Norrköping;2010;13191,8
Alla anmälda brott;Norrköping;2011;13992,2
Alla anmälda brott;Norrköping;2012;13303,4
Alla anmälda brott;Norrköping;2013;13753,4
Alla anmälda brott;Norrköping;2014;13367,5
Alla anmälda brott;Norrköping;2015;12713,5
Alla anmälda brott;Norrköping;2016;12720,7
Alla anmälda brott;Norrköping;2017;12702,3
Alla anmälda brott;Norrköping;2018;11726,1
Alla anmälda brott;Norrköping;2019;10928,9
Alla anmälda brott;Norrköping;2020;11745,4
Alla anmälda brott;Norrköping;2021;11325,4
Alla anmälda brott;Norrköping;2022;13254,5
Alla anmälda brott;Norrköping;2023;13926,4
Alla anmälda brott;Norrköping;2024;13509,9
Alla anmälda brott;Norrköping;2025;12832
Alla anmälda brott;Jönköping;2008;11959,7
Alla anmälda brott;Jönköping;2009;12183,1
Alla anmälda brott;Jönköping;2010;11568,4
Alla anmälda brott;Jönköping;2011;11609,1
Alla anmälda brott;Jönköping;2012;10364,7
Alla anmälda brott;Jönköping;2013;10152,3
Alla anmälda brott;Jönköping;2014;10896,8
Alla anmälda brott;Jönköping;2015;11193,5
Alla anmälda brott;Jönköping;2016;11307
Alla anmälda brott;Jönköping;2017;10515,6
Alla anmälda brott;Jönköping;2018;9493,5
Alla anmälda brott;Jönköping;2019;9012,6
Alla anmälda brott;Jönköping;2020;9568,7
Alla anmälda brott;Jönköping;2021;8632,7
Alla anmälda brott;Jönköping;2022;9149,5
Alla anmälda brott;Jönköping;2023;10555
Alla anmälda brott;Jönköping;2024;10389,5
Alla anmälda brott;Jönköping;2025;9782,1
Alla anmälda brott;Helsingborg;2008;17946,6
Alla anmälda brott;Helsingborg;2009;18378,1
Alla anmälda brott;Helsingborg;2010;17328,2
Alla anmälda brott;Helsingborg;2011;18404,5
Alla anmälda brott;Helsingborg;2012;18017,4
Alla anmälda brott;Helsingborg;2013;18041,3
Alla anmälda brott;Helsingborg;2014;18213,6
Alla anmälda brott;Helsingborg;2015;16544,2
Alla anmälda brott;Helsingborg;2016;15541,4
Alla anmälda brott;Helsingborg;2017;15174,7
Alla anmälda brott;Helsingborg;2018;15360,9
Alla anmälda brott;Helsingborg;2019;14025,2
Alla anmälda brott;Helsingborg;2020;14700,3
Alla anmälda brott;Helsingborg;2021;14502,9
Alla anmälda brott;Helsingborg;2022;14770
Alla anmälda brott;Helsingborg;2023;15144,2
Alla anmälda brott;Helsingborg;2024;15548,6
Alla anmälda brott;Helsingborg;2025;15582,5
Alla anmälda brott;Umeå;2008;9721,6
Alla anmälda brott;Umeå;2009;10083,7
Alla anmälda brott;Umeå;2010;10023,1
Alla anmälda brott;Umeå;2011;9027,6
Alla anmälda brott;Umeå;2012;8348,3
Alla anmälda brott;Umeå;2013;8684,5
Alla anmälda brott;Umeå;2014;8764,1
Alla anmälda brott;Umeå;2015;8750
Alla anmälda brott;Umeå;2016;9613,3
Alla anmälda brott;Umeå;2017;10602,8
Alla anmälda brott;Umeå;2018;9828,6
Alla anmälda brott;Umeå;2019;9383,2
Alla anmälda brott;Umeå;2020;9349,9
Alla anmälda brott;Umeå;2021;8329,3
Alla anmälda brott;Umeå;2022;8481,5
Alla anmälda brott;Umeå;2023;9016,1
Alla anmälda brott;Umeå;2024;8965,4
Alla anmälda brott;Umeå;2025;9209,6
Alla anmälda brott;Hela Sverige;2008;14944,8
Alla anmälda brott;Hela Sverige;2009;15116,7
Alla anmälda brott;Hela Sverige;2010;14612,7
Alla anmälda brott;Hela Sverige;2011;14988,3
Alla anmälda brott;Hela Sverige;2012;14734
Alla anmälda brott;Hela Sverige;2013;14603,4
Alla anmälda brott;Hela Sverige;2014;14890
Alla anmälda brott;Hela Sverige;2015;15342,1
Alla anmälda brott;Hela Sverige;2016;15219
Alla anmälda brott;Hela Sverige;2017;15062,1
Alla anmälda brott;Hela Sverige;2018;15239,2
Alla anmälda brott;Hela Sverige;2019;15063,9
Alla anmälda brott;Hela Sverige;2020;15133,8
Alla anmälda brott;Hela Sverige;2021;14214,5
Alla anmälda brott;Hela Sverige;2022;13802,6
Alla anmälda brott;Hela Sverige;2023;14348,8
Alla anmälda brott;Hela Sverige;2024;14090,4
Alla anmälda brott;Hela Sverige;2025;13581,3
Våldsbrott;Örebro;2008;1323
Våldsbrott;Örebro;2009;1349,2
Våldsbrott;Örebro;2010;1383,4
Våldsbrott;Örebro;2011;1345,5
Våldsbrott;Örebro;2012;1300,4
Våldsbrott;Örebro;2013;1141,5
Våldsbrott;Örebro;2014;1206
Våldsbrott;Örebro;2015;1161,6
Våldsbrott;Örebro;2016;1221,4
Våldsbrott;Örebro;2017;1112,5
Våldsbrott;Örebro;2018;1006,7
Våldsbrott;Örebro;2019;1061
Våldsbrott;Örebro;2020;1145,2
Våldsbrott;Örebro;2021;1160,9
Våldsbrott;Örebro;2022;1140,2
Våldsbrott;Örebro;2023;1144,9
Våldsbrott;Örebro;2024;1135,6
Våldsbrott;Örebro;2025;1070,4
Våldsbrott;Uppsala;2008;1093,5
Våldsbrott;Uppsala;2009;1108,1
Våldsbrott;Uppsala;2010;1177
Våldsbrott;Uppsala;2011;1108
Våldsbrott;Uppsala;2012;1021,1
Våldsbrott;Uppsala;2013;893,8
Våldsbrott;Uppsala;2014;924
Våldsbrott;Uppsala;2015;864,2
Våldsbrott;Uppsala;2016;937,3
Våldsbrott;Uppsala;2017;919,9
Våldsbrott;Uppsala;2018;911,8
Våldsbrott;Uppsala;2019;926,5
Våldsbrott;Uppsala;2020;848
Våldsbrott;Uppsala;2021;870,5
Våldsbrott;Uppsala;2022;805,9
Våldsbrott;Uppsala;2023;777,5
Våldsbrott;Uppsala;2024;879,3
Våldsbrott;Uppsala;2025;898,9
Våldsbrott;Linköping;2008;1030,6
Våldsbrott;Linköping;2009;964,8
Våldsbrott;Linköping;2010;1057,9
Våldsbrott;Linköping;2011;948,2
Våldsbrott;Linköping;2012;894,1
Våldsbrott;Linköping;2013;739,7
Våldsbrott;Linköping;2014;722,9
Våldsbrott;Linköping;2015;765,5
Våldsbrott;Linköping;2016;678,4
Våldsbrott;Linköping;2017;767,7
Våldsbrott;Linköping;2018;731,5
Våldsbrott;Linköping;2019;795,5
Våldsbrott;Linköping;2020;875,3
Våldsbrott;Linköping;2021;782,1
Våldsbrott;Linköping;2022;812,8
Våldsbrott;Linköping;2023;765,1
Våldsbrott;Linköping;2024;897,9
Våldsbrott;Linköping;2025;817,8
Våldsbrott;Västerås;2008;1462,7
Våldsbrott;Västerås;2009;1438,2
Våldsbrott;Västerås;2010;1423,4
Våldsbrott;Västerås;2011;1240,7
Våldsbrott;Västerås;2012;1198,6
Våldsbrott;Västerås;2013;1108,8
Våldsbrott;Västerås;2014;1164,9
Våldsbrott;Västerås;2015;1100,4
Våldsbrott;Västerås;2016;1111,1
Våldsbrott;Västerås;2017;1069
Våldsbrott;Västerås;2018;1008,7
Våldsbrott;Västerås;2019;1147
Våldsbrott;Västerås;2020;1003,9
Våldsbrott;Västerås;2021;966,7
Våldsbrott;Västerås;2022;919,8
Våldsbrott;Västerås;2023;1051,8
Våldsbrott;Västerås;2024;926
Våldsbrott;Västerås;2025;1029,6
Våldsbrott;Norrköping;2008;1367,3
Våldsbrott;Norrköping;2009;1497,8
Våldsbrott;Norrköping;2010;1348,7
Våldsbrott;Norrköping;2011;1423,9
Våldsbrott;Norrköping;2012;1317,7
Våldsbrott;Norrköping;2013;1169,4
Våldsbrott;Norrköping;2014;1258,1
Våldsbrott;Norrköping;2015;1023,1
Våldsbrott;Norrköping;2016;1158,1
Våldsbrott;Norrköping;2017;1154,5
Våldsbrott;Norrköping;2018;1208,4
Våldsbrott;Norrköping;2019;1128,7
Våldsbrott;Norrköping;2020;1107,3
Våldsbrott;Norrköping;2021;1027,3
Våldsbrott;Norrköping;2022;1244,6
Våldsbrott;Norrköping;2023;1156,1
Våldsbrott;Norrköping;2024;1079,5
Våldsbrott;Norrköping;2025;1021,8
Våldsbrott;Jönköping;2008;927,7
Våldsbrott;Jönköping;2009;880,2
Våldsbrott;Jönköping;2010;905,9
Våldsbrott;Jönköping;2011;1000,7
Våldsbrott;Jönköping;2012;919,8
Våldsbrott;Jönköping;2013;796,6
Våldsbrott;Jönköping;2014;789,3
Våldsbrott;Jönköping;2015;918,2
Våldsbrott;Jönköping;2016;997,1
Våldsbrott;Jönköping;2017;903,4
Våldsbrott;Jönköping;2018;795,9
Våldsbrott;Jönköping;2019;804,5
Våldsbrott;Jönköping;2020;834,5
Våldsbrott;Jönköping;2021;861,5
Våldsbrott;Jönköping;2022;915,9
Våldsbrott;Jönköping;2023;912,5
Våldsbrott;Jönköping;2024;925,8
Våldsbrott;Jönköping;2025;882,3
Våldsbrott;Helsingborg;2008;1452,4
Våldsbrott;Helsingborg;2009;1424,9
Våldsbrott;Helsingborg;2010;1460
Våldsbrott;Helsingborg;2011;1588,5
Våldsbrott;Helsingborg;2012;1426,4
Våldsbrott;Helsingborg;2013;1431,7
Våldsbrott;Helsingborg;2014;1648,4
Våldsbrott;Helsingborg;2015;1542,3
Våldsbrott;Helsingborg;2016;1617,3
Våldsbrott;Helsingborg;2017;1543,6
Våldsbrott;Helsingborg;2018;1482
Våldsbrott;Helsingborg;2019;1443,1
Våldsbrott;Helsingborg;2020;1387,8
Våldsbrott;Helsingborg;2021;1393,5
Våldsbrott;Helsingborg;2022;1342,5
Våldsbrott;Helsingborg;2023;1431,1
Våldsbrott;Helsingborg;2024;1334,9
Våldsbrott;Helsingborg;2025;1459,7
Våldsbrott;Umeå;2008;981,1
Våldsbrott;Umeå;2009;1044,9
Våldsbrott;Umeå;2010;1084,2
Våldsbrott;Umeå;2011;1055,3
Våldsbrott;Umeå;2012;893,5
Våldsbrott;Umeå;2013;783,3
Våldsbrott;Umeå;2014;847,7
Våldsbrott;Umeå;2015;780,8
Våldsbrott;Umeå;2016;830
Våldsbrott;Umeå;2017;830,7
Våldsbrott;Umeå;2018;781,9
Våldsbrott;Umeå;2019;778,9
Våldsbrott;Umeå;2020;742,5
Våldsbrott;Umeå;2021;738,8
Våldsbrott;Umeå;2022;730,2
Våldsbrott;Umeå;2023;798,3
Våldsbrott;Umeå;2024;837,9
Våldsbrott;Umeå;2025;794
Våldsbrott;Hela Sverige;2008;1174
Våldsbrott;Hela Sverige;2009;1198,8
Våldsbrott;Hela Sverige;2010;1204,2
Våldsbrott;Hela Sverige;2011;1230,4
Våldsbrott;Hela Sverige;2012;1186,5
Våldsbrott;Hela Sverige;2013;1082,9
Våldsbrott;Hela Sverige;2014;1107,7
Våldsbrott;Hela Sverige;2015;1103,6
Våldsbrott;Hela Sverige;2016;1137,1
Våldsbrott;Hela Sverige;2017;1081
Våldsbrott;Hela Sverige;2018;1063,2
Våldsbrott;Hela Sverige;2019;1074,1
Våldsbrott;Hela Sverige;2020;1051,9
Våldsbrott;Hela Sverige;2021;1020,4
Våldsbrott;Hela Sverige;2022;1022,9
Våldsbrott;Hela Sverige;2023;1038,9
Våldsbrott;Hela Sverige;2024;1049,9
Våldsbrott;Hela Sverige;2025;1066,8
Våldsbrott;Örebro län;1998;748,4
Våldsbrott;Örebro län;1999;856
Våldsbrott;Örebro län;2000;774,4
Våldsbrott;Örebro län;2001;822,3
Våldsbrott;Örebro län;2002;866,8
Våldsbrott;Örebro län;2003;895,8
Våldsbrott;Örebro län;2004;981,3
Våldsbrott;Örebro län;2005;1004,3
Våldsbrott;Örebro län;2006;1050,8
Våldsbrott;Örebro län;2007;1110,2
Våldsbrott;Örebro län;2008;1198,3
Våldsbrott;Örebro län;2009;1182,9
Våldsbrott;Örebro län;2010;1212,3
Våldsbrott;Örebro län;2011;1210
Våldsbrott;Örebro län;2012;1276,5
Våldsbrott;Örebro län;2013;1095,1
Våldsbrott;Örebro län;2014;1175,1
Våldsbrott;Örebro län;2015;1056,4
Våldsbrott;Örebro län;2016;1131,1
Våldsbrott;Örebro län;2017;1045
Våldsbrott;Örebro län;2018;955,2
Våldsbrott;Örebro län;2019;1006,5
Våldsbrott;Örebro län;2020;1066,4
Våldsbrott;Örebro län;2021;1074,4
Våldsbrott;Örebro län;2022;1078,5
Våldsbrott;Örebro län;2023;1091,1
Våldsbrott;Örebro län;2024;1069,3
Våldsbrott;Örebro län;2025;1051,3
Hot och ofredande;Örebro;2008;1462,1
Hot och ofredande;Örebro;2009;1344,7
Hot och ofredande;Örebro;2010;1376,1
Hot och ofredande;Örebro;2011;1278,4
Hot och ofredande;Örebro;2012;1474,6
Hot och ofredande;Örebro;2013;1190,6
Hot och ofredande;Örebro;2014;1231,3
Hot och ofredande;Örebro;2015;1203,2
Hot och ofredande;Örebro;2016;1430,1
Hot och ofredande;Örebro;2017;1109,2
Hot och ofredande;Örebro;2018;974,8
Hot och ofredande;Örebro;2019;1039,8
Hot och ofredande;Örebro;2020;1153,6
Hot och ofredande;Örebro;2021;1175,6
Hot och ofredande;Örebro;2022;1149,7
Hot och ofredande;Örebro;2023;1273,5
Hot och ofredande;Örebro;2024;1258,9
Hot och ofredande;Örebro;2025;1321
Hot och ofredande;Uppsala;2008;1061
Hot och ofredande;Uppsala;2009;1054,7
Hot och ofredande;Uppsala;2010;955,1
Hot och ofredande;Uppsala;2011;982
Hot och ofredande;Uppsala;2012;948,6
Hot och ofredande;Uppsala;2013;908,4
Hot och ofredande;Uppsala;2014;1226,4
Hot och ofredande;Uppsala;2015;875,2
Hot och ofredande;Uppsala;2016;995,1
Hot och ofredande;Uppsala;2017;1082,7
Hot och ofredande;Uppsala;2018;1082,8
Hot och ofredande;Uppsala;2019;1168,3
Hot och ofredande;Uppsala;2020;1173
Hot och ofredande;Uppsala;2021;1153,5
Hot och ofredande;Uppsala;2022;968,4
Hot och ofredande;Uppsala;2023;1179,6
Hot och ofredande;Uppsala;2024;1233,6
Hot och ofredande;Uppsala;2025;1202,2
Hot och ofredande;Linköping;2008;958,7
Hot och ofredande;Linköping;2009;989,7
Hot och ofredande;Linköping;2010;889,9
Hot och ofredande;Linköping;2011;853,2
Hot och ofredande;Linköping;2012;925,1
Hot och ofredande;Linköping;2013;835,5
Hot och ofredande;Linköping;2014;807,9
Hot och ofredande;Linköping;2015;804,1
Hot och ofredande;Linköping;2016;869,6
Hot och ofredande;Linköping;2017;939,3
Hot och ofredande;Linköping;2018;973,1
Hot och ofredande;Linköping;2019;951,8
Hot och ofredande;Linköping;2020;972,3
Hot och ofredande;Linköping;2021;967,5
Hot och ofredande;Linköping;2022;1053
Hot och ofredande;Linköping;2023;1347
Hot och ofredande;Linköping;2024;1467,9
Hot och ofredande;Linköping;2025;1192
Hot och ofredande;Västerås;2008;1484,2
Hot och ofredande;Västerås;2009;1444,8
Hot och ofredande;Västerås;2010;1271,1
Hot och ofredande;Västerås;2011;1340,9
Hot och ofredande;Västerås;2012;1261,2
Hot och ofredande;Västerås;2013;1326,9
Hot och ofredande;Västerås;2014;1276,9
Hot och ofredande;Västerås;2015;1350,4
Hot och ofredande;Västerås;2016;1297
Hot och ofredande;Västerås;2017;1544
Hot och ofredande;Västerås;2018;1357,2
Hot och ofredande;Västerås;2019;1282,1
Hot och ofredande;Västerås;2020;1301,7
Hot och ofredande;Västerås;2021;1306,1
Hot och ofredande;Västerås;2022;1095,4
Hot och ofredande;Västerås;2023;1522,4
Hot och ofredande;Västerås;2024;1437,4
Hot och ofredande;Västerås;2025;1483,8
Hot och ofredande;Norrköping;2008;1168,2
Hot och ofredande;Norrköping;2009;1097,8
Hot och ofredande;Norrköping;2010;1146,5
Hot och ofredande;Norrköping;2011;1289,2
Hot och ofredande;Norrköping;2012;1088,4
Hot och ofredande;Norrköping;2013;1087,1
Hot och ofredande;Norrköping;2014;1076,3
Hot och ofredande;Norrköping;2015;1091
Hot och ofredande;Norrköping;2016;1097,1
Hot och ofredande;Norrköping;2017;1197,8
Hot och ofredande;Norrköping;2018;1245,1
Hot och ofredande;Norrköping;2019;1223
Hot och ofredande;Norrköping;2020;1244
Hot och ofredande;Norrköping;2021;1241,9
Hot och ofredande;Norrköping;2022;1683,1
Hot och ofredande;Norrköping;2023;1952,6
Hot och ofredande;Norrköping;2024;1900,4
Hot och ofredande;Norrköping;2025;1804,2
Hot och ofredande;Jönköping;2008;987,6
Hot och ofredande;Jönköping;2009;1055,2
Hot och ofredande;Jönköping;2010;1010,3
Hot och ofredande;Jönköping;2011;1073,2
Hot och ofredande;Jönköping;2012;1045,7
Hot och ofredande;Jönköping;2013;1167,4
Hot och ofredande;Jönköping;2014;1351,6
Hot och ofredande;Jönköping;2015;1206,2
Hot och ofredande;Jönköping;2016;1210,7
Hot och ofredande;Jönköping;2017;1110
Hot och ofredande;Jönköping;2018;938,1
Hot och ofredande;Jönköping;2019;839,9
Hot och ofredande;Jönköping;2020;871,2
Hot och ofredande;Jönköping;2021;984,6
Hot och ofredande;Jönköping;2022;1202
Hot och ofredande;Jönköping;2023;1402,8
Hot och ofredande;Jönköping;2024;1490,7
Hot och ofredande;Jönköping;2025;1375,9
Hot och ofredande;Helsingborg;2008;1432,7
Hot och ofredande;Helsingborg;2009;1370,4
Hot och ofredande;Helsingborg;2010;1351,6
Hot och ofredande;Helsingborg;2011;1920,8
Hot och ofredande;Helsingborg;2012;1566,5
Hot och ofredande;Helsingborg;2013;1537
Hot och ofredande;Helsingborg;2014;1806,5
Hot och ofredande;Helsingborg;2015;1606,1
Hot och ofredande;Helsingborg;2016;1716,9
Hot och ofredande;Helsingborg;2017;1553,3
Hot och ofredande;Helsingborg;2018;1424,2
Hot och ofredande;Helsingborg;2019;1378,2
Hot och ofredande;Helsingborg;2020;1533,3
Hot och ofredande;Helsingborg;2021;1481
Hot och ofredande;Helsingborg;2022;1677,9
Hot och ofredande;Helsingborg;2023;1753,3
Hot och ofredande;Helsingborg;2024;2143,7
Hot och ofredande;Helsingborg;2025;2158,3
Hot och ofredande;Umeå;2008;801,9
Hot och ofredande;Umeå;2009;869,6
Hot och ofredande;Umeå;2010;923,2
Hot och ofredande;Umeå;2011;870,6
Hot och ofredande;Umeå;2012;843,2
Hot och ofredande;Umeå;2013;849,2
Hot och ofredande;Umeå;2014;865,3
Hot och ofredande;Umeå;2015;903,3
Hot och ofredande;Umeå;2016;941,5
Hot och ofredande;Umeå;2017;1156,9
Hot och ofredande;Umeå;2018;1185,5
Hot och ofredande;Umeå;2019;1169,1
Hot och ofredande;Umeå;2020;1149,3
Hot och ofredande;Umeå;2021;1071,1
Hot och ofredande;Umeå;2022;1113,1
Hot och ofredande;Umeå;2023;1056,8
Hot och ofredande;Umeå;2024;1203,7
Hot och ofredande;Umeå;2025;1192,5
Hot och ofredande;Hela Sverige;2008;1202,7
Hot och ofredande;Hela Sverige;2009;1250,1
Hot och ofredande;Hela Sverige;2010;1258,6
Hot och ofredande;Hela Sverige;2011;1301,7
Hot och ofredande;Hela Sverige;2012;1374,9
Hot och ofredande;Hela Sverige;2013;1370,3
Hot och ofredande;Hela Sverige;2014;1396,3
Hot och ofredande;Hela Sverige;2015;1374,7
Hot och ofredande;Hela Sverige;2016;1481,2
Hot och ofredande;Hela Sverige;2017;1595,4
Hot och ofredande;Hela Sverige;2018;1615
Hot och ofredande;Hela Sverige;2019;1596
Hot och ofredande;Hela Sverige;2020;1642,6
Hot och ofredande;Hela Sverige;2021;1668,6
Hot och ofredande;Hela Sverige;2022;1531,3
Hot och ofredande;Hela Sverige;2023;1585,1
Hot och ofredande;Hela Sverige;2024;1678,1
Hot och ofredande;Hela Sverige;2025;1688,1
Sexualbrott;Örebro;2008;182,2
Sexualbrott;Örebro;2009;180,6
Sexualbrott;Örebro;2010;188,2
Sexualbrott;Örebro;2011;207,1
Sexualbrott;Örebro;2012;172,7
Sexualbrott;Örebro;2013;155,1
Sexualbrott;Örebro;2014;176,7
Sexualbrott;Örebro;2015;142,2
Sexualbrott;Örebro;2016;225,7
Sexualbrott;Örebro;2017;206,9
Sexualbrott;Örebro;2018;163,7
Sexualbrott;Örebro;2019;212
Sexualbrott;Örebro;2020;191,6
Sexualbrott;Örebro;2021;245,1
Sexualbrott;Örebro;2022;209,5
Sexualbrott;Örebro;2023;207,3
Sexualbrott;Örebro;2024;307,4
Sexualbrott;Örebro;2025;195,7
Sexualbrott;Uppsala;2008;166,3
Sexualbrott;Uppsala;2009;140,2
Sexualbrott;Uppsala;2010;134,5
Sexualbrott;Uppsala;2011;137
Sexualbrott;Uppsala;2012;117,5
Sexualbrott;Uppsala;2013;133
Sexualbrott;Uppsala;2014;162,5
Sexualbrott;Uppsala;2015;157,5
Sexualbrott;Uppsala;2016;191,6
Sexualbrott;Uppsala;2017;182,8
Sexualbrott;Uppsala;2018;192,3
Sexualbrott;Uppsala;2019;214,9
Sexualbrott;Uppsala;2020;204
Sexualbrott;Uppsala;2021;224
Sexualbrott;Uppsala;2022;159,7
Sexualbrott;Uppsala;2023;161,2
Sexualbrott;Uppsala;2024;172,3
Sexualbrott;Uppsala;2025;198,5
Sexualbrott;Linköping;2008;127,6
Sexualbrott;Linköping;2009;120,3
Sexualbrott;Linköping;2010;137,3
Sexualbrott;Linköping;2011;120,1
Sexualbrott;Linköping;2012;120,5
Sexualbrott;Linköping;2013;133,8
Sexualbrott;Linköping;2014;135
Sexualbrott;Linköping;2015;136,6
Sexualbrott;Linköping;2016;142,5
Sexualbrott;Linköping;2017;162,8
Sexualbrott;Linköping;2018;154
Sexualbrott;Linköping;2019;186,4
Sexualbrott;Linköping;2020;159,9
Sexualbrott;Linköping;2021;187,2
Sexualbrott;Linköping;2022;145,1
Sexualbrott;Linköping;2023;200
Sexualbrott;Linköping;2024;176,5
Sexualbrott;Linköping;2025;158
Sexualbrott;Västerås;2008;198,2
Sexualbrott;Västerås;2009;162,6
Sexualbrott;Västerås;2010;218,6
Sexualbrott;Västerås;2011;132,7
Sexualbrott;Västerås;2012;140,9
Sexualbrott;Västerås;2013;191,4
Sexualbrott;Västerås;2014;171,2
Sexualbrott;Västerås;2015;135
Sexualbrott;Västerås;2016;183,2
Sexualbrott;Västerås;2017;234,5
Sexualbrott;Västerås;2018;183,5
Sexualbrott;Västerås;2019;201,2
Sexualbrott;Västerås;2020;234,5
Sexualbrott;Västerås;2021;210
Sexualbrott;Västerås;2022;157,8
Sexualbrott;Västerås;2023;211,1
Sexualbrott;Västerås;2024;168,6
Sexualbrott;Västerås;2025;228,7
Sexualbrott;Norrköping;2008;182,7
Sexualbrott;Norrköping;2009;373,7
Sexualbrott;Norrköping;2010;200,7
Sexualbrott;Norrköping;2011;153,1
Sexualbrott;Norrköping;2012;206,6
Sexualbrott;Norrköping;2013;151
Sexualbrott;Norrköping;2014;263,9
Sexualbrott;Norrköping;2015;169,3
Sexualbrott;Norrköping;2016;177,2
Sexualbrott;Norrköping;2017;247,6
Sexualbrott;Norrköping;2018;220,9
Sexualbrott;Norrköping;2019;220,7
Sexualbrott;Norrköping;2020;159,1
Sexualbrott;Norrköping;2021;220,2
Sexualbrott;Norrköping;2022;247,3
Sexualbrott;Norrköping;2023;201,9
Sexualbrott;Norrköping;2024;215,8
Sexualbrott;Norrköping;2025;224,9
Sexualbrott;Jönköping;2008;136,6
Sexualbrott;Jönköping;2009;140,1
Sexualbrott;Jönköping;2010;121,7
Sexualbrott;Jönköping;2011;127,8
Sexualbrott;Jönköping;2012;117,4
Sexualbrott;Jönköping;2013;128,4
Sexualbrott;Jönköping;2014;130,9
Sexualbrott;Jönköping;2015;141
Sexualbrott;Jönköping;2016;212,9
Sexualbrott;Jönköping;2017;166,6
Sexualbrott;Jönköping;2018;142,9
Sexualbrott;Jönköping;2019;129,7
Sexualbrott;Jönköping;2020;127,7
Sexualbrott;Jönköping;2021;178,3
Sexualbrott;Jönköping;2022;141,3
Sexualbrott;Jönköping;2023;157,9
Sexualbrott;Jönköping;2024;161,3
Sexualbrott;Jönköping;2025;165,6
Sexualbrott;Helsingborg;2008;126,2
Sexualbrott;Helsingborg;2009;162
Sexualbrott;Helsingborg;2010;192,8
Sexualbrott;Helsingborg;2011;217,4
Sexualbrott;Helsingborg;2012;136,4
Sexualbrott;Helsingborg;2013;194,8
Sexualbrott;Helsingborg;2014;680,5
Sexualbrott;Helsingborg;2015;183,5
Sexualbrott;Helsingborg;2016;217,7
Sexualbrott;Helsingborg;2017;157,7
Sexualbrott;Helsingborg;2018;146,5
Sexualbrott;Helsingborg;2019;157,7
Sexualbrott;Helsingborg;2020;172,4
Sexualbrott;Helsingborg;2021;273,2
Sexualbrott;Helsingborg;2022;203,3
Sexualbrott;Helsingborg;2023;181,9
Sexualbrott;Helsingborg;2024;201,7
Sexualbrott;Helsingborg;2025;182,4
Sexualbrott;Umeå;2008;121,5
Sexualbrott;Umeå;2009;135,9
Sexualbrott;Umeå;2010;147,2
Sexualbrott;Umeå;2011;127,9
Sexualbrott;Umeå;2012;148,3
Sexualbrott;Umeå;2013;153,8
Sexualbrott;Umeå;2014;153,8
Sexualbrott;Umeå;2015;154,8
Sexualbrott;Umeå;2016;170,9
Sexualbrott;Umeå;2017;215,1
Sexualbrott;Umeå;2018;291,9
Sexualbrott;Umeå;2019;228,1
Sexualbrott;Umeå;2020;237,7
Sexualbrott;Umeå;2021;219
Sexualbrott;Umeå;2022;195,3
Sexualbrott;Umeå;2023;211,1
Sexualbrott;Umeå;2024;237,2
Sexualbrott;Umeå;2025;290,1
Sexualbrott;Hela Sverige;2008;155,6
Sexualbrott;Hela Sverige;2009;168,8
Sexualbrott;Hela Sverige;2010;183,1
Sexualbrott;Hela Sverige;2011;180,7
Sexualbrott;Hela Sverige;2012;177,8
Sexualbrott;Hela Sverige;2013;184,4
Sexualbrott;Hela Sverige;2014;209,6
Sexualbrott;Hela Sverige;2015;184,3
Sexualbrott;Hela Sverige;2016;204,4
Sexualbrott;Hela Sverige;2017;218,6
Sexualbrott;Hela Sverige;2018;220,9
Sexualbrott;Hela Sverige;2019;225,7
Sexualbrott;Hela Sverige;2020;241,8
Sexualbrott;Hela Sverige;2021;265,4
Sexualbrott;Hela Sverige;2022;235,1
Sexualbrott;Hela Sverige;2023;230,4
Sexualbrott;Hela Sverige;2024;244,8
Sexualbrott;Hela Sverige;2025;255,9
Personrån;Örebro;2009;82,8
Personrån;Örebro;2010;67,9
Personrån;Örebro;2011;64,9
Personrån;Örebro;2012;75,6
Personrån;Örebro;2013;66,1
Personrån;Örebro;2014;75
Personrån;Örebro;2015;80,4
Personrån;Örebro;2016;71,6
Personrån;Örebro;2017;73,2
Personrån;Örebro;2018;72,4
Personrån;Örebro;2019;75,1
Personrån;Örebro;2020;110,9
Personrån;Örebro;2021;95,1
Personrån;Örebro;2022;72,4
Personrån;Örebro;2023;57,3
Personrån;Örebro;2024;58,8
Personrån;Örebro;2025;29,9
Personrån;Uppsala;2008;57,2
Personrån;Uppsala;2009;70,3
Personrån;Uppsala;2010;77,9
Personrån;Uppsala;2011;61,5
Personrån;Uppsala;2013;62,9
Personrån;Uppsala;2014;43,9
Personrån;Uppsala;2015;52,3
Personrån;Uppsala;2016;56,9
Personrån;Uppsala;2017;59,6
Personrån;Uppsala;2018;56,4
Personrån;Uppsala;2019;61,1
Personrån;Uppsala;2020;61,1
Personrån;Uppsala;2021;49,6
Personrån;Uppsala;2022;46,3
Personrån;Uppsala;2023;41,8
Personrån;Uppsala;2024;38,9
Personrån;Uppsala;2025;34,2
Personrån;Linköping;2008;47,9
Personrån;Linköping;2009;40,1
Personrån;Linköping;2010;32,8
Personrån;Linköping;2012;41,1
Personrån;Linköping;2016;35,9
Personrån;Linköping;2017;39,7
Personrån;Linköping;2018;54,6
Personrån;Linköping;2019;61,3
Personrån;Linköping;2020;96,4
Personrån;Linköping;2021;58,2
Personrån;Linköping;2022;37,9
Personrån;Linköping;2023;28,7
Personrån;Linköping;2024;32,2
Personrån;Linköping;2025;22,6
Personrån;Västerås;2008;67,6
Personrån;Västerås;2009;107,4
Personrån;Västerås;2010;111,5
Personrån;Västerås;2011;81,5
Personrån;Västerås;2014;66,1
Personrån;Västerås;2015;57,2
Personrån;Västerås;2016;62,4
Personrån;Västerås;2017;74,6
Personrån;Västerås;2018;78,2
Personrån;Västerås;2019;108,4
Personrån;Västerås;2020;76,2
Personrån;Västerås;2021;78,1
Personrån;Västerås;2022;77,3
Personrån;Västerås;2023;82,3
Personrån;Västerås;2024;47,5
Personrån;Västerås;2025;36
Personrån;Norrköping;2008;61,7
Personrån;Norrköping;2010;62,3
Personrån;Norrköping;2012;76,4
Personrån;Norrköping;2016;61,7
Personrån;Norrköping;2017;61
Personrån;Norrköping;2018;57,2
Personrån;Norrköping;2019;52,4
Personrån;Norrköping;2020;76,1
Personrån;Norrköping;2021;63,9
Personrån;Norrköping;2022;78,7
Personrån;Norrköping;2023;84,1
Personrån;Norrköping;2024;51,7
Personrån;Norrköping;2025;45,5
Personrån;Jönköping;2009;35,6
Personrån;Jönköping;2012;40,9
Personrån;Jönköping;2013;28,3
Personrån;Jönköping;2015;22,5
Personrån;Jönköping;2017;33,5
Personrån;Jönköping;2018;25,1
Personrån;Jönköping;2019;35,4
Personrån;Jönköping;2020;34,6
Personrån;Jönköping;2021;27,3
Personrån;Jönköping;2022;38,1
Personrån;Jönköping;2023;38,5
Personrån;Jönköping;2024;30,6
Personrån;Jönköping;2025;24,3
Personrån;Helsingborg;2008;113,6
Personrån;Helsingborg;2009;116,1
Personrån;Helsingborg;2010;160,2
Personrån;Helsingborg;2011;203,6
Personrån;Helsingborg;2012;134,8
Personrån;Helsingborg;2013;131,6
Personrån;Helsingborg;2014;155,2
Personrån;Helsingborg;2015;126,9
Personrån;Helsingborg;2016;131,6
Personrån;Helsingborg;2017;115,1
Personrån;Helsingborg;2018;169,2
Personrån;Helsingborg;2019;134
Personrån;Helsingborg;2020;121,2
Personrån;Helsingborg;2021;141
Personrån;Helsingborg;2022;104,3
Personrån;Helsingborg;2023;97,3
Personrån;Helsingborg;2024;96,2
Personrån;Helsingborg;2025;77,4
Personrån;Umeå;2008;15,1
Personrån;Umeå;2012;13,6
Personrån;Umeå;2014;18,4
Personrån;Umeå;2016;17,9
Personrån;Umeå;2017;24,8
Personrån;Umeå;2018;16,5
Personrån;Umeå;2019;13,2
Personrån;Umeå;2020;23,9
Personrån;Umeå;2021;19,1
Personrån;Umeå;2022;16
Personrån;Umeå;2023;12,1
Personrån;Umeå;2024;15
Personrån;Umeå;2025;9,6
Personrån;Hela Sverige;2008;67,4
Personrån;Hela Sverige;2009;72,4
Personrån;Hela Sverige;2010;71,3
Personrån;Hela Sverige;2011;77,4
Personrån;Hela Sverige;2012;72,4
Personrån;Hela Sverige;2013;62,4
Personrån;Hela Sverige;2014;62,2
Personrån;Hela Sverige;2015;60,9
Personrån;Hela Sverige;2016;59,9
Personrån;Hela Sverige;2017;61,6
Personrån;Hela Sverige;2018;67,7
Personrån;Hela Sverige;2019;75,3
Personrån;Hela Sverige;2020;71,2
Personrån;Hela Sverige;2021;59,8
Personrån;Hela Sverige;2022;52,5
Personrån;Hela Sverige;2023;51,1
Personrån;Hela Sverige;2024;38,5
Personrån;Hela Sverige;2025;29,8
Bostadsinbrott;Örebro;2008;309,2
Bostadsinbrott;Örebro;2009;350
Bostadsinbrott;Örebro;2010;334,4
Bostadsinbrott;Örebro;2011;299
Bostadsinbrott;Örebro;2012;305,9
Bostadsinbrott;Örebro;2013;354,2
Bostadsinbrott;Örebro;2014;464,9
Bostadsinbrott;Örebro;2015;407,8
Bostadsinbrott;Örebro;2016;417,4
Bostadsinbrott;Örebro;2017;622,1
Bostadsinbrott;Örebro;2018;527,5
Bostadsinbrott;Örebro;2019;370,6
Bostadsinbrott;Örebro;2020;454,4
Bostadsinbrott;Örebro;2021;573,8
Bostadsinbrott;Örebro;2022;516,8
Bostadsinbrott;Örebro;2023;642,1
Bostadsinbrott;Örebro;2024;477,6
Bostadsinbrott;Örebro;2025;443,9
Bostadsinbrott;Uppsala;2008;233,9
Bostadsinbrott;Uppsala;2009;211
Bostadsinbrott;Uppsala;2010;159,8
Bostadsinbrott;Uppsala;2011;236,5
Bostadsinbrott;Uppsala;2012;176,2
Bostadsinbrott;Uppsala;2013;188,1
Bostadsinbrott;Uppsala;2014;175,1
Bostadsinbrott;Uppsala;2015;153,2
Bostadsinbrott;Uppsala;2016;294,6
Bostadsinbrott;Uppsala;2017;371,1
Bostadsinbrott;Uppsala;2018;356,6
Bostadsinbrott;Uppsala;2019;357,5
Bostadsinbrott;Uppsala;2020;545
Bostadsinbrott;Uppsala;2021;554,1
Bostadsinbrott;Uppsala;2022;492,8
Bostadsinbrott;Uppsala;2023;449,7
Bostadsinbrott;Uppsala;2024;352,3
Bostadsinbrott;Uppsala;2025;341,1
Bostadsinbrott;Linköping;2008;333,4
Bostadsinbrott;Linköping;2009;356,6
Bostadsinbrott;Linköping;2010;305,3
Bostadsinbrott;Linköping;2011;347,5
Bostadsinbrott;Linköping;2012;259,9
Bostadsinbrott;Linköping;2013;237,7
Bostadsinbrott;Linköping;2014;312,1
Bostadsinbrott;Linköping;2015;328,2
Bostadsinbrott;Linköping;2016;471,7
Bostadsinbrott;Linköping;2017;313,5
Bostadsinbrott;Linköping;2018;273,9
Bostadsinbrott;Linköping;2019;287,6
Bostadsinbrott;Linköping;2020;435,2
Bostadsinbrott;Linköping;2021;352,6
Bostadsinbrott;Linköping;2022;339
Bostadsinbrott;Linköping;2023;380,2
Bostadsinbrott;Linköping;2024;320,2
Bostadsinbrott;Linköping;2025;235,8
Bostadsinbrott;Västerås;2008;366,8
Bostadsinbrott;Västerås;2009;448,7
Bostadsinbrott;Västerås;2010;527,7
Bostadsinbrott;Västerås;2011;434,7
Bostadsinbrott;Västerås;2012;422,8
Bostadsinbrott;Västerås;2013;360,2
Bostadsinbrott;Västerås;2014;325,7
Bostadsinbrott;Västerås;2015;314,7
Bostadsinbrott;Västerås;2016;235,4
Bostadsinbrott;Västerås;2017;365,7
Bostadsinbrott;Västerås;2018;503
Bostadsinbrott;Västerås;2019;549,8
Bostadsinbrott;Västerås;2020;502,6
Bostadsinbrott;Västerås;2021;639,6
Bostadsinbrott;Västerås;2022;453,9
Bostadsinbrott;Västerås;2023;499,5
Bostadsinbrott;Västerås;2024;374
Bostadsinbrott;Västerås;2025;402,6
Bostadsinbrott;Norrköping;2008;367,8
Bostadsinbrott;Norrköping;2009;339,6
Bostadsinbrott;Norrköping;2010;346,8
Bostadsinbrott;Norrköping;2011;429,5
Bostadsinbrott;Norrköping;2012;355
Bostadsinbrott;Norrköping;2013;323,7
Bostadsinbrott;Norrköping;2014;370,3
Bostadsinbrott;Norrköping;2015;310,1
Bostadsinbrott;Norrköping;2016;322,9
Bostadsinbrott;Norrköping;2017;279,6
Bostadsinbrott;Norrköping;2018;276
Bostadsinbrott;Norrköping;2019;272,4
Bostadsinbrott;Norrköping;2020;458,4
Bostadsinbrott;Norrköping;2021;546
Bostadsinbrott;Norrköping;2022;607,1
Bostadsinbrott;Norrköping;2023;673,1
Bostadsinbrott;Norrköping;2024;557
Bostadsinbrott;Norrköping;2025;410,5
Bostadsinbrott;Jönköping;2008;314
Bostadsinbrott;Jönköping;2009;275,5
Bostadsinbrott;Jönköping;2010;350,1
Bostadsinbrott;Jönköping;2011;337,5
Bostadsinbrott;Jönköping;2012;351,4
Bostadsinbrott;Jönköping;2013;363,9
Bostadsinbrott;Jönköping;2014;431,4
Bostadsinbrott;Jönköping;2015;403,6
Bostadsinbrott;Jönköping;2016;309,7
Bostadsinbrott;Jönköping;2017;284,4
Bostadsinbrott;Jönköping;2018;331,1
Bostadsinbrott;Jönköping;2019;229,7
Bostadsinbrott;Jönköping;2020;251,8
Bostadsinbrott;Jönköping;2021;279,7
Bostadsinbrott;Jönköping;2022;270,2
Bostadsinbrott;Jönköping;2023;285
Bostadsinbrott;Jönköping;2024;253,9
Bostadsinbrott;Jönköping;2025;119
Bostadsinbrott;Helsingborg;2008;709,2
Bostadsinbrott;Helsingborg;2009;577,3
Bostadsinbrott;Helsingborg;2010;531,8
Bostadsinbrott;Helsingborg;2011;633,1
Bostadsinbrott;Helsingborg;2012;584
Bostadsinbrott;Helsingborg;2013;619,6
Bostadsinbrott;Helsingborg;2014;809,8
Bostadsinbrott;Helsingborg;2015;751,9
Bostadsinbrott;Helsingborg;2016;685,9
Bostadsinbrott;Helsingborg;2017;708,3
Bostadsinbrott;Helsingborg;2018;614,8
Bostadsinbrott;Helsingborg;2019;544,2
Bostadsinbrott;Helsingborg;2020;508,4
Bostadsinbrott;Helsingborg;2021;495,7
Bostadsinbrott;Helsingborg;2022;411,8
Bostadsinbrott;Helsingborg;2023;318,2
Bostadsinbrott;Helsingborg;2024;445,6
Bostadsinbrott;Helsingborg;2025;404,8
Bostadsinbrott;Umeå;2008;139,3
Bostadsinbrott;Umeå;2009;127,1
Bostadsinbrott;Umeå;2010;135,1
Bostadsinbrott;Umeå;2011;173,4
Bostadsinbrott;Umeå;2012;116,8
Bostadsinbrott;Umeå;2013;136
Bostadsinbrott;Umeå;2014;163
Bostadsinbrott;Umeå;2015;115,1
Bostadsinbrott;Umeå;2016;179
Bostadsinbrott;Umeå;2017;203,9
Bostadsinbrott;Umeå;2018;129
Bostadsinbrott;Umeå;2019;130,3
Bostadsinbrott;Umeå;2020;119,6
Bostadsinbrott;Umeå;2021;111
Bostadsinbrott;Umeå;2022;173,2
Bostadsinbrott;Umeå;2023;243,5
Bostadsinbrott;Umeå;2024;148,9
Bostadsinbrott;Umeå;2025;87,6
Bostadsinbrott;Hela Sverige;2008;410,8
Bostadsinbrott;Hela Sverige;2009;426,9
Bostadsinbrott;Hela Sverige;2010;432,5
Bostadsinbrott;Hela Sverige;2011;453,4
Bostadsinbrott;Hela Sverige;2012;415,5
Bostadsinbrott;Hela Sverige;2013;423,5
Bostadsinbrott;Hela Sverige;2014;436,6
Bostadsinbrott;Hela Sverige;2015;433,6
Bostadsinbrott;Hela Sverige;2016;425,5
Bostadsinbrott;Hela Sverige;2017;430,1
Bostadsinbrott;Hela Sverige;2018;361,9
Bostadsinbrott;Hela Sverige;2019;335,2
Bostadsinbrott;Hela Sverige;2020;378,1
Bostadsinbrott;Hela Sverige;2021;345,9
Bostadsinbrott;Hela Sverige;2022;327,7
Bostadsinbrott;Hela Sverige;2023;335,1
Bostadsinbrott;Hela Sverige;2024;314,1
Bostadsinbrott;Hela Sverige;2025;258,7
Bilbrott;Örebro;2008;1380,4
Bilbrott;Örebro;2009;1160,4
Bilbrott;Örebro;2010;941,2
Bilbrott;Örebro;2011;1066,9
Bilbrott;Örebro;2012;709,6
Bilbrott;Örebro;2013;619,5
Bilbrott;Örebro;2014;648,6
Bilbrott;Örebro;2015;592,9
Bilbrott;Örebro;2016;619,2
Bilbrott;Örebro;2017;511
Bilbrott;Örebro;2018;461
Bilbrott;Örebro;2019;475,9
Bilbrott;Örebro;2020;658,8
Bilbrott;Örebro;2021;679,7
Bilbrott;Örebro;2022;640,5
Bilbrott;Örebro;2023;654,7
Bilbrott;Örebro;2024;357,4
Bilbrott;Örebro;2025;270,6
Bilbrott;Uppsala;2008;478,3
Bilbrott;Uppsala;2009;477
Bilbrott;Uppsala;2010;373,1
Bilbrott;Uppsala;2011;409,5
Bilbrott;Uppsala;2012;402,2
Bilbrott;Uppsala;2013;243,2
Bilbrott;Uppsala;2014;256,1
Bilbrott;Uppsala;2015;356
Bilbrott;Uppsala;2016;353,3
Bilbrott;Uppsala;2017;334,7
Bilbrott;Uppsala;2018;253,1
Bilbrott;Uppsala;2019;286
Bilbrott;Uppsala;2020;280,2
Bilbrott;Uppsala;2021;299,1
Bilbrott;Uppsala;2022;309,8
Bilbrott;Uppsala;2023;244,5
Bilbrott;Uppsala;2024;213,6
Bilbrott;Uppsala;2025;165,9
Bilbrott;Linköping;2008;636,5
Bilbrott;Linköping;2009;512,8
Bilbrott;Linköping;2010;549,8
Bilbrott;Linköping;2011;433,7
Bilbrott;Linköping;2012;334,6
Bilbrott;Linköping;2013;277,6
Bilbrott;Linköping;2014;247,6
Bilbrott;Linköping;2015;271,3
Bilbrott;Linköping;2016;339,5
Bilbrott;Linköping;2017;314,8
Bilbrott;Linköping;2018;277,6
Bilbrott;Linköping;2019;242,9
Bilbrott;Linköping;2020;335,7
Bilbrott;Linköping;2021;362,3
Bilbrott;Linköping;2022;262,5
Bilbrott;Linköping;2023;296,9
Bilbrott;Linköping;2024;246,2
Bilbrott;Linköping;2025;270,8
Bilbrott;Västerås;2008;1418,1
Bilbrott;Västerås;2009;1382,3
Bilbrott;Västerås;2010;1172
Bilbrott;Västerås;2011;938,7
Bilbrott;Västerås;2012;700,4
Bilbrott;Västerås;2013;632,5
Bilbrott;Västerås;2014;669,4
Bilbrott;Västerås;2015;707,9
Bilbrott;Västerås;2016;533,8
Bilbrott;Västerås;2017;665,4
Bilbrott;Västerås;2018;741,7
Bilbrott;Västerås;2019;653
Bilbrott;Västerås;2020;684,8
Bilbrott;Västerås;2021;954,6
Bilbrott;Västerås;2022;578,1
Bilbrott;Västerås;2023;537,8
Bilbrott;Västerås;2024;481,4
Bilbrott;Västerås;2025;676
Bilbrott;Norrköping;2008;970,6
Bilbrott;Norrköping;2009;770,6
Bilbrott;Norrköping;2010;576,7
Bilbrott;Norrköping;2011;742,6
Bilbrott;Norrköping;2012;713
Bilbrott;Norrköping;2013;657,9
Bilbrott;Norrköping;2014;519,7
Bilbrott;Norrköping;2015;547,3
Bilbrott;Norrköping;2016;520,2
Bilbrott;Norrköping;2017;537,2
Bilbrott;Norrköping;2018;378,3
Bilbrott;Norrköping;2019;476,4
Bilbrott;Norrköping;2020;488,4
Bilbrott;Norrköping;2021;743,9
Bilbrott;Norrköping;2022;790,1
Bilbrott;Norrköping;2023;772,3
Bilbrott;Norrköping;2024;554,2
Bilbrott;Norrköping;2025;826,5
Bilbrott;Jönköping;2008;974
Bilbrott;Jönköping;2009;911,1
Bilbrott;Jönköping;2010;869,8
Bilbrott;Jönköping;2011;775,5
Bilbrott;Jönköping;2012;506,6
Bilbrott;Jönköping;2013;458
Bilbrott;Jönköping;2014;595,6
Bilbrott;Jönköping;2015;604,6
Bilbrott;Jönköping;2016;646
Bilbrott;Jönköping;2017;668,5
Bilbrott;Jönköping;2018;471,2
Bilbrott;Jönköping;2019;392,7
Bilbrott;Jönköping;2020;428,2
Bilbrott;Jönköping;2021;487,4
Bilbrott;Jönköping;2022;320,8
Bilbrott;Jönköping;2023;337,8
Bilbrott;Jönköping;2024;330,8
Bilbrott;Jönköping;2025;152,1
Bilbrott;Helsingborg;2008;2110,4
Bilbrott;Helsingborg;2009;1715,5
Bilbrott;Helsingborg;2010;1533,6
Bilbrott;Helsingborg;2011;1381
Bilbrott;Helsingborg;2012;981
Bilbrott;Helsingborg;2013;988,8
Bilbrott;Helsingborg;2014;1190,3
Bilbrott;Helsingborg;2015;952,8
Bilbrott;Helsingborg;2016;975,5
Bilbrott;Helsingborg;2017;997,9
Bilbrott;Helsingborg;2018;948,3
Bilbrott;Helsingborg;2019;869,1
Bilbrott;Helsingborg;2020;843,1
Bilbrott;Helsingborg;2021;987,3
Bilbrott;Helsingborg;2022;1058,8
Bilbrott;Helsingborg;2023;1014,9
Bilbrott;Helsingborg;2024;779,8
Bilbrott;Helsingborg;2025;457,9
Bilbrott;Umeå;2008;493,2
Bilbrott;Umeå;2009;391,8
Bilbrott;Umeå;2010;358,5
Bilbrott;Umeå;2011;314,3
Bilbrott;Umeå;2012;290,7
Bilbrott;Umeå;2013;245
Bilbrott;Umeå;2014;251,6
Bilbrott;Umeå;2015;235,1
Bilbrott;Umeå;2016;206,7
Bilbrott;Umeå;2017;429,3
Bilbrott;Umeå;2018;332,8
Bilbrott;Umeå;2019;233,5
Bilbrott;Umeå;2020;153,6
Bilbrott;Umeå;2021;228,9
Bilbrott;Umeå;2022;205,9
Bilbrott;Umeå;2023;192,2
Bilbrott;Umeå;2024;138,4
Bilbrott;Umeå;2025;114,3
Bilbrott;Hela Sverige;2008;1169,9
Bilbrott;Hela Sverige;2009;1046,4
Bilbrott;Hela Sverige;2010;960,6
Bilbrott;Hela Sverige;2011;918,7
Bilbrott;Hela Sverige;2012;824,2
Bilbrott;Hela Sverige;2013;702,3
Bilbrott;Hela Sverige;2014;688,8
Bilbrott;Hela Sverige;2015;687,5
Bilbrott;Hela Sverige;2016;640,3
Bilbrott;Hela Sverige;2017;635,3
Bilbrott;Hela Sverige;2018;565,1
Bilbrott;Hela Sverige;2019;536,1
Bilbrott;Hela Sverige;2020;576
Bilbrott;Hela Sverige;2021;588,5
Bilbrott;Hela Sverige;2022;558,3
Bilbrott;Hela Sverige;2023;516,3
Bilbrott;Hela Sverige;2024;390,7
Bilbrott;Hela Sverige;2025;322,9
Narkotikabrott;Örebro;2008;1194,5
Narkotikabrott;Örebro;2009;1100,7
Narkotikabrott;Örebro;2010;1333,2
Narkotikabrott;Örebro;2011;1255,8
Narkotikabrott;Örebro;2012;1109
Narkotikabrott;Örebro;2013;1401,9
Narkotikabrott;Örebro;2014;1181,5
Narkotikabrott;Örebro;2015;1081,8
Narkotikabrott;Örebro;2016;1147,8
Narkotikabrott;Örebro;2017;1312,8
Narkotikabrott;Örebro;2018;1385,6
Narkotikabrott;Örebro;2019;1522,2
Narkotikabrott;Örebro;2020;1779
Narkotikabrott;Örebro;2021;1876,4
Narkotikabrott;Örebro;2022;1522,3
Narkotikabrott;Örebro;2023;1611,2
Narkotikabrott;Örebro;2024;1741,5
Narkotikabrott;Örebro;2025;1935
Narkotikabrott;Uppsala;2008;1195,8
Narkotikabrott;Uppsala;2009;1121,4
Narkotikabrott;Uppsala;2010;1221,5
Narkotikabrott;Uppsala;2011;879,5
Narkotikabrott;Uppsala;2012;810,9
Narkotikabrott;Uppsala;2013;985,9
Narkotikabrott;Uppsala;2014;1120,3
Narkotikabrott;Uppsala;2015;1071,3
Narkotikabrott;Uppsala;2016;845
Narkotikabrott;Uppsala;2017;950,4
Narkotikabrott;Uppsala;2018;854,5
Narkotikabrott;Uppsala;2019;877,9
Narkotikabrott;Uppsala;2020;1102
Narkotikabrott;Uppsala;2021;1090,7
Narkotikabrott;Uppsala;2022;1121,5
Narkotikabrott;Uppsala;2023;991,7
Narkotikabrott;Uppsala;2024;1063,8
Narkotikabrott;Uppsala;2025;1201,4
Narkotikabrott;Linköping;2008;841,7
Narkotikabrott;Linköping;2009;812,1
Narkotikabrott;Linköping;2010;818,9
Narkotikabrott;Linköping;2011;816,5
Narkotikabrott;Linköping;2012;1061,1
Narkotikabrott;Linköping;2013;1169,8
Narkotikabrott;Linköping;2014;872,4
Narkotikabrott;Linköping;2015;770,8
Narkotikabrott;Linköping;2016;734,8
Narkotikabrott;Linköping;2017;1012,5
Narkotikabrott;Linköping;2018;1304,7
Narkotikabrott;Linköping;2019;1115,6
Narkotikabrott;Linköping;2020;1152,4
Narkotikabrott;Linköping;2021;1192,2
Narkotikabrott;Linköping;2022;1209,5
Narkotikabrott;Linköping;2023;1255,4
Narkotikabrott;Linköping;2024;1283,1
Narkotikabrott;Linköping;2025;1076,8
Narkotikabrott;Västerås;2008;1860,7
Narkotikabrott;Västerås;2009;1050,5
Narkotikabrott;Västerås;2010;1025,5
Narkotikabrott;Västerås;2011;989,8
Narkotikabrott;Västerås;2012;831,3
Narkotikabrott;Västerås;2013;963,9
Narkotikabrott;Västerås;2014;956,8
Narkotikabrott;Västerås;2015;834,6
Narkotikabrott;Västerås;2016;720,4
Narkotikabrott;Västerås;2017;1043,7
Narkotikabrott;Västerås;2018;958,7
Narkotikabrott;Västerås;2019;1069,8
Narkotikabrott;Västerås;2020;1082,7
Narkotikabrott;Västerås;2021;1469,3
Narkotikabrott;Västerås;2022;1511,9
Narkotikabrott;Västerås;2023;1499,8
Narkotikabrott;Västerås;2024;1669,7
Narkotikabrott;Västerås;2025;2002
Narkotikabrott;Norrköping;2008;1509,4
Narkotikabrott;Norrköping;2009;1404,2
Narkotikabrott;Norrköping;2010;1410,2
Narkotikabrott;Norrköping;2011;1137,6
Narkotikabrott;Norrköping;2012;1080
Narkotikabrott;Norrköping;2013;1579,8
Narkotikabrott;Norrköping;2014;1476,9
Narkotikabrott;Norrköping;2015;1490,9
Narkotikabrott;Norrköping;2016;1460,2
Narkotikabrott;Norrköping;2017;1410,7
Narkotikabrott;Norrköping;2018;1240,9
Narkotikabrott;Norrköping;2019;1051,2
Narkotikabrott;Norrköping;2020;1225,2
Narkotikabrott;Norrköping;2021;1014,1
Narkotikabrott;Norrköping;2022;1045
Narkotikabrott;Norrköping;2023;1004,5
Narkotikabrott;Norrköping;2024;942,3
Narkotikabrott;Norrköping;2025;843,8
Narkotikabrott;Jönköping;2008;459,4
Narkotikabrott;Jönköping;2009;566,8
Narkotikabrott;Jönköping;2010;560,5
Narkotikabrott;Jönköping;2011;703
Narkotikabrott;Jönköping;2012;713,6
Narkotikabrott;Jönköping;2013;886,9
Narkotikabrott;Jönköping;2014;818,8
Narkotikabrott;Jönköping;2015;626,4
Narkotikabrott;Jönköping;2016;929,1
Narkotikabrott;Jönköping;2017;873,6
Narkotikabrott;Jönköping;2018;825,3
Narkotikabrott;Jönköping;2019;824,3
Narkotikabrott;Jönköping;2020;883,9
Narkotikabrott;Jönköping;2021;795,1
Narkotikabrott;Jönköping;2022;798,1
Narkotikabrott;Jönköping;2023;806,8
Narkotikabrott;Jönköping;2024;907,4
Narkotikabrott;Jönköping;2025;975
Narkotikabrott;Helsingborg;2008;1053,2
Narkotikabrott;Helsingborg;2009;1412,4
Narkotikabrott;Helsingborg;2010;1340,8
Narkotikabrott;Helsingborg;2011;1498,2
Narkotikabrott;Helsingborg;2012;1575,6
Narkotikabrott;Helsingborg;2013;1168,5
Narkotikabrott;Helsingborg;2014;1084,6
Narkotikabrott;Helsingborg;2015;715,7
Narkotikabrott;Helsingborg;2016;636,1
Narkotikabrott;Helsingborg;2017;758,5
Narkotikabrott;Helsingborg;2018;1745,3
Narkotikabrott;Helsingborg;2019;835,3
Narkotikabrott;Helsingborg;2020;1077,4
Narkotikabrott;Helsingborg;2021;1145,7
Narkotikabrott;Helsingborg;2022;1361,7
Narkotikabrott;Helsingborg;2023;1189
Narkotikabrott;Helsingborg;2024;1169,4
Narkotikabrott;Helsingborg;2025;1382,9
Narkotikabrott;Umeå;2008;909,3
Narkotikabrott;Umeå;2009;906,4
Narkotikabrott;Umeå;2010;1176
Narkotikabrott;Umeå;2011;945,3
Narkotikabrott;Umeå;2012;985,6
Narkotikabrott;Umeå;2013;1326,6
Narkotikabrott;Umeå;2014;1458
Narkotikabrott;Umeå;2015;1367
Narkotikabrott;Umeå;2016;1410,2
Narkotikabrott;Umeå;2017;1311,2
Narkotikabrott;Umeå;2018;1195,7
Narkotikabrott;Umeå;2019;977,5
Narkotikabrott;Umeå;2020;1445,6
Narkotikabrott;Umeå;2021;1163,8
Narkotikabrott;Umeå;2022;1100,9
Narkotikabrott;Umeå;2023;1256,6
Narkotikabrott;Umeå;2024;1312,9
Narkotikabrott;Umeå;2025;1398
Narkotikabrott;Hela Sverige;2008;848,1
Narkotikabrott;Hela Sverige;2009;863,1
Narkotikabrott;Hela Sverige;2010;937,2
Narkotikabrott;Hela Sverige;2011;946,5
Narkotikabrott;Hela Sverige;2012;993,8
Narkotikabrott;Hela Sverige;2013;1001,8
Narkotikabrott;Hela Sverige;2014;983,1
Narkotikabrott;Hela Sverige;2015;959,6
Narkotikabrott;Hela Sverige;2016;915,9
Narkotikabrott;Hela Sverige;2017;998,7
Narkotikabrott;Hela Sverige;2018;1046,9
Narkotikabrott;Hela Sverige;2019;1100
Narkotikabrott;Hela Sverige;2020;1198,1
Narkotikabrott;Hela Sverige;2021;1133,9
Narkotikabrott;Hela Sverige;2022;1082,1
Narkotikabrott;Hela Sverige;2023;1065,8
Narkotikabrott;Hela Sverige;2024;1232,7
Narkotikabrott;Hela Sverige;2025;1181
Trafikbrott;Örebro;2008;780,2
Trafikbrott;Örebro;2009;706,7
Trafikbrott;Örebro;2010;695,4
Trafikbrott;Örebro;2011;770,1
Trafikbrott;Örebro;2012;567,1
Trafikbrott;Örebro;2013;673,5
Trafikbrott;Örebro;2014;605,1
Trafikbrott;Örebro;2015;694,2
Trafikbrott;Örebro;2016;714,7
Trafikbrott;Örebro;2017;756,5
Trafikbrott;Örebro;2018;759,6
Trafikbrott;Örebro;2019;737,3
Trafikbrott;Örebro;2020;779,3
Trafikbrott;Örebro;2021;709,7
Trafikbrott;Örebro;2022;631
Trafikbrott;Örebro;2023;573,4
Trafikbrott;Örebro;2024;504,6
Trafikbrott;Örebro;2025;521,8
Trafikbrott;Uppsala;2008;619,9
Trafikbrott;Uppsala;2009;575,6
Trafikbrott;Uppsala;2010;598,1
Trafikbrott;Uppsala;2011;469,5
Trafikbrott;Uppsala;2012;463,4
Trafikbrott;Uppsala;2013;738,3
Trafikbrott;Uppsala;2014;722,4
Trafikbrott;Uppsala;2015;579,7
Trafikbrott;Uppsala;2016;549
Trafikbrott;Uppsala;2017;527
Trafikbrott;Uppsala;2018;556,9
Trafikbrott;Uppsala;2019;583,7
Trafikbrott;Uppsala;2020;564,3
Trafikbrott;Uppsala;2021;530,3
Trafikbrott;Uppsala;2022;508,6
Trafikbrott;Uppsala;2023;558
Trafikbrott;Uppsala;2024;510
Trafikbrott;Uppsala;2025;526,8
Trafikbrott;Linköping;2008;454,7
Trafikbrott;Linköping;2009;421,6
Trafikbrott;Linköping;2010;425,5
Trafikbrott;Linköping;2011;407,9
Trafikbrott;Linköping;2012;420,8
Trafikbrott;Linköping;2013;339,5
Trafikbrott;Linköping;2014;455,6
Trafikbrott;Linköping;2015;492,3
Trafikbrott;Linköping;2016;523
Trafikbrott;Linköping;2017;578,5
Trafikbrott;Linköping;2018;650,8
Trafikbrott;Linköping;2019;595,5
Trafikbrott;Linköping;2020;535,9
Trafikbrott;Linköping;2021;491,3
Trafikbrott;Linköping;2022;435,3
Trafikbrott;Linköping;2023;394,5
Trafikbrott;Linköping;2024;371,5
Trafikbrott;Linköping;2025;376,5
Trafikbrott;Västerås;2008;1023,9
Trafikbrott;Västerås;2009;861,4
Trafikbrott;Västerås;2010;795,9
Trafikbrott;Västerås;2011;757
Trafikbrott;Västerås;2012;581,5
Trafikbrott;Västerås;2013;693
Trafikbrott;Västerås;2014;723
Trafikbrott;Västerås;2015;687,2
Trafikbrott;Västerås;2016;628,8
Trafikbrott;Västerås;2017;774
Trafikbrott;Västerås;2018;649
Trafikbrott;Västerås;2019;705,6
Trafikbrott;Västerås;2020;683,5
Trafikbrott;Västerås;2021;747,8
Trafikbrott;Västerås;2022;739,8
Trafikbrott;Västerås;2023;673,5
Trafikbrott;Västerås;2024;680,6
Trafikbrott;Västerås;2025;695,3
Trafikbrott;Norrköping;2008;882,4
Trafikbrott;Norrköping;2009;964
Trafikbrott;Norrköping;2010;780,5
Trafikbrott;Norrköping;2011;764,8
Trafikbrott;Norrköping;2012;729,6
Trafikbrott;Norrköping;2013;838,9
Trafikbrott;Norrköping;2014;773,2
Trafikbrott;Norrköping;2015;785,2
Trafikbrott;Norrköping;2016;853,2
Trafikbrott;Norrköping;2017;823,1
Trafikbrott;Norrköping;2018;877,4
Trafikbrott;Norrköping;2019;729,2
Trafikbrott;Norrköping;2020;700,5
Trafikbrott;Norrköping;2021;621,7
Trafikbrott;Norrköping;2022;601,6
Trafikbrott;Norrköping;2023;591,1
Trafikbrott;Norrköping;2024;520,4
Trafikbrott;Norrköping;2025;465,7
Trafikbrott;Jönköping;2008;694,3
Trafikbrott;Jönköping;2009;702,1
Trafikbrott;Jönköping;2010;701
Trafikbrott;Jönköping;2011;697,6
Trafikbrott;Jönköping;2012;646,4
Trafikbrott;Jönköping;2013;668,2
Trafikbrott;Jönköping;2014;618,3
Trafikbrott;Jönköping;2015;726,1
Trafikbrott;Jönköping;2016;749,5
Trafikbrott;Jönköping;2017;786,3
Trafikbrott;Jönköping;2018;839,7
Trafikbrott;Jönköping;2019;858,4
Trafikbrott;Jönköping;2020;709
Trafikbrott;Jönköping;2021;614
Trafikbrott;Jönköping;2022;528,6
Trafikbrott;Jönköping;2023;576,8
Trafikbrott;Jönköping;2024;422
Trafikbrott;Jönköping;2025;692,3
Trafikbrott;Helsingborg;2008;1069
Trafikbrott;Helsingborg;2009;988,6
Trafikbrott;Helsingborg;2010;1007,1
Trafikbrott;Helsingborg;2011;1152,1
Trafikbrott;Helsingborg;2012;883,3
Trafikbrott;Helsingborg;2013;985
Trafikbrott;Helsingborg;2014;987,9
Trafikbrott;Helsingborg;2015;816,5
Trafikbrott;Helsingborg;2016;799,7
Trafikbrott;Helsingborg;2017;1429,8
Trafikbrott;Helsingborg;2018;1603
Trafikbrott;Helsingborg;2019;1070,2
Trafikbrott;Helsingborg;2020;1101
Trafikbrott;Helsingborg;2021;945,3
Trafikbrott;Helsingborg;2022;827,7
Trafikbrott;Helsingborg;2023;823,7
Trafikbrott;Helsingborg;2024;787,7
Trafikbrott;Helsingborg;2025;703,9
Trafikbrott;Umeå;2008;503,9
Trafikbrott;Umeå;2009;477,8
Trafikbrott;Umeå;2010;614,9
Trafikbrott;Umeå;2011;495,4
Trafikbrott;Umeå;2012;445
Trafikbrott;Umeå;2013;481,6
Trafikbrott;Umeå;2014;476,5
Trafikbrott;Umeå;2015;540,7
Trafikbrott;Umeå;2016;497,2
Trafikbrott;Umeå;2017;485,3
Trafikbrott;Umeå;2018;546,7
Trafikbrott;Umeå;2019;470,9
Trafikbrott;Umeå;2020;553,4
Trafikbrott;Umeå;2021;441
Trafikbrott;Umeå;2022;382,2
Trafikbrott;Umeå;2023;434,2
Trafikbrott;Umeå;2024;400,2
Trafikbrott;Umeå;2025;445,2
Trafikbrott;Hela Sverige;2008;893,5
Trafikbrott;Hela Sverige;2009;834,7
Trafikbrott;Hela Sverige;2010;822,6
Trafikbrott;Hela Sverige;2011;819,4
Trafikbrott;Hela Sverige;2012;754,9
Trafikbrott;Hela Sverige;2013;761,3
Trafikbrott;Hela Sverige;2014;854,3
Trafikbrott;Hela Sverige;2015;816,5
Trafikbrott;Hela Sverige;2016;799,2
Trafikbrott;Hela Sverige;2017;894
Trafikbrott;Hela Sverige;2018;906,6
Trafikbrott;Hela Sverige;2019;833,4
Trafikbrott;Hela Sverige;2020;815,6
Trafikbrott;Hela Sverige;2021;729,4
Trafikbrott;Hela Sverige;2022;657,5
Trafikbrott;Hela Sverige;2023;622
Trafikbrott;Hela Sverige;2024;601,2
Trafikbrott;Hela Sverige;2025;580,6
