nyckeltal_id;nyckeltal;enhet;kod;namn;ar;varde
N52004;Försäljningsindex sällanköpsvaror;index;1880;Örebro;2002;124
N52004;Försäljningsindex sällanköpsvaror;index;1880;Örebro;2003;123
N52004;Försäljningsindex sällanköpsvaror;index;1880;Örebro;2004;122
N52004;Försäljningsindex sällanköpsvaror;index;1880;Örebro;2005;121
N52004;Försäljningsindex sällanköpsvaror;index;1880;Örebro;2006;119
N52004;Försäljningsindex sällanköpsvaror;index;1880;Örebro;2007;114
N52004;Försäljningsindex sällanköpsvaror;index;1880;Örebro;2008;116
N52004;Försäljningsindex sällanköpsvaror;index;1880;Örebro;2009;127
N52004;Försäljningsindex sällanköpsvaror;index;1880;Örebro;2010;132
N52004;Försäljningsindex sällanköpsvaror;index;1880;Örebro;2011;133
N52004;Försäljningsindex sällanköpsvaror;index;1880;Örebro;2012;134
N52004;Försäljningsindex sällanköpsvaror;index;1880;Örebro;2013;135
N52004;Försäljningsindex sällanköpsvaror;index;1880;Örebro;2014;132
N52004;Försäljningsindex sällanköpsvaror;index;1880;Örebro;2015;131
N52004;Försäljningsindex sällanköpsvaror;index;1880;Örebro;2016;129
N52004;Försäljningsindex sällanköpsvaror;index;1880;Örebro;2017;128
N52004;Försäljningsindex sällanköpsvaror;index;1880;Örebro;2018;126
N52004;Försäljningsindex sällanköpsvaror;index;1880;Örebro;2019;127
N52004;Försäljningsindex sällanköpsvaror;index;1880;Örebro;2020;132
N52004;Försäljningsindex sällanköpsvaror;index;1880;Örebro;2021;130
N52004;Försäljningsindex sällanköpsvaror;index;1880;Örebro;2022;123
N52004;Försäljningsindex sällanköpsvaror;index;1880;Örebro;2023;140
N52004;Försäljningsindex sällanköpsvaror;index;1880;Örebro;2024;138,4
N52004;Försäljningsindex sällanköpsvaror;index;1880;Örebro;2025;136
N52004;Försäljningsindex sällanköpsvaror;index;0380;Uppsala;2002;118
N52004;Försäljningsindex sällanköpsvaror;index;0380;Uppsala;2003;116
N52004;Försäljningsindex sällanköpsvaror;index;0380;Uppsala;2004;118
N52004;Försäljningsindex sällanköpsvaror;index;0380;Uppsala;2005;120
N52004;Försäljningsindex sällanköpsvaror;index;0380;Uppsala;2006;117
N52004;Försäljningsindex sällanköpsvaror;index;0380;Uppsala;2007;113
N52004;Försäljningsindex sällanköpsvaror;index;0380;Uppsala;2008;112
N52004;Försäljningsindex sällanköpsvaror;index;0380;Uppsala;2009;111
N52004;Försäljningsindex sällanköpsvaror;index;0380;Uppsala;2010;114
N52004;Försäljningsindex sällanköpsvaror;index;0380;Uppsala;2011;113
N52004;Försäljningsindex sällanköpsvaror;index;0380;Uppsala;2012;114
N52004;Försäljningsindex sällanköpsvaror;index;0380;Uppsala;2013;115
N52004;Försäljningsindex sällanköpsvaror;index;0380;Uppsala;2014;117
N52004;Försäljningsindex sällanköpsvaror;index;0380;Uppsala;2015;117
N52004;Försäljningsindex sällanköpsvaror;index;0380;Uppsala;2016;117
N52004;Försäljningsindex sällanköpsvaror;index;0380;Uppsala;2017;116
N52004;Försäljningsindex sällanköpsvaror;index;0380;Uppsala;2018;116
N52004;Försäljningsindex sällanköpsvaror;index;0380;Uppsala;2019;115
N52004;Försäljningsindex sällanköpsvaror;index;0380;Uppsala;2020;113
N52004;Försäljningsindex sällanköpsvaror;index;0380;Uppsala;2021;109
N52004;Försäljningsindex sällanköpsvaror;index;0380;Uppsala;2022;106
N52004;Försäljningsindex sällanköpsvaror;index;0380;Uppsala;2023;105
N52004;Försäljningsindex sällanköpsvaror;index;0380;Uppsala;2024;101,8
N52004;Försäljningsindex sällanköpsvaror;index;0380;Uppsala;2025;98
N52004;Försäljningsindex sällanköpsvaror;index;0580;Linköping;2002;122
N52004;Försäljningsindex sällanköpsvaror;index;0580;Linköping;2003;122
N52004;Försäljningsindex sällanköpsvaror;index;0580;Linköping;2004;125
N52004;Försäljningsindex sällanköpsvaror;index;0580;Linköping;2005;123
N52004;Försäljningsindex sällanköpsvaror;index;0580;Linköping;2006;118
N52004;Försäljningsindex sällanköpsvaror;index;0580;Linköping;2007;115
N52004;Försäljningsindex sällanköpsvaror;index;0580;Linköping;2008;114
N52004;Försäljningsindex sällanköpsvaror;index;0580;Linköping;2009;114
N52004;Försäljningsindex sällanköpsvaror;index;0580;Linköping;2010;114
N52004;Försäljningsindex sällanköpsvaror;index;0580;Linköping;2011;115
N52004;Försäljningsindex sällanköpsvaror;index;0580;Linköping;2012;115
N52004;Försäljningsindex sällanköpsvaror;index;0580;Linköping;2013;120
N52004;Försäljningsindex sällanköpsvaror;index;0580;Linköping;2014;119
N52004;Försäljningsindex sällanköpsvaror;index;0580;Linköping;2015;122
N52004;Försäljningsindex sällanköpsvaror;index;0580;Linköping;2016;122
N52004;Försäljningsindex sällanköpsvaror;index;0580;Linköping;2017;121
N52004;Försäljningsindex sällanköpsvaror;index;0580;Linköping;2018;119
N52004;Försäljningsindex sällanköpsvaror;index;0580;Linköping;2019;119
N52004;Försäljningsindex sällanköpsvaror;index;0580;Linköping;2020;120
N52004;Försäljningsindex sällanköpsvaror;index;0580;Linköping;2021;119
N52004;Försäljningsindex sällanköpsvaror;index;0580;Linköping;2022;120
N52004;Försäljningsindex sällanköpsvaror;index;0580;Linköping;2023;118
N52004;Försäljningsindex sällanköpsvaror;index;0580;Linköping;2024;114,8
N52004;Försäljningsindex sällanköpsvaror;index;0580;Linköping;2025;114
N52004;Försäljningsindex sällanköpsvaror;index;1980;Västerås;2002;141
N52004;Försäljningsindex sällanköpsvaror;index;1980;Västerås;2003;141
N52004;Försäljningsindex sällanköpsvaror;index;1980;Västerås;2004;148
N52004;Försäljningsindex sällanköpsvaror;index;1980;Västerås;2005;152
N52004;Försäljningsindex sällanköpsvaror;index;1980;Västerås;2006;148
N52004;Försäljningsindex sällanköpsvaror;index;1980;Västerås;2007;153
N52004;Försäljningsindex sällanköpsvaror;index;1980;Västerås;2008;152
N52004;Försäljningsindex sällanköpsvaror;index;1980;Västerås;2009;142
N52004;Försäljningsindex sällanköpsvaror;index;1980;Västerås;2010;141
N52004;Försäljningsindex sällanköpsvaror;index;1980;Västerås;2011;147
N52004;Försäljningsindex sällanköpsvaror;index;1980;Västerås;2012;154
N52004;Försäljningsindex sällanköpsvaror;index;1980;Västerås;2013;151
N52004;Försäljningsindex sällanköpsvaror;index;1980;Västerås;2014;149
N52004;Försäljningsindex sällanköpsvaror;index;1980;Västerås;2015;148
N52004;Försäljningsindex sällanköpsvaror;index;1980;Västerås;2016;149
N52004;Försäljningsindex sällanköpsvaror;index;1980;Västerås;2017;148
N52004;Försäljningsindex sällanköpsvaror;index;1980;Västerås;2018;149
N52004;Försäljningsindex sällanköpsvaror;index;1980;Västerås;2019;149
N52004;Försäljningsindex sällanköpsvaror;index;1980;Västerås;2020;145
N52004;Försäljningsindex sällanköpsvaror;index;1980;Västerås;2021;139
N52004;Försäljningsindex sällanköpsvaror;index;1980;Västerås;2022;138
N52004;Försäljningsindex sällanköpsvaror;index;1980;Västerås;2023;139
N52004;Försäljningsindex sällanköpsvaror;index;1980;Västerås;2024;138,3
N52004;Försäljningsindex sällanköpsvaror;index;1980;Västerås;2025;136
N52004;Försäljningsindex sällanköpsvaror;index;0581;Norrköping;2002;104
N52004;Försäljningsindex sällanköpsvaror;index;0581;Norrköping;2003;103
N52004;Försäljningsindex sällanköpsvaror;index;0581;Norrköping;2004;108
N52004;Försäljningsindex sällanköpsvaror;index;0581;Norrköping;2005;106
N52004;Försäljningsindex sällanköpsvaror;index;0581;Norrköping;2006;106
N52004;Försäljningsindex sällanköpsvaror;index;0581;Norrköping;2007;118
N52004;Försäljningsindex sällanköpsvaror;index;0581;Norrköping;2008;122
N52004;Försäljningsindex sällanköpsvaror;index;0581;Norrköping;2009;119
N52004;Försäljningsindex sällanköpsvaror;index;0581;Norrköping;2010;121
N52004;Försäljningsindex sällanköpsvaror;index;0581;Norrköping;2011;119
N52004;Försäljningsindex sällanköpsvaror;index;0581;Norrköping;2012;118
N52004;Försäljningsindex sällanköpsvaror;index;0581;Norrköping;2013;114
N52004;Försäljningsindex sällanköpsvaror;index;0581;Norrköping;2014;115
N52004;Försäljningsindex sällanköpsvaror;index;0581;Norrköping;2015;115
N52004;Försäljningsindex sällanköpsvaror;index;0581;Norrköping;2016;115
N52004;Försäljningsindex sällanköpsvaror;index;0581;Norrköping;2017;115
N52004;Försäljningsindex sällanköpsvaror;index;0581;Norrköping;2018;117
N52004;Försäljningsindex sällanköpsvaror;index;0581;Norrköping;2019;116
N52004;Försäljningsindex sällanköpsvaror;index;0581;Norrköping;2020;117
N52004;Försäljningsindex sällanköpsvaror;index;0581;Norrköping;2021;115
N52004;Försäljningsindex sällanköpsvaror;index;0581;Norrköping;2022;109
N52004;Försäljningsindex sällanköpsvaror;index;0581;Norrköping;2023;106
N52004;Försäljningsindex sällanköpsvaror;index;0581;Norrköping;2024;104,5
N52004;Försäljningsindex sällanköpsvaror;index;0581;Norrköping;2025;105
N52004;Försäljningsindex sällanköpsvaror;index;0680;Jönköping;2002;131
N52004;Försäljningsindex sällanköpsvaror;index;0680;Jönköping;2003;137
N52004;Försäljningsindex sällanköpsvaror;index;0680;Jönköping;2004;141
N52004;Försäljningsindex sällanköpsvaror;index;0680;Jönköping;2005;143
N52004;Försäljningsindex sällanköpsvaror;index;0680;Jönköping;2006;147
N52004;Försäljningsindex sällanköpsvaror;index;0680;Jönköping;2007;143
N52004;Försäljningsindex sällanköpsvaror;index;0680;Jönköping;2008;142
N52004;Försäljningsindex sällanköpsvaror;index;0680;Jönköping;2009;137
N52004;Försäljningsindex sällanköpsvaror;index;0680;Jönköping;2010;132
N52004;Försäljningsindex sällanköpsvaror;index;0680;Jönköping;2011;128
N52004;Försäljningsindex sällanköpsvaror;index;0680;Jönköping;2012;127
N52004;Försäljningsindex sällanköpsvaror;index;0680;Jönköping;2013;125
N52004;Försäljningsindex sällanköpsvaror;index;0680;Jönköping;2014;126
N52004;Försäljningsindex sällanköpsvaror;index;0680;Jönköping;2015;126
N52004;Försäljningsindex sällanköpsvaror;index;0680;Jönköping;2016;127
N52004;Försäljningsindex sällanköpsvaror;index;0680;Jönköping;2017;126
N52004;Försäljningsindex sällanköpsvaror;index;0680;Jönköping;2018;126
N52004;Försäljningsindex sällanköpsvaror;index;0680;Jönköping;2019;129
N52004;Försäljningsindex sällanköpsvaror;index;0680;Jönköping;2020;130
N52004;Försäljningsindex sällanköpsvaror;index;0680;Jönköping;2021;131
N52004;Försäljningsindex sällanköpsvaror;index;0680;Jönköping;2022;131
N52004;Försäljningsindex sällanköpsvaror;index;0680;Jönköping;2023;130
N52004;Försäljningsindex sällanköpsvaror;index;0680;Jönköping;2024;129,5
N52004;Försäljningsindex sällanköpsvaror;index;0680;Jönköping;2025;126
N52004;Försäljningsindex sällanköpsvaror;index;1283;Helsingborg;2002;163
N52004;Försäljningsindex sällanköpsvaror;index;1283;Helsingborg;2003;161
N52004;Försäljningsindex sällanköpsvaror;index;1283;Helsingborg;2004;163
N52004;Försäljningsindex sällanköpsvaror;index;1283;Helsingborg;2005;160
N52004;Försäljningsindex sällanköpsvaror;index;1283;Helsingborg;2006;157
N52004;Försäljningsindex sällanköpsvaror;index;1283;Helsingborg;2007;151
N52004;Försäljningsindex sällanköpsvaror;index;1283;Helsingborg;2008;149
N52004;Försäljningsindex sällanköpsvaror;index;1283;Helsingborg;2009;149
N52004;Försäljningsindex sällanköpsvaror;index;1283;Helsingborg;2010;148
N52004;Försäljningsindex sällanköpsvaror;index;1283;Helsingborg;2011;150
N52004;Försäljningsindex sällanköpsvaror;index;1283;Helsingborg;2012;153
N52004;Försäljningsindex sällanköpsvaror;index;1283;Helsingborg;2013;160
N52004;Försäljningsindex sällanköpsvaror;index;1283;Helsingborg;2014;157
N52004;Försäljningsindex sällanköpsvaror;index;1283;Helsingborg;2015;156
N52004;Försäljningsindex sällanköpsvaror;index;1283;Helsingborg;2016;154
N52004;Försäljningsindex sällanköpsvaror;index;1283;Helsingborg;2017;152
N52004;Försäljningsindex sällanköpsvaror;index;1283;Helsingborg;2018;151
N52004;Försäljningsindex sällanköpsvaror;index;1283;Helsingborg;2019;151
N52004;Försäljningsindex sällanköpsvaror;index;1283;Helsingborg;2020;151
N52004;Försäljningsindex sällanköpsvaror;index;1283;Helsingborg;2021;151
N52004;Försäljningsindex sällanköpsvaror;index;1283;Helsingborg;2022;148
N52004;Försäljningsindex sällanköpsvaror;index;1283;Helsingborg;2023;145
N52004;Försäljningsindex sällanköpsvaror;index;1283;Helsingborg;2024;145,8
N52004;Försäljningsindex sällanköpsvaror;index;1283;Helsingborg;2025;145
N52004;Försäljningsindex sällanköpsvaror;index;2480;Umeå;2002;114
N52004;Försäljningsindex sällanköpsvaror;index;2480;Umeå;2003;110
N52004;Försäljningsindex sällanköpsvaror;index;2480;Umeå;2004;108
N52004;Försäljningsindex sällanköpsvaror;index;2480;Umeå;2005;106
N52004;Försäljningsindex sällanköpsvaror;index;2480;Umeå;2006;105
N52004;Försäljningsindex sällanköpsvaror;index;2480;Umeå;2007;111
N52004;Försäljningsindex sällanköpsvaror;index;2480;Umeå;2008;110
N52004;Försäljningsindex sällanköpsvaror;index;2480;Umeå;2009;114
N52004;Försäljningsindex sällanköpsvaror;index;2480;Umeå;2010;113
N52004;Försäljningsindex sällanköpsvaror;index;2480;Umeå;2011;110
N52004;Försäljningsindex sällanköpsvaror;index;2480;Umeå;2012;111
N52004;Försäljningsindex sällanköpsvaror;index;2480;Umeå;2013;112
N52004;Försäljningsindex sällanköpsvaror;index;2480;Umeå;2014;112
N52004;Försäljningsindex sällanköpsvaror;index;2480;Umeå;2015;112
N52004;Försäljningsindex sällanköpsvaror;index;2480;Umeå;2016;130
N52004;Försäljningsindex sällanköpsvaror;index;2480;Umeå;2017;133
N52004;Försäljningsindex sällanköpsvaror;index;2480;Umeå;2018;133
N52004;Försäljningsindex sällanköpsvaror;index;2480;Umeå;2019;134
N52004;Försäljningsindex sällanköpsvaror;index;2480;Umeå;2020;132
N52004;Försäljningsindex sällanköpsvaror;index;2480;Umeå;2021;133
N52004;Försäljningsindex sällanköpsvaror;index;2480;Umeå;2022;133
N52004;Försäljningsindex sällanköpsvaror;index;2480;Umeå;2023;133
N52004;Försäljningsindex sällanköpsvaror;index;2480;Umeå;2024;133,5
N52004;Försäljningsindex sällanköpsvaror;index;2480;Umeå;2025;134
N52002;Försäljningsindex dagligvaror;index;1880;Örebro;1992;92
N52002;Försäljningsindex dagligvaror;index;1880;Örebro;1993;87,6
N52002;Försäljningsindex dagligvaror;index;1880;Örebro;1994;90,6
N52002;Försäljningsindex dagligvaror;index;1880;Örebro;1995;87,6
N52002;Försäljningsindex dagligvaror;index;1880;Örebro;1996;91,5
N52002;Försäljningsindex dagligvaror;index;1880;Örebro;1997;91,3
N52002;Försäljningsindex dagligvaror;index;1880;Örebro;1998;93
N52002;Försäljningsindex dagligvaror;index;1880;Örebro;1999;98
N52002;Försäljningsindex dagligvaror;index;1880;Örebro;2000;98
N52002;Försäljningsindex dagligvaror;index;1880;Örebro;2001;103,2
N52002;Försäljningsindex dagligvaror;index;1880;Örebro;2002;105,9
N52002;Försäljningsindex dagligvaror;index;1880;Örebro;2003;105,5
N52002;Försäljningsindex dagligvaror;index;1880;Örebro;2004;101,1
N52002;Försäljningsindex dagligvaror;index;1880;Örebro;2005;100,9
N52002;Försäljningsindex dagligvaror;index;1880;Örebro;2006;99,1
N52002;Försäljningsindex dagligvaror;index;1880;Örebro;2007;96,5
N52002;Försäljningsindex dagligvaror;index;1880;Örebro;2008;98,6
N52002;Försäljningsindex dagligvaror;index;1880;Örebro;2009;95,9
N52002;Försäljningsindex dagligvaror;index;1880;Örebro;2010;96,4
N52002;Försäljningsindex dagligvaror;index;1880;Örebro;2011;96,2
N52002;Försäljningsindex dagligvaror;index;1880;Örebro;2012;98,1
N52002;Försäljningsindex dagligvaror;index;1880;Örebro;2013;99,3
N52002;Försäljningsindex dagligvaror;index;1880;Örebro;2014;97,8
N52002;Försäljningsindex dagligvaror;index;1880;Örebro;2015;99,8
N52002;Försäljningsindex dagligvaror;index;1880;Örebro;2016;100,1
N52002;Försäljningsindex dagligvaror;index;1880;Örebro;2017;99,8
N52002;Försäljningsindex dagligvaror;index;1880;Örebro;2018;98,6
N52002;Försäljningsindex dagligvaror;index;1880;Örebro;2019;97,8
N52002;Försäljningsindex dagligvaror;index;1880;Örebro;2020;102,9
N52002;Försäljningsindex dagligvaror;index;1880;Örebro;2021;102,8
N52002;Försäljningsindex dagligvaror;index;1880;Örebro;2022;102
N52002;Försäljningsindex dagligvaror;index;1880;Örebro;2023;100
N52002;Försäljningsindex dagligvaror;index;1880;Örebro;2024;98
N52002;Försäljningsindex dagligvaror;index;1880;Örebro;2025;99
N52002;Försäljningsindex dagligvaror;index;0380;Uppsala;1992;104,3
N52002;Försäljningsindex dagligvaror;index;0380;Uppsala;1993;100,1
N52002;Försäljningsindex dagligvaror;index;0380;Uppsala;1994;100,1
N52002;Försäljningsindex dagligvaror;index;0380;Uppsala;1995;100,3
N52002;Försäljningsindex dagligvaror;index;0380;Uppsala;1996;105,2
N52002;Försäljningsindex dagligvaror;index;0380;Uppsala;1997;106
N52002;Försäljningsindex dagligvaror;index;0380;Uppsala;1998;105,9
N52002;Försäljningsindex dagligvaror;index;0380;Uppsala;1999;105,5
N52002;Försäljningsindex dagligvaror;index;0380;Uppsala;2000;106,6
N52002;Försäljningsindex dagligvaror;index;0380;Uppsala;2001;104,8
N52002;Försäljningsindex dagligvaror;index;0380;Uppsala;2002;102,6
N52002;Försäljningsindex dagligvaror;index;0380;Uppsala;2003;100,3
N52002;Försäljningsindex dagligvaror;index;0380;Uppsala;2004;98,8
N52002;Försäljningsindex dagligvaror;index;0380;Uppsala;2005;100,5
N52002;Försäljningsindex dagligvaror;index;0380;Uppsala;2006;101,5
N52002;Försäljningsindex dagligvaror;index;0380;Uppsala;2007;99,6
N52002;Försäljningsindex dagligvaror;index;0380;Uppsala;2008;98,8
N52002;Försäljningsindex dagligvaror;index;0380;Uppsala;2009;98,1
N52002;Försäljningsindex dagligvaror;index;0380;Uppsala;2010;97,1
N52002;Försäljningsindex dagligvaror;index;0380;Uppsala;2011;97,1
N52002;Försäljningsindex dagligvaror;index;0380;Uppsala;2012;97,1
N52002;Försäljningsindex dagligvaror;index;0380;Uppsala;2013;95,4
N52002;Försäljningsindex dagligvaror;index;0380;Uppsala;2014;96,2
N52002;Försäljningsindex dagligvaror;index;0380;Uppsala;2015;96,1
N52002;Försäljningsindex dagligvaror;index;0380;Uppsala;2016;95
N52002;Försäljningsindex dagligvaror;index;0380;Uppsala;2017;93,8
N52002;Försäljningsindex dagligvaror;index;0380;Uppsala;2018;93,3
N52002;Försäljningsindex dagligvaror;index;0380;Uppsala;2019;93,4
N52002;Försäljningsindex dagligvaror;index;0380;Uppsala;2020;93,8
N52002;Försäljningsindex dagligvaror;index;0380;Uppsala;2021;93,5
N52002;Försäljningsindex dagligvaror;index;0380;Uppsala;2022;91
N52002;Försäljningsindex dagligvaror;index;0380;Uppsala;2023;90
N52002;Försäljningsindex dagligvaror;index;0380;Uppsala;2024;90
N52002;Försäljningsindex dagligvaror;index;0380;Uppsala;2025;90
N52002;Försäljningsindex dagligvaror;index;0580;Linköping;1992;74,4
N52002;Försäljningsindex dagligvaror;index;0580;Linköping;1993;78,1
N52002;Försäljningsindex dagligvaror;index;0580;Linköping;1994;84,4
N52002;Försäljningsindex dagligvaror;index;0580;Linköping;1995;89,3
N52002;Försäljningsindex dagligvaror;index;0580;Linköping;1996;92,8
N52002;Försäljningsindex dagligvaror;index;0580;Linköping;1997;94,1
N52002;Försäljningsindex dagligvaror;index;0580;Linköping;1998;97,6
N52002;Försäljningsindex dagligvaror;index;0580;Linköping;1999;95,6
N52002;Försäljningsindex dagligvaror;index;0580;Linköping;2000;96,6
N52002;Försäljningsindex dagligvaror;index;0580;Linköping;2001;96
N52002;Försäljningsindex dagligvaror;index;0580;Linköping;2002;94,7
N52002;Försäljningsindex dagligvaror;index;0580;Linköping;2003;96,9
N52002;Försäljningsindex dagligvaror;index;0580;Linköping;2004;103,3
N52002;Försäljningsindex dagligvaror;index;0580;Linköping;2005;103,1
N52002;Försäljningsindex dagligvaror;index;0580;Linköping;2006;101,6
N52002;Försäljningsindex dagligvaror;index;0580;Linköping;2007;99,7
N52002;Försäljningsindex dagligvaror;index;0580;Linköping;2008;99,4
N52002;Försäljningsindex dagligvaror;index;0580;Linköping;2009;98,9
N52002;Försäljningsindex dagligvaror;index;0580;Linköping;2010;101,2
N52002;Försäljningsindex dagligvaror;index;0580;Linköping;2011;101,6
N52002;Försäljningsindex dagligvaror;index;0580;Linköping;2012;102,2
N52002;Försäljningsindex dagligvaror;index;0580;Linköping;2013;103,5
N52002;Försäljningsindex dagligvaror;index;0580;Linköping;2014;104,3
N52002;Försäljningsindex dagligvaror;index;0580;Linköping;2015;104,8
N52002;Försäljningsindex dagligvaror;index;0580;Linköping;2016;103,9
N52002;Försäljningsindex dagligvaror;index;0580;Linköping;2017;103,3
N52002;Försäljningsindex dagligvaror;index;0580;Linköping;2018;101,6
N52002;Försäljningsindex dagligvaror;index;0580;Linköping;2019;100
N52002;Försäljningsindex dagligvaror;index;0580;Linköping;2020;102,7
N52002;Försäljningsindex dagligvaror;index;0580;Linköping;2021;101,4
N52002;Försäljningsindex dagligvaror;index;0580;Linköping;2022;100
N52002;Försäljningsindex dagligvaror;index;0580;Linköping;2023;99
N52002;Försäljningsindex dagligvaror;index;0580;Linköping;2024;99
N52002;Försäljningsindex dagligvaror;index;0580;Linköping;2025;100
N52002;Försäljningsindex dagligvaror;index;1980;Västerås;1992;99,9
N52002;Försäljningsindex dagligvaror;index;1980;Västerås;1993;98,2
N52002;Försäljningsindex dagligvaror;index;1980;Västerås;1994;95,1
N52002;Försäljningsindex dagligvaror;index;1980;Västerås;1995;96,9
N52002;Försäljningsindex dagligvaror;index;1980;Västerås;1996;94
N52002;Försäljningsindex dagligvaror;index;1980;Västerås;1997;96,3
N52002;Försäljningsindex dagligvaror;index;1980;Västerås;1998;99,2
N52002;Försäljningsindex dagligvaror;index;1980;Västerås;1999;100,9
N52002;Försäljningsindex dagligvaror;index;1980;Västerås;2000;100,8
N52002;Försäljningsindex dagligvaror;index;1980;Västerås;2001;98,8
N52002;Försäljningsindex dagligvaror;index;1980;Västerås;2002;99,2
N52002;Försäljningsindex dagligvaror;index;1980;Västerås;2003;101,5
N52002;Försäljningsindex dagligvaror;index;1980;Västerås;2004;101,9
N52002;Försäljningsindex dagligvaror;index;1980;Västerås;2005;105,6
N52002;Försäljningsindex dagligvaror;index;1980;Västerås;2006;104,9
N52002;Försäljningsindex dagligvaror;index;1980;Västerås;2007;104,7
N52002;Försäljningsindex dagligvaror;index;1980;Västerås;2008;105,7
N52002;Försäljningsindex dagligvaror;index;1980;Västerås;2009;104,2
N52002;Försäljningsindex dagligvaror;index;1980;Västerås;2010;102,8
N52002;Försäljningsindex dagligvaror;index;1980;Västerås;2011;104,8
N52002;Försäljningsindex dagligvaror;index;1980;Västerås;2012;105,9
N52002;Försäljningsindex dagligvaror;index;1980;Västerås;2013;105,2
N52002;Försäljningsindex dagligvaror;index;1980;Västerås;2014;105
N52002;Försäljningsindex dagligvaror;index;1980;Västerås;2015;105,1
N52002;Försäljningsindex dagligvaror;index;1980;Västerås;2016;104,5
N52002;Försäljningsindex dagligvaror;index;1980;Västerås;2017;104,9
N52002;Försäljningsindex dagligvaror;index;1980;Västerås;2018;104,5
N52002;Försäljningsindex dagligvaror;index;1980;Västerås;2019;102,8
N52002;Försäljningsindex dagligvaror;index;1980;Västerås;2020;106,6
N52002;Försäljningsindex dagligvaror;index;1980;Västerås;2021;105
N52002;Försäljningsindex dagligvaror;index;1980;Västerås;2022;103
N52002;Försäljningsindex dagligvaror;index;1980;Västerås;2023;100
N52002;Försäljningsindex dagligvaror;index;1980;Västerås;2024;101
N52002;Försäljningsindex dagligvaror;index;1980;Västerås;2025;102
N52002;Försäljningsindex dagligvaror;index;0581;Norrköping;1992;94,5
N52002;Försäljningsindex dagligvaror;index;0581;Norrköping;1993;92,4
N52002;Försäljningsindex dagligvaror;index;0581;Norrköping;1994;96,9
N52002;Försäljningsindex dagligvaror;index;0581;Norrköping;1995;101,8
N52002;Försäljningsindex dagligvaror;index;0581;Norrköping;1996;103,4
N52002;Försäljningsindex dagligvaror;index;0581;Norrköping;1997;99,4
N52002;Försäljningsindex dagligvaror;index;0581;Norrköping;1998;100,5
N52002;Försäljningsindex dagligvaror;index;0581;Norrköping;1999;101,9
N52002;Försäljningsindex dagligvaror;index;0581;Norrköping;2000;102,6
N52002;Försäljningsindex dagligvaror;index;0581;Norrköping;2001;100,1
N52002;Försäljningsindex dagligvaror;index;0581;Norrköping;2002;100,1
N52002;Försäljningsindex dagligvaror;index;0581;Norrköping;2003;100,8
N52002;Försäljningsindex dagligvaror;index;0581;Norrköping;2004;101,7
N52002;Försäljningsindex dagligvaror;index;0581;Norrköping;2005;98,9
N52002;Försäljningsindex dagligvaror;index;0581;Norrköping;2006;98,4
N52002;Försäljningsindex dagligvaror;index;0581;Norrköping;2007;100,7
N52002;Försäljningsindex dagligvaror;index;0581;Norrköping;2008;100,4
N52002;Försäljningsindex dagligvaror;index;0581;Norrköping;2009;98,9
N52002;Försäljningsindex dagligvaror;index;0581;Norrköping;2010;99,9
N52002;Försäljningsindex dagligvaror;index;0581;Norrköping;2011;101,5
N52002;Försäljningsindex dagligvaror;index;0581;Norrköping;2012;100,7
N52002;Försäljningsindex dagligvaror;index;0581;Norrköping;2013;99
N52002;Försäljningsindex dagligvaror;index;0581;Norrköping;2014;98,7
N52002;Försäljningsindex dagligvaror;index;0581;Norrköping;2015;98,7
N52002;Försäljningsindex dagligvaror;index;0581;Norrköping;2016;97
N52002;Försäljningsindex dagligvaror;index;0581;Norrköping;2017;97,1
N52002;Försäljningsindex dagligvaror;index;0581;Norrköping;2018;95,5
N52002;Försäljningsindex dagligvaror;index;0581;Norrköping;2019;95,2
N52002;Försäljningsindex dagligvaror;index;0581;Norrköping;2020;97,5
N52002;Försäljningsindex dagligvaror;index;0581;Norrköping;2021;97,1
N52002;Försäljningsindex dagligvaror;index;0581;Norrköping;2022;98
N52002;Försäljningsindex dagligvaror;index;0581;Norrköping;2023;99
N52002;Försäljningsindex dagligvaror;index;0581;Norrköping;2024;98
N52002;Försäljningsindex dagligvaror;index;0581;Norrköping;2025;99
N52002;Försäljningsindex dagligvaror;index;0680;Jönköping;1992;98,6
N52002;Försäljningsindex dagligvaror;index;0680;Jönköping;1993;94,9
N52002;Försäljningsindex dagligvaror;index;0680;Jönköping;1994;91,1
N52002;Försäljningsindex dagligvaror;index;0680;Jönköping;1995;88,3
N52002;Försäljningsindex dagligvaror;index;0680;Jönköping;1996;92,1
N52002;Försäljningsindex dagligvaror;index;0680;Jönköping;1997;95,4
N52002;Försäljningsindex dagligvaror;index;0680;Jönköping;1998;95,7
N52002;Försäljningsindex dagligvaror;index;0680;Jönköping;1999;94,7
N52002;Försäljningsindex dagligvaror;index;0680;Jönköping;2000;95,6
N52002;Försäljningsindex dagligvaror;index;0680;Jönköping;2001;94,1
N52002;Försäljningsindex dagligvaror;index;0680;Jönköping;2002;93
N52002;Försäljningsindex dagligvaror;index;0680;Jönköping;2003;96,2
N52002;Försäljningsindex dagligvaror;index;0680;Jönköping;2004;97,9
N52002;Försäljningsindex dagligvaror;index;0680;Jönköping;2005;97,4
N52002;Försäljningsindex dagligvaror;index;0680;Jönköping;2006;94,7
N52002;Försäljningsindex dagligvaror;index;0680;Jönköping;2007;94,8
N52002;Försäljningsindex dagligvaror;index;0680;Jönköping;2008;93,5
N52002;Försäljningsindex dagligvaror;index;0680;Jönköping;2009;92,2
N52002;Försäljningsindex dagligvaror;index;0680;Jönköping;2010;92,9
N52002;Försäljningsindex dagligvaror;index;0680;Jönköping;2011;96,8
N52002;Försäljningsindex dagligvaror;index;0680;Jönköping;2012;97,3
N52002;Försäljningsindex dagligvaror;index;0680;Jönköping;2013;96,8
N52002;Försäljningsindex dagligvaror;index;0680;Jönköping;2014;96,6
N52002;Försäljningsindex dagligvaror;index;0680;Jönköping;2015;96
N52002;Försäljningsindex dagligvaror;index;0680;Jönköping;2016;95,5
N52002;Försäljningsindex dagligvaror;index;0680;Jönköping;2017;96,1
N52002;Försäljningsindex dagligvaror;index;0680;Jönköping;2018;96,6
N52002;Försäljningsindex dagligvaror;index;0680;Jönköping;2019;97,8
N52002;Försäljningsindex dagligvaror;index;0680;Jönköping;2020;99,5
N52002;Försäljningsindex dagligvaror;index;0680;Jönköping;2021;100
N52002;Försäljningsindex dagligvaror;index;0680;Jönköping;2022;102
N52002;Försäljningsindex dagligvaror;index;0680;Jönköping;2023;106
N52002;Försäljningsindex dagligvaror;index;0680;Jönköping;2024;105
N52002;Försäljningsindex dagligvaror;index;0680;Jönköping;2025;105
N52002;Försäljningsindex dagligvaror;index;1283;Helsingborg;1992;88,2
N52002;Försäljningsindex dagligvaror;index;1283;Helsingborg;1993;94,7
N52002;Försäljningsindex dagligvaror;index;1283;Helsingborg;1994;95,2
N52002;Försäljningsindex dagligvaror;index;1283;Helsingborg;1995;97,7
N52002;Försäljningsindex dagligvaror;index;1283;Helsingborg;1996;91,7
N52002;Försäljningsindex dagligvaror;index;1283;Helsingborg;1997;87,3
N52002;Försäljningsindex dagligvaror;index;1283;Helsingborg;1998;88
N52002;Försäljningsindex dagligvaror;index;1283;Helsingborg;1999;90,4
N52002;Försäljningsindex dagligvaror;index;1283;Helsingborg;2000;92,9
N52002;Försäljningsindex dagligvaror;index;1283;Helsingborg;2001;93,2
N52002;Försäljningsindex dagligvaror;index;1283;Helsingborg;2002;92,9
N52002;Försäljningsindex dagligvaror;index;1283;Helsingborg;2003;89,8
N52002;Försäljningsindex dagligvaror;index;1283;Helsingborg;2004;87,5
N52002;Försäljningsindex dagligvaror;index;1283;Helsingborg;2005;87,2
N52002;Försäljningsindex dagligvaror;index;1283;Helsingborg;2006;85,6
N52002;Försäljningsindex dagligvaror;index;1283;Helsingborg;2007;85,6
N52002;Försäljningsindex dagligvaror;index;1283;Helsingborg;2008;87,5
N52002;Försäljningsindex dagligvaror;index;1283;Helsingborg;2009;88,5
N52002;Försäljningsindex dagligvaror;index;1283;Helsingborg;2010;90,2
N52002;Försäljningsindex dagligvaror;index;1283;Helsingborg;2011;91
N52002;Försäljningsindex dagligvaror;index;1283;Helsingborg;2012;90,4
N52002;Försäljningsindex dagligvaror;index;1283;Helsingborg;2013;92,8
N52002;Försäljningsindex dagligvaror;index;1283;Helsingborg;2014;92,9
N52002;Försäljningsindex dagligvaror;index;1283;Helsingborg;2015;94,1
N52002;Försäljningsindex dagligvaror;index;1283;Helsingborg;2016;95
N52002;Försäljningsindex dagligvaror;index;1283;Helsingborg;2017;95,3
N52002;Försäljningsindex dagligvaror;index;1283;Helsingborg;2018;95,6
N52002;Försäljningsindex dagligvaror;index;1283;Helsingborg;2019;96,6
N52002;Försäljningsindex dagligvaror;index;1283;Helsingborg;2020;97,2
N52002;Försäljningsindex dagligvaror;index;1283;Helsingborg;2021;98,9
N52002;Försäljningsindex dagligvaror;index;1283;Helsingborg;2022;98
N52002;Försäljningsindex dagligvaror;index;1283;Helsingborg;2023;101
N52002;Försäljningsindex dagligvaror;index;1283;Helsingborg;2024;102
N52002;Försäljningsindex dagligvaror;index;1283;Helsingborg;2025;97
N52002;Försäljningsindex dagligvaror;index;2480;Umeå;1992;94,3
N52002;Försäljningsindex dagligvaror;index;2480;Umeå;1993;96,4
N52002;Försäljningsindex dagligvaror;index;2480;Umeå;1994;97,1
N52002;Försäljningsindex dagligvaror;index;2480;Umeå;1995;97,5
N52002;Försäljningsindex dagligvaror;index;2480;Umeå;1996;95,7
N52002;Försäljningsindex dagligvaror;index;2480;Umeå;1997;96,6
N52002;Försäljningsindex dagligvaror;index;2480;Umeå;1998;98,7
N52002;Försäljningsindex dagligvaror;index;2480;Umeå;1999;104,3
N52002;Försäljningsindex dagligvaror;index;2480;Umeå;2000;101,4
N52002;Försäljningsindex dagligvaror;index;2480;Umeå;2001;101
N52002;Försäljningsindex dagligvaror;index;2480;Umeå;2002;98,9
N52002;Försäljningsindex dagligvaror;index;2480;Umeå;2003;98,8
N52002;Försäljningsindex dagligvaror;index;2480;Umeå;2004;103,5
N52002;Försäljningsindex dagligvaror;index;2480;Umeå;2005;105,6
N52002;Försäljningsindex dagligvaror;index;2480;Umeå;2006;111,3
N52002;Försäljningsindex dagligvaror;index;2480;Umeå;2007;110,1
N52002;Försäljningsindex dagligvaror;index;2480;Umeå;2008;110
N52002;Försäljningsindex dagligvaror;index;2480;Umeå;2009;109,3
N52002;Försäljningsindex dagligvaror;index;2480;Umeå;2010;106,4
N52002;Försäljningsindex dagligvaror;index;2480;Umeå;2011;104,5
N52002;Försäljningsindex dagligvaror;index;2480;Umeå;2012;102,2
N52002;Försäljningsindex dagligvaror;index;2480;Umeå;2013;102,8
N52002;Försäljningsindex dagligvaror;index;2480;Umeå;2014;101,6
N52002;Försäljningsindex dagligvaror;index;2480;Umeå;2015;100,9
N52002;Försäljningsindex dagligvaror;index;2480;Umeå;2016;102,1
N52002;Försäljningsindex dagligvaror;index;2480;Umeå;2017;102,5
N52002;Försäljningsindex dagligvaror;index;2480;Umeå;2018;102,7
N52002;Försäljningsindex dagligvaror;index;2480;Umeå;2019;102,9
N52002;Försäljningsindex dagligvaror;index;2480;Umeå;2020;106,6
N52002;Försäljningsindex dagligvaror;index;2480;Umeå;2021;106,3
N52002;Försäljningsindex dagligvaror;index;2480;Umeå;2022;103
N52002;Försäljningsindex dagligvaror;index;2480;Umeå;2023;102
N52002;Försäljningsindex dagligvaror;index;2480;Umeå;2024;104
N52002;Försäljningsindex dagligvaror;index;2480;Umeå;2025;106
N52003;Försäljning av sällanköpsvaror;mkr;1880;Örebro;2002;3626
N52003;Försäljning av sällanköpsvaror;mkr;1880;Örebro;2003;3735
N52003;Försäljning av sällanköpsvaror;mkr;1880;Örebro;2004;3959
N52003;Försäljning av sällanköpsvaror;mkr;1880;Örebro;2005;4197
N52003;Försäljning av sällanköpsvaror;mkr;1880;Örebro;2006;4491
N52003;Försäljning av sällanköpsvaror;mkr;1880;Örebro;2007;4671
N52003;Försäljning av sällanköpsvaror;mkr;1880;Örebro;2008;4858
N52003;Försäljning av sällanköpsvaror;mkr;1880;Örebro;2009;5392
N52003;Försäljning av sällanköpsvaror;mkr;1880;Örebro;2010;5877
N52003;Försäljning av sällanköpsvaror;mkr;1880;Örebro;2011;5995
N52003;Försäljning av sällanköpsvaror;mkr;1880;Örebro;2012;6115
N52003;Försäljning av sällanköpsvaror;mkr;1880;Örebro;2013;6176
N52003;Försäljning av sällanköpsvaror;mkr;1880;Örebro;2014;6238
N52003;Försäljning av sällanköpsvaror;mkr;1880;Örebro;2015;6550
N52003;Försäljning av sällanköpsvaror;mkr;1880;Örebro;2016;6616
N52003;Försäljning av sällanköpsvaror;mkr;1880;Örebro;2017;6616
N52003;Försäljning av sällanköpsvaror;mkr;1880;Örebro;2018;6616
N52003;Försäljning av sällanköpsvaror;mkr;1880;Örebro;2019;6814
N52003;Försäljning av sällanköpsvaror;mkr;1880;Örebro;2020;7018
N52003;Försäljning av sällanköpsvaror;mkr;1880;Örebro;2021;7229
N52003;Försäljning av sällanköpsvaror;mkr;1880;Örebro;2022;7140
N52003;Försäljning av sällanköpsvaror;mkr;1880;Örebro;2023;8263
N52003;Försäljning av sällanköpsvaror;mkr;1880;Örebro;2024;8240,3
N52003;Försäljning av sällanköpsvaror;mkr;1880;Örebro;2025;8429
N52003;Försäljning av sällanköpsvaror;mkr;0380;Uppsala;2002;4922
N52003;Försäljning av sällanköpsvaror;mkr;0380;Uppsala;2003;5070
N52003;Försäljning av sällanköpsvaror;mkr;0380;Uppsala;2004;5476
N52003;Försäljning av sällanköpsvaror;mkr;0380;Uppsala;2005;5969
N52003;Försäljning av sällanköpsvaror;mkr;0380;Uppsala;2006;6327
N52003;Försäljning av sällanköpsvaror;mkr;0380;Uppsala;2007;6643
N52003;Försäljning av sällanköpsvaror;mkr;0380;Uppsala;2008;6709
N52003;Försäljning av sällanköpsvaror;mkr;0380;Uppsala;2009;6843
N52003;Försäljning av sällanköpsvaror;mkr;0380;Uppsala;2010;7459
N52003;Försäljning av sällanköpsvaror;mkr;0380;Uppsala;2011;7384
N52003;Försäljning av sällanköpsvaror;mkr;0380;Uppsala;2012;7532
N52003;Försäljning av sällanköpsvaror;mkr;0380;Uppsala;2013;7683
N52003;Försäljning av sällanköpsvaror;mkr;0380;Uppsala;2014;7990
N52003;Försäljning av sällanköpsvaror;mkr;0380;Uppsala;2015;8549
N52003;Försäljning av sällanköpsvaror;mkr;0380;Uppsala;2016;8720
N52003;Försäljning av sällanköpsvaror;mkr;0380;Uppsala;2017;8807
N52003;Försäljning av sällanköpsvaror;mkr;0380;Uppsala;2018;8895
N52003;Försäljning av sällanköpsvaror;mkr;0380;Uppsala;2019;9162
N52003;Försäljning av sällanköpsvaror;mkr;0380;Uppsala;2020;8979
N52003;Försäljning av sällanköpsvaror;mkr;0380;Uppsala;2021;9248
N52003;Försäljning av sällanköpsvaror;mkr;0380;Uppsala;2022;9366
N52003;Försäljning av sällanköpsvaror;mkr;0380;Uppsala;2023;9559
N52003;Försäljning av sällanköpsvaror;mkr;0380;Uppsala;2024;9386,9
N52003;Försäljning av sällanköpsvaror;mkr;0380;Uppsala;2025;9427
N52003;Försäljning av sällanköpsvaror;mkr;0580;Linköping;2002;3828
N52003;Försäljning av sällanköpsvaror;mkr;0580;Linköping;2003;4019
N52003;Försäljning av sällanköpsvaror;mkr;0580;Linköping;2004;4340
N52003;Försäljning av sällanköpsvaror;mkr;0580;Linköping;2005;4600
N52003;Försäljning av sällanköpsvaror;mkr;0580;Linköping;2006;4784
N52003;Försäljning av sällanköpsvaror;mkr;0580;Linköping;2007;5071
N52003;Försäljning av sällanköpsvaror;mkr;0580;Linköping;2008;5122
N52003;Försäljning av sällanköpsvaror;mkr;0580;Linköping;2009;5224
N52003;Försäljning av sällanköpsvaror;mkr;0580;Linköping;2010;5485
N52003;Försäljning av sällanköpsvaror;mkr;0580;Linköping;2011;5540
N52003;Försäljning av sällanköpsvaror;mkr;0580;Linköping;2012;5595
N52003;Försäljning av sällanköpsvaror;mkr;0580;Linköping;2013;5875
N52003;Försäljning av sällanköpsvaror;mkr;0580;Linköping;2014;5993
N52003;Försäljning av sällanköpsvaror;mkr;0580;Linköping;2015;6472
N52003;Försäljning av sällanköpsvaror;mkr;0580;Linköping;2016;6601
N52003;Försäljning av sällanköpsvaror;mkr;0580;Linköping;2017;6601
N52003;Försäljning av sällanköpsvaror;mkr;0580;Linköping;2018;6535
N52003;Försäljning av sällanköpsvaror;mkr;0580;Linköping;2019;6666
N52003;Försäljning av sällanköpsvaror;mkr;0580;Linköping;2020;6733
N52003;Försäljning av sällanköpsvaror;mkr;0580;Linköping;2021;7002
N52003;Försäljning av sällanköpsvaror;mkr;0580;Linköping;2022;7294
N52003;Försäljning av sällanköpsvaror;mkr;0580;Linköping;2023;7355
N52003;Försäljning av sällanköpsvaror;mkr;0580;Linköping;2024;7172,4
N52003;Försäljning av sällanköpsvaror;mkr;0580;Linköping;2025;7418
N52003;Försäljning av sällanköpsvaror;mkr;1980;Västerås;2002;4237
N52003;Försäljning av sällanköpsvaror;mkr;1980;Västerås;2003;4406
N52003;Försäljning av sällanköpsvaror;mkr;1980;Västerås;2004;4935
N52003;Försäljning av sällanköpsvaror;mkr;1980;Västerås;2005;5428
N52003;Försäljning av sällanköpsvaror;mkr;1980;Västerås;2006;5754
N52003;Försäljning av sällanköpsvaror;mkr;1980;Västerås;2007;6387
N52003;Försäljning av sällanköpsvaror;mkr;1980;Västerås;2008;6451
N52003;Försäljning av sällanköpsvaror;mkr;1980;Västerås;2009;6128
N52003;Försäljning av sällanköpsvaror;mkr;1980;Västerås;2010;6373
N52003;Försäljning av sällanköpsvaror;mkr;1980;Västerås;2011;6692
N52003;Försäljning av sällanköpsvaror;mkr;1980;Västerås;2012;7094
N52003;Försäljning av sällanköpsvaror;mkr;1980;Västerås;2013;7023
N52003;Försäljning av sällanköpsvaror;mkr;1980;Västerås;2014;7093
N52003;Försäljning av sällanköpsvaror;mkr;1980;Västerås;2015;7448
N52003;Försäljning av sällanköpsvaror;mkr;1980;Västerås;2016;7671
N52003;Försäljning av sällanköpsvaror;mkr;1980;Västerås;2017;7671
N52003;Försäljning av sällanköpsvaror;mkr;1980;Västerås;2018;7748
N52003;Försäljning av sällanköpsvaror;mkr;1980;Västerås;2019;7903
N52003;Försäljning av sällanköpsvaror;mkr;1980;Västerås;2020;7666
N52003;Försäljning av sällanköpsvaror;mkr;1980;Västerås;2021;7743
N52003;Försäljning av sällanköpsvaror;mkr;1980;Västerås;2022;8030
N52003;Försäljning av sällanköpsvaror;mkr;1980;Västerås;2023;8226
N52003;Försäljning av sällanköpsvaror;mkr;1980;Västerås;2024;8262,9
N52003;Försäljning av sällanköpsvaror;mkr;1980;Västerås;2025;8445
N52003;Försäljning av sällanköpsvaror;mkr;0581;Norrköping;2002;2997
N52003;Försäljning av sällanköpsvaror;mkr;0581;Norrköping;2003;3087
N52003;Försäljning av sällanköpsvaror;mkr;0581;Norrköping;2004;3427
N52003;Försäljning av sällanköpsvaror;mkr;0581;Norrköping;2005;3598
N52003;Försäljning av sällanköpsvaror;mkr;0581;Norrköping;2006;3886
N52003;Försäljning av sällanköpsvaror;mkr;0581;Norrköping;2007;4663
N52003;Försäljning av sällanköpsvaror;mkr;0581;Norrköping;2008;4943
N52003;Försäljning av sällanköpsvaror;mkr;0581;Norrköping;2009;4894
N52003;Försäljning av sällanköpsvaror;mkr;0581;Norrköping;2010;5188
N52003;Försäljning av sällanköpsvaror;mkr;0581;Norrköping;2011;5084
N52003;Försäljning av sällanköpsvaror;mkr;0581;Norrköping;2012;5084
N52003;Försäljning av sällanköpsvaror;mkr;0581;Norrköping;2013;4982
N52003;Försäljning av sällanköpsvaror;mkr;0581;Norrköping;2014;5131
N52003;Försäljning av sällanköpsvaror;mkr;0581;Norrköping;2015;5439
N52003;Försäljning av sällanköpsvaror;mkr;0581;Norrköping;2016;5602
N52003;Försäljning av sällanköpsvaror;mkr;0581;Norrköping;2017;5602
N52003;Försäljning av sällanköpsvaror;mkr;0581;Norrköping;2018;5658
N52003;Försäljning av sällanköpsvaror;mkr;0581;Norrköping;2019;5715
N52003;Försäljning av sällanköpsvaror;mkr;0581;Norrköping;2020;5715
N52003;Försäljning av sällanköpsvaror;mkr;0581;Norrköping;2021;5886
N52003;Försäljning av sällanköpsvaror;mkr;0581;Norrköping;2022;5802
N52003;Försäljning av sällanköpsvaror;mkr;0581;Norrköping;2023;5721
N52003;Försäljning av sällanköpsvaror;mkr;0581;Norrköping;2024;5635,3
N52003;Försäljning av sällanköpsvaror;mkr;0581;Norrköping;2025;5846
N52003;Försäljning av sällanköpsvaror;mkr;0680;Jönköping;2002;3610
N52003;Försäljning av sällanköpsvaror;mkr;0680;Jönköping;2003;3935
N52003;Försäljning av sällanköpsvaror;mkr;0680;Jönköping;2004;4289
N52003;Försäljning av sällanköpsvaror;mkr;0680;Jönköping;2005;4675
N52003;Försäljning av sällanköpsvaror;mkr;0680;Jönköping;2006;5236
N52003;Försäljning av sällanköpsvaror;mkr;0680;Jönköping;2007;5550
N52003;Försäljning av sällanköpsvaror;mkr;0680;Jönköping;2008;5606
N52003;Försäljning av sällanköpsvaror;mkr;0680;Jönköping;2009;5494
N52003;Försäljning av sällanköpsvaror;mkr;0680;Jönköping;2010;5549
N52003;Försäljning av sällanköpsvaror;mkr;0680;Jönköping;2011;5383
N52003;Försäljning av sällanköpsvaror;mkr;0680;Jönköping;2012;5383
N52003;Försäljning av sällanköpsvaror;mkr;0680;Jönköping;2013;5329
N52003;Försäljning av sällanköpsvaror;mkr;0680;Jönköping;2014;5489
N52003;Försäljning av sällanköpsvaror;mkr;0680;Jönköping;2015;5818
N52003;Försäljning av sällanköpsvaror;mkr;0680;Jönköping;2016;5993
N52003;Försäljning av sällanköpsvaror;mkr;0680;Jönköping;2017;5993
N52003;Försäljning av sällanköpsvaror;mkr;0680;Jönköping;2018;5993
N52003;Försäljning av sällanköpsvaror;mkr;0680;Jönköping;2019;6293
N52003;Försäljning av sällanköpsvaror;mkr;0680;Jönköping;2020;6293
N52003;Försäljning av sällanköpsvaror;mkr;0680;Jönköping;2021;6671
N52003;Försäljning av sällanköpsvaror;mkr;0680;Jönköping;2022;6970
N52003;Försäljning av sällanköpsvaror;mkr;0680;Jönköping;2023;7058
N52003;Försäljning av sällanköpsvaror;mkr;0680;Jönköping;2024;7112,5
N52003;Försäljning av sällanköpsvaror;mkr;0680;Jönköping;2025;7225
N52003;Försäljning av sällanköpsvaror;mkr;1283;Helsingborg;2002;4530
N52003;Försäljning av sällanköpsvaror;mkr;1283;Helsingborg;2003;4666
N52003;Försäljning av sällanköpsvaror;mkr;1283;Helsingborg;2004;5039
N52003;Försäljning av sällanköpsvaror;mkr;1283;Helsingborg;2005;5291
N52003;Försäljning av sällanköpsvaror;mkr;1283;Helsingborg;2006;5661
N52003;Försäljning av sällanköpsvaror;mkr;1283;Helsingborg;2007;5887
N52003;Försäljning av sällanköpsvaror;mkr;1283;Helsingborg;2008;5946
N52003;Försäljning av sällanköpsvaror;mkr;1283;Helsingborg;2009;6065
N52003;Försäljning av sällanköpsvaror;mkr;1283;Helsingborg;2010;6308
N52003;Försäljning av sällanköpsvaror;mkr;1283;Helsingborg;2011;6434
N52003;Försäljning av sällanköpsvaror;mkr;1283;Helsingborg;2012;6627
N52003;Försäljning av sällanköpsvaror;mkr;1283;Helsingborg;2013;6958
N52003;Försäljning av sällanköpsvaror;mkr;1283;Helsingborg;2014;7028
N52003;Försäljning av sällanköpsvaror;mkr;1283;Helsingborg;2015;7450
N52003;Försäljning av sällanköpsvaror;mkr;1283;Helsingborg;2016;7524
N52003;Försäljning av sällanköpsvaror;mkr;1283;Helsingborg;2017;7524
N52003;Försäljning av sällanköpsvaror;mkr;1283;Helsingborg;2018;7524
N52003;Försäljning av sällanköpsvaror;mkr;1283;Helsingborg;2019;7674
N52003;Försäljning av sällanköpsvaror;mkr;1283;Helsingborg;2020;7674
N52003;Försäljning av sällanköpsvaror;mkr;1283;Helsingborg;2021;8058
N52003;Försäljning av sällanköpsvaror;mkr;1283;Helsingborg;2022;8173
N52003;Försäljning av sällanköpsvaror;mkr;1283;Helsingborg;2023;8141
N52003;Försäljning av sällanköpsvaror;mkr;1283;Helsingborg;2024;8245,6
N52003;Försäljning av sällanköpsvaror;mkr;1283;Helsingborg;2025;8544
N52003;Försäljning av sällanköpsvaror;mkr;2480;Umeå;2002;2837
N52003;Försäljning av sällanköpsvaror;mkr;2480;Umeå;2003;2865
N52003;Försäljning av sällanköpsvaror;mkr;2480;Umeå;2004;3008
N52003;Försäljning av sällanköpsvaror;mkr;2480;Umeå;2005;3188
N52003;Försäljning av sällanköpsvaror;mkr;2480;Umeå;2006;3411
N52003;Försäljning av sällanköpsvaror;mkr;2480;Umeå;2007;3888
N52003;Försäljning av sällanköpsvaror;mkr;2480;Umeå;2008;3927
N52003;Försäljning av sällanköpsvaror;mkr;2480;Umeå;2009;4123
N52003;Försäljning av sällanköpsvaror;mkr;2480;Umeå;2010;4288
N52003;Försäljning av sällanköpsvaror;mkr;2480;Umeå;2011;4202
N52003;Försäljning av sällanköpsvaror;mkr;2480;Umeå;2012;4244
N52003;Försäljning av sällanköpsvaror;mkr;2480;Umeå;2013;4329
N52003;Försäljning av sällanköpsvaror;mkr;2480;Umeå;2014;4416
N52003;Försäljning av sällanköpsvaror;mkr;2480;Umeå;2015;4681
N52003;Försäljning av sällanköpsvaror;mkr;2480;Umeå;2016;5570
N52003;Försäljning av sällanköpsvaror;mkr;2480;Umeå;2017;5737
N52003;Försäljning av sällanköpsvaror;mkr;2480;Umeå;2018;5794
N52003;Försäljning av sällanköpsvaror;mkr;2480;Umeå;2019;5968
N52003;Försäljning av sällanköpsvaror;mkr;2480;Umeå;2020;5849
N52003;Försäljning av sällanköpsvaror;mkr;2480;Umeå;2021;6200
N52003;Försäljning av sällanköpsvaror;mkr;2480;Umeå;2022;6410
N52003;Försäljning av sällanköpsvaror;mkr;2480;Umeå;2023;6573
N52003;Försäljning av sällanköpsvaror;mkr;2480;Umeå;2024;6667,3
N52003;Försäljning av sällanköpsvaror;mkr;2480;Umeå;2025;6994
N52001;Försäljning av dagligvaror;mkr;1880;Örebro;1992;1869
N52001;Försäljning av dagligvaror;mkr;1880;Örebro;1993;1850
N52001;Försäljning av dagligvaror;mkr;1880;Örebro;1994;1979
N52001;Försäljning av dagligvaror;mkr;1880;Örebro;1995;1939
N52001;Försäljning av dagligvaror;mkr;1880;Örebro;1996;1997
N52001;Försäljning av dagligvaror;mkr;1880;Örebro;1997;2057
N52001;Försäljning av dagligvaror;mkr;1880;Örebro;1998;2160
N52001;Försäljning av dagligvaror;mkr;1880;Örebro;1999;2354
N52001;Försäljning av dagligvaror;mkr;1880;Örebro;2000;2448
N52001;Försäljning av dagligvaror;mkr;1880;Örebro;2001;2693
N52001;Försäljning av dagligvaror;mkr;1880;Örebro;2002;2908
N52001;Försäljning av dagligvaror;mkr;1880;Örebro;2003;2995
N52001;Försäljning av dagligvaror;mkr;1880;Örebro;2004;2935
N52001;Försäljning av dagligvaror;mkr;1880;Örebro;2005;3023
N52001;Försäljning av dagligvaror;mkr;1880;Örebro;2006;3144
N52001;Försäljning av dagligvaror;mkr;1880;Örebro;2007;3207
N52001;Försäljning av dagligvaror;mkr;1880;Örebro;2008;3496
N52001;Försäljning av dagligvaror;mkr;1880;Örebro;2009;3566
N52001;Försäljning av dagligvaror;mkr;1880;Örebro;2010;3673
N52001;Försäljning av dagligvaror;mkr;1880;Örebro;2011;3746
N52001;Försäljning av dagligvaror;mkr;1880;Örebro;2012;3971
N52001;Försäljning av dagligvaror;mkr;1880;Örebro;2013;4130
N52001;Försäljning av dagligvaror;mkr;1880;Örebro;2014;4171
N52001;Försäljning av dagligvaror;mkr;1880;Örebro;2015;4421
N52001;Försäljning av dagligvaror;mkr;1880;Örebro;2016;4554
N52001;Försäljning av dagligvaror;mkr;1880;Örebro;2017;4691
N52001;Försäljning av dagligvaror;mkr;1880;Örebro;2018;4832
N52001;Försäljning av dagligvaror;mkr;1880;Örebro;2019;4977
N52001;Försäljning av dagligvaror;mkr;1880;Örebro;2020;5325
N52001;Försäljning av dagligvaror;mkr;1880;Örebro;2021;5378
N52001;Försäljning av dagligvaror;mkr;1880;Örebro;2022;5804
N52001;Försäljning av dagligvaror;mkr;1880;Örebro;2023;6133
N52001;Försäljning av dagligvaror;mkr;1880;Örebro;2024;6182
N52001;Försäljning av dagligvaror;mkr;1880;Örebro;2025;6448
N52001;Försäljning av dagligvaror;mkr;0380;Uppsala;1992;2975
N52001;Försäljning av dagligvaror;mkr;0380;Uppsala;1993;3005
N52001;Försäljning av dagligvaror;mkr;0380;Uppsala;1994;3125
N52001;Försäljning av dagligvaror;mkr;0380;Uppsala;1995;3187
N52001;Försäljning av dagligvaror;mkr;0380;Uppsala;1996;3283
N52001;Försäljning av dagligvaror;mkr;0380;Uppsala;1997;3414
N52001;Försäljning av dagligvaror;mkr;0380;Uppsala;1998;3516
N52001;Försäljning av dagligvaror;mkr;0380;Uppsala;1999;3621
N52001;Försäljning av dagligvaror;mkr;0380;Uppsala;2000;3802
N52001;Försäljning av dagligvaror;mkr;0380;Uppsala;2001;3916
N52001;Försäljning av dagligvaror;mkr;0380;Uppsala;2002;4033
N52001;Försäljning av dagligvaror;mkr;0380;Uppsala;2003;4073
N52001;Försäljning av dagligvaror;mkr;0380;Uppsala;2004;4114
N52001;Försäljning av dagligvaror;mkr;0380;Uppsala;2005;4320
N52001;Försäljning av dagligvaror;mkr;0380;Uppsala;2006;4622
N52001;Försäljning av dagligvaror;mkr;0380;Uppsala;2007;4761
N52001;Försäljning av dagligvaror;mkr;0380;Uppsala;2008;5047
N52001;Försäljning av dagligvaror;mkr;0380;Uppsala;2009;5299
N52001;Försäljning av dagligvaror;mkr;0380;Uppsala;2010;5405
N52001;Försäljning av dagligvaror;mkr;0380;Uppsala;2011;5513
N52001;Försäljning av dagligvaror;mkr;0380;Uppsala;2012;5733
N52001;Försäljning av dagligvaror;mkr;0380;Uppsala;2013;5790
N52001;Försäljning av dagligvaror;mkr;0380;Uppsala;2014;5964
N52001;Försäljning av dagligvaror;mkr;0380;Uppsala;2015;6203
N52001;Försäljning av dagligvaror;mkr;0380;Uppsala;2016;6327
N52001;Försäljning av dagligvaror;mkr;0380;Uppsala;2017;6454
N52001;Försäljning av dagligvaror;mkr;0380;Uppsala;2018;6712
N52001;Försäljning av dagligvaror;mkr;0380;Uppsala;2019;7048
N52001;Försäljning av dagligvaror;mkr;0380;Uppsala;2020;7259
N52001;Försäljning av dagligvaror;mkr;0380;Uppsala;2021;7404
N52001;Försäljning av dagligvaror;mkr;0380;Uppsala;2022;7899
N52001;Försäljning av dagligvaror;mkr;0380;Uppsala;2023;8463
N52001;Försäljning av dagligvaror;mkr;0380;Uppsala;2024;8826
N52001;Försäljning av dagligvaror;mkr;0380;Uppsala;2025;9121
N52001;Försäljning av dagligvaror;mkr;0580;Linköping;1992;1646
N52001;Försäljning av dagligvaror;mkr;0580;Linköping;1993;1811
N52001;Försäljning av dagligvaror;mkr;0580;Linköping;1994;2028
N52001;Försäljning av dagligvaror;mkr;0580;Linköping;1995;2170
N52001;Försäljning av dagligvaror;mkr;0580;Linköping;1996;2213
N52001;Försäljning av dagligvaror;mkr;0580;Linköping;1997;2302
N52001;Försäljning av dagligvaror;mkr;0580;Linköping;1998;2440
N52001;Försäljning av dagligvaror;mkr;0580;Linköping;1999;2464
N52001;Försäljning av dagligvaror;mkr;0580;Linköping;2000;2587
N52001;Försäljning av dagligvaror;mkr;0580;Linköping;2001;2690
N52001;Försäljning av dagligvaror;mkr;0580;Linköping;2002;2798
N52001;Försäljning av dagligvaror;mkr;0580;Linköping;2003;2966
N52001;Försäljning av dagligvaror;mkr;0580;Linköping;2004;3233
N52001;Försäljning av dagligvaror;mkr;0580;Linköping;2005;3330
N52001;Försäljning av dagligvaror;mkr;0580;Linköping;2006;3463
N52001;Försäljning av dagligvaror;mkr;0580;Linköping;2007;3567
N52001;Försäljning av dagligvaror;mkr;0580;Linköping;2008;3781
N52001;Försäljning av dagligvaror;mkr;0580;Linköping;2009;3970
N52001;Försäljning av dagligvaror;mkr;0580;Linköping;2010;4168
N52001;Försäljning av dagligvaror;mkr;0580;Linköping;2011;4251
N52001;Försäljning av dagligvaror;mkr;0580;Linköping;2012;4421
N52001;Försäljning av dagligvaror;mkr;0580;Linköping;2013;4598
N52001;Försäljning av dagligvaror;mkr;0580;Linköping;2014;4736
N52001;Försäljning av dagligvaror;mkr;0580;Linköping;2015;4925
N52001;Försäljning av dagligvaror;mkr;0580;Linköping;2016;5023
N52001;Försäljning av dagligvaror;mkr;0580;Linköping;2017;5123
N52001;Försäljning av dagligvaror;mkr;0580;Linköping;2018;5225
N52001;Försäljning av dagligvaror;mkr;0580;Linköping;2019;5330
N52001;Försäljning av dagligvaror;mkr;0580;Linköping;2020;5597
N52001;Försäljning av dagligvaror;mkr;0580;Linköping;2021;5597
N52001;Försäljning av dagligvaror;mkr;0580;Linköping;2022;6009
N52001;Försäljning av dagligvaror;mkr;0580;Linköping;2023;6345
N52001;Försäljning av dagligvaror;mkr;0580;Linköping;2024;6582
N52001;Försäljning av dagligvaror;mkr;0580;Linköping;2025;6825
N52001;Försäljning av dagligvaror;mkr;1980;Västerås;1992;2112
N52001;Försäljning av dagligvaror;mkr;1980;Västerås;1993;2154
N52001;Försäljning av dagligvaror;mkr;1980;Västerås;1994;2154
N52001;Försäljning av dagligvaror;mkr;1980;Västerås;1995;2219
N52001;Försäljning av dagligvaror;mkr;1980;Västerås;1996;2108
N52001;Försäljning av dagligvaror;mkr;1980;Västerås;1997;2213
N52001;Försäljning av dagligvaror;mkr;1980;Västerås;1998;2346
N52001;Försäljning av dagligvaror;mkr;1980;Västerås;1999;2463
N52001;Försäljning av dagligvaror;mkr;1980;Västerås;2000;2561
N52001;Försäljning av dagligvaror;mkr;1980;Västerås;2001;2638
N52001;Försäljning av dagligvaror;mkr;1980;Västerås;2002;2796
N52001;Försäljning av dagligvaror;mkr;1980;Västerås;2003;2964
N52001;Försäljning av dagligvaror;mkr;1980;Västerås;2004;3053
N52001;Försäljning av dagligvaror;mkr;1980;Västerås;2005;3267
N52001;Försäljning av dagligvaror;mkr;1980;Västerås;2006;3430
N52001;Försäljning av dagligvaror;mkr;1980;Västerås;2007;3567
N52001;Försäljning av dagligvaror;mkr;1980;Västerås;2008;3817
N52001;Försäljning av dagligvaror;mkr;1980;Västerås;2009;3931
N52001;Försäljning av dagligvaror;mkr;1980;Västerås;2010;3970
N52001;Försäljning av dagligvaror;mkr;1980;Västerås;2011;4129
N52001;Försäljning av dagligvaror;mkr;1980;Västerås;2012;4335
N52001;Försäljning av dagligvaror;mkr;1980;Västerås;2013;4422
N52001;Försäljning av dagligvaror;mkr;1980;Västerås;2014;4510
N52001;Försäljning av dagligvaror;mkr;1980;Västerås;2015;4690
N52001;Försäljning av dagligvaror;mkr;1980;Västerås;2016;4784
N52001;Försäljning av dagligvaror;mkr;1980;Västerås;2017;4928
N52001;Försäljning av dagligvaror;mkr;1980;Västerås;2018;5076
N52001;Försäljning av dagligvaror;mkr;1980;Västerås;2019;5178
N52001;Försäljning av dagligvaror;mkr;1980;Västerås;2020;5489
N52001;Försäljning av dagligvaror;mkr;1980;Västerås;2021;5489
N52001;Försäljning av dagligvaror;mkr;1980;Västerås;2022;5882
N52001;Försäljning av dagligvaror;mkr;1980;Västerås;2023;6135
N52001;Försäljning av dagligvaror;mkr;1980;Västerås;2024;6427
N52001;Försäljning av dagligvaror;mkr;1980;Västerås;2025;6648
N52001;Försäljning av dagligvaror;mkr;0581;Norrköping;1992;1998
N52001;Försäljning av dagligvaror;mkr;0581;Norrköping;1993;2018
N52001;Försäljning av dagligvaror;mkr;0581;Norrköping;1994;2200
N52001;Försäljning av dagligvaror;mkr;0581;Norrköping;1995;2332
N52001;Försäljning av dagligvaror;mkr;0581;Norrköping;1996;2309
N52001;Försäljning av dagligvaror;mkr;0581;Norrköping;1997;2263
N52001;Försäljning av dagligvaror;mkr;0581;Norrköping;1998;2331
N52001;Försäljning av dagligvaror;mkr;0581;Norrköping;1999;2424
N52001;Försäljning av dagligvaror;mkr;0581;Norrköping;2000;2521
N52001;Försäljning av dagligvaror;mkr;0581;Norrköping;2001;2571
N52001;Försäljning av dagligvaror;mkr;0581;Norrköping;2002;2700
N52001;Försäljning av dagligvaror;mkr;0581;Norrköping;2003;2808
N52001;Försäljning av dagligvaror;mkr;0581;Norrköping;2004;2892
N52001;Försäljning av dagligvaror;mkr;0581;Norrköping;2005;2892
N52001;Försäljning av dagligvaror;mkr;0581;Norrköping;2006;3037
N52001;Försäljning av dagligvaror;mkr;0581;Norrköping;2007;3250
N52001;Försäljning av dagligvaror;mkr;0581;Norrköping;2008;3445
N52001;Försäljning av dagligvaror;mkr;0581;Norrköping;2009;3548
N52001;Försäljning av dagligvaror;mkr;0581;Norrköping;2010;3654
N52001;Försäljning av dagligvaror;mkr;0581;Norrköping;2011;3764
N52001;Försäljning av dagligvaror;mkr;0581;Norrköping;2012;3877
N52001;Försäljning av dagligvaror;mkr;0581;Norrköping;2013;3916
N52001;Försäljning av dagligvaror;mkr;0581;Norrköping;2014;3994
N52001;Försäljning av dagligvaror;mkr;0581;Norrköping;2015;4154
N52001;Försäljning av dagligvaror;mkr;0581;Norrköping;2016;4196
N52001;Försäljning av dagligvaror;mkr;0581;Norrköping;2017;4280
N52001;Försäljning av dagligvaror;mkr;0581;Norrköping;2018;4323
N52001;Försäljning av dagligvaror;mkr;0581;Norrköping;2019;4453
N52001;Försäljning av dagligvaror;mkr;0581;Norrköping;2020;4631
N52001;Försäljning av dagligvaror;mkr;0581;Norrköping;2021;4677
N52001;Försäljning av dagligvaror;mkr;0581;Norrköping;2022;5135
N52001;Försäljning av dagligvaror;mkr;0581;Norrköping;2023;5517
N52001;Försäljning av dagligvaror;mkr;0581;Norrköping;2024;5609
N52001;Försäljning av dagligvaror;mkr;0581;Norrköping;2025;5829
N52001;Försäljning av dagligvaror;mkr;0680;Jönköping;1992;1945
N52001;Försäljning av dagligvaror;mkr;0680;Jönköping;1993;1945
N52001;Försäljning av dagligvaror;mkr;0680;Jönköping;1994;1926
N52001;Försäljning av dagligvaror;mkr;0680;Jönköping;1995;1887
N52001;Försäljning av dagligvaror;mkr;0680;Jönköping;1996;1925
N52001;Försäljning av dagligvaror;mkr;0680;Jönköping;1997;2040
N52001;Försäljning av dagligvaror;mkr;0680;Jönköping;1998;2101
N52001;Försäljning av dagligvaror;mkr;0680;Jönköping;1999;2143
N52001;Försäljning av dagligvaror;mkr;0680;Jönköping;2000;2250
N52001;Försäljning av dagligvaror;mkr;0680;Jönköping;2001;2318
N52001;Försäljning av dagligvaror;mkr;0680;Jönköping;2002;2411
N52001;Försäljning av dagligvaror;mkr;0680;Jönköping;2003;2580
N52001;Försäljning av dagligvaror;mkr;0680;Jönköping;2004;2683
N52001;Försäljning av dagligvaror;mkr;0680;Jönköping;2005;2764
N52001;Försäljning av dagligvaror;mkr;0680;Jönköping;2006;2847
N52001;Försäljning av dagligvaror;mkr;0680;Jönköping;2007;2989
N52001;Försäljning av dagligvaror;mkr;0680;Jönköping;2008;3138
N52001;Försäljning av dagligvaror;mkr;0680;Jönköping;2009;3232
N52001;Försäljning av dagligvaror;mkr;0680;Jönköping;2010;3329
N52001;Försäljning av dagligvaror;mkr;0680;Jönköping;2011;3529
N52001;Försäljning av dagligvaror;mkr;0680;Jönköping;2012;3670
N52001;Försäljning av dagligvaror;mkr;0680;Jönköping;2013;3743
N52001;Försäljning av dagligvaror;mkr;0680;Jönköping;2014;3818
N52001;Försäljning av dagligvaror;mkr;0680;Jönköping;2015;3933
N52001;Försäljning av dagligvaror;mkr;0680;Jönköping;2016;4012
N52001;Försäljning av dagligvaror;mkr;0680;Jönköping;2017;4132
N52001;Försäljning av dagligvaror;mkr;0680;Jönköping;2018;4297
N52001;Försäljning av dagligvaror;mkr;0680;Jönköping;2019;4512
N52001;Försäljning av dagligvaror;mkr;0680;Jönköping;2020;4692
N52001;Försäljning av dagligvaror;mkr;0680;Jönköping;2021;4786
N52001;Försäljning av dagligvaror;mkr;0680;Jönköping;2022;5327
N52001;Försäljning av dagligvaror;mkr;0680;Jönköping;2023;5927
N52001;Försäljning av dagligvaror;mkr;0680;Jönköping;2024;6160
N52001;Försäljning av dagligvaror;mkr;0680;Jönköping;2025;6309
N52001;Försäljning av dagligvaror;mkr;1283;Helsingborg;1992;1707
N52001;Försäljning av dagligvaror;mkr;1283;Helsingborg;1993;1912
N52001;Försäljning av dagligvaror;mkr;1283;Helsingborg;1994;1988
N52001;Försäljning av dagligvaror;mkr;1283;Helsingborg;1995;2068
N52001;Försäljning av dagligvaror;mkr;1283;Helsingborg;1996;1903
N52001;Försäljning av dagligvaror;mkr;1283;Helsingborg;1997;1865
N52001;Försäljning av dagligvaror;mkr;1283;Helsingborg;1998;1940
N52001;Försäljning av dagligvaror;mkr;1283;Helsingborg;1999;2056
N52001;Försäljning av dagligvaror;mkr;1283;Helsingborg;2000;2200
N52001;Försäljning av dagligvaror;mkr;1283;Helsingborg;2001;2310
N52001;Försäljning av dagligvaror;mkr;1283;Helsingborg;2002;2425
N52001;Försäljning av dagligvaror;mkr;1283;Helsingborg;2003;2425
N52001;Försäljning av dagligvaror;mkr;1283;Helsingborg;2004;2425
N52001;Försäljning av dagligvaror;mkr;1283;Helsingborg;2005;2498
N52001;Försäljning av dagligvaror;mkr;1283;Helsingborg;2006;2598
N52001;Försäljning av dagligvaror;mkr;1283;Helsingborg;2007;2728
N52001;Försäljning av dagligvaror;mkr;1283;Helsingborg;2008;2974
N52001;Försäljning av dagligvaror;mkr;1283;Helsingborg;2009;3152
N52001;Försäljning av dagligvaror;mkr;1283;Helsingborg;2010;3278
N52001;Försäljning av dagligvaror;mkr;1283;Helsingborg;2011;3376
N52001;Försäljning av dagligvaror;mkr;1283;Helsingborg;2012;3477
N52001;Försäljning av dagligvaror;mkr;1283;Helsingborg;2013;3651
N52001;Försäljning av dagligvaror;mkr;1283;Helsingborg;2014;3761
N52001;Försäljning av dagligvaror;mkr;1283;Helsingborg;2015;3987
N52001;Försäljning av dagligvaror;mkr;1283;Helsingborg;2016;4146
N52001;Försäljning av dagligvaror;mkr;1283;Helsingborg;2017;4270
N52001;Försäljning av dagligvaror;mkr;1283;Helsingborg;2018;4441
N52001;Försäljning av dagligvaror;mkr;1283;Helsingborg;2019;4663
N52001;Försäljning av dagligvaror;mkr;1283;Helsingborg;2020;4803
N52001;Försäljning av dagligvaror;mkr;1283;Helsingborg;2021;4947
N52001;Försäljning av dagligvaror;mkr;1283;Helsingborg;2022;5312
N52001;Försäljning av dagligvaror;mkr;1283;Helsingborg;2023;5857
N52001;Försäljning av dagligvaror;mkr;1283;Helsingborg;2024;6161
N52001;Försäljning av dagligvaror;mkr;1283;Helsingborg;2025;6010
N52001;Försäljning av dagligvaror;mkr;2480;Umeå;1992;1565
N52001;Försäljning av dagligvaror;mkr;2480;Umeå;1993;1690
N52001;Försäljning av dagligvaror;mkr;2480;Umeå;1994;1775
N52001;Försäljning av dagligvaror;mkr;2480;Umeå;1995;1828
N52001;Försäljning av dagligvaror;mkr;2480;Umeå;1996;1773
N52001;Försäljning av dagligvaror;mkr;2480;Umeå;1997;1844
N52001;Försäljning av dagligvaror;mkr;2480;Umeå;1998;1936
N52001;Försäljning av dagligvaror;mkr;2480;Umeå;1999;2110
N52001;Försäljning av dagligvaror;mkr;2480;Umeå;2000;2131
N52001;Försäljning av dagligvaror;mkr;2480;Umeå;2001;2216
N52001;Försäljning av dagligvaror;mkr;2480;Umeå;2002;2305
N52001;Försäljning av dagligvaror;mkr;2480;Umeå;2003;2397
N52001;Försäljning av dagligvaror;mkr;2480;Umeå;2004;2589
N52001;Försäljning av dagligvaror;mkr;2480;Umeå;2005;2744
N52001;Försäljning av dagligvaror;mkr;2480;Umeå;2006;3046
N52001;Försäljning av dagligvaror;mkr;2480;Umeå;2007;3137
N52001;Försäljning av dagligvaror;mkr;2480;Umeå;2008;3325
N52001;Försäljning av dagligvaror;mkr;2480;Umeå;2009;3458
N52001;Försäljning av dagligvaror;mkr;2480;Umeå;2010;3458
N52001;Försäljning av dagligvaror;mkr;2480;Umeå;2011;3458
N52001;Försäljning av dagligvaror;mkr;2480;Umeå;2012;3493
N52001;Försäljning av dagligvaror;mkr;2480;Umeå;2013;3598
N52001;Försäljning av dagligvaror;mkr;2480;Umeå;2014;3634
N52001;Försäljning av dagligvaror;mkr;2480;Umeå;2015;3743
N52001;Försäljning av dagligvaror;mkr;2480;Umeå;2016;3893
N52001;Försäljning av dagligvaror;mkr;2480;Umeå;2017;4010
N52001;Försäljning av dagligvaror;mkr;2480;Umeå;2018;4170
N52001;Försäljning av dagligvaror;mkr;2480;Umeå;2019;4337
N52001;Försäljning av dagligvaror;mkr;2480;Umeå;2020;4597
N52001;Försäljning av dagligvaror;mkr;2480;Umeå;2021;4643
N52001;Försäljning av dagligvaror;mkr;2480;Umeå;2022;4910
N52001;Försäljning av dagligvaror;mkr;2480;Umeå;2023;5234
N52001;Försäljning av dagligvaror;mkr;2480;Umeå;2024;5507
N52001;Försäljning av dagligvaror;mkr;2480;Umeå;2025;5807
N07530;Nära till matbutik;%;1880;Örebro;2017;78,49
N07530;Nära till matbutik;%;1880;Örebro;2018;78,44
N07530;Nära till matbutik;%;1880;Örebro;2019;78,41
N07530;Nära till matbutik;%;1880;Örebro;2022;79,67
N07530;Nära till matbutik;%;1880;Örebro;2023;79,54
N07530;Nära till matbutik;%;1880;Örebro;2024;79,65
N07530;Nära till matbutik;%;1880;Örebro;2025;78,67
N07530;Nära till matbutik;%;0380;Uppsala;2017;82,11
N07530;Nära till matbutik;%;0380;Uppsala;2018;81,87
N07530;Nära till matbutik;%;0380;Uppsala;2019;82
N07530;Nära till matbutik;%;0380;Uppsala;2022;82,74
N07530;Nära till matbutik;%;0380;Uppsala;2023;82,83
N07530;Nära till matbutik;%;0380;Uppsala;2024;82,79
N07530;Nära till matbutik;%;0380;Uppsala;2025;82,29
N07530;Nära till matbutik;%;0580;Linköping;2017;84,55
N07530;Nära till matbutik;%;0580;Linköping;2018;84,76
N07530;Nära till matbutik;%;0580;Linköping;2019;85,32
N07530;Nära till matbutik;%;0580;Linköping;2022;84,77
N07530;Nära till matbutik;%;0580;Linköping;2023;84,74
N07530;Nära till matbutik;%;0580;Linköping;2024;85,13
N07530;Nära till matbutik;%;0580;Linköping;2025;83,7
N07530;Nära till matbutik;%;1980;Västerås;2017;82,07
N07530;Nära till matbutik;%;1980;Västerås;2018;81,74
N07530;Nära till matbutik;%;1980;Västerås;2019;84,43
N07530;Nära till matbutik;%;1980;Västerås;2022;81,88
N07530;Nära till matbutik;%;1980;Västerås;2023;81,85
N07530;Nära till matbutik;%;1980;Västerås;2024;82,5
N07530;Nära till matbutik;%;1980;Västerås;2025;81,37
N07530;Nära till matbutik;%;0581;Norrköping;2017;83,18
N07530;Nära till matbutik;%;0581;Norrköping;2018;82,89
N07530;Nära till matbutik;%;0581;Norrköping;2019;83,43
N07530;Nära till matbutik;%;0581;Norrköping;2022;82,05
N07530;Nära till matbutik;%;0581;Norrköping;2023;82,44
N07530;Nära till matbutik;%;0581;Norrköping;2024;82,56
N07530;Nära till matbutik;%;0581;Norrköping;2025;82,25
N07530;Nära till matbutik;%;0680;Jönköping;2017;81,53
N07530;Nära till matbutik;%;0680;Jönköping;2018;81,46
N07530;Nära till matbutik;%;0680;Jönköping;2019;81,81
N07530;Nära till matbutik;%;0680;Jönköping;2022;80,88
N07530;Nära till matbutik;%;0680;Jönköping;2023;80,89
N07530;Nära till matbutik;%;0680;Jönköping;2024;81,44
N07530;Nära till matbutik;%;0680;Jönköping;2025;81,08
N07530;Nära till matbutik;%;1283;Helsingborg;2017;88,45
N07530;Nära till matbutik;%;1283;Helsingborg;2018;87,85
N07530;Nära till matbutik;%;1283;Helsingborg;2019;87,65
N07530;Nära till matbutik;%;1283;Helsingborg;2022;91,95
N07530;Nära till matbutik;%;1283;Helsingborg;2023;92,6
N07530;Nära till matbutik;%;1283;Helsingborg;2024;92,47
N07530;Nära till matbutik;%;1283;Helsingborg;2025;91,98
N07530;Nära till matbutik;%;2480;Umeå;2017;80,97
N07530;Nära till matbutik;%;2480;Umeå;2018;81,05
N07530;Nära till matbutik;%;2480;Umeå;2019;83,93
N07530;Nära till matbutik;%;2480;Umeå;2022;83,84
N07530;Nära till matbutik;%;2480;Umeå;2023;83,31
N07530;Nära till matbutik;%;2480;Umeå;2024;83,22
N07530;Nära till matbutik;%;2480;Umeå;2025;83,22
N07530;Nära till matbutik;%;0000;Hela Sverige;2017;78,33
N07530;Nära till matbutik;%;0000;Hela Sverige;2018;78,35
N07530;Nära till matbutik;%;0000;Hela Sverige;2019;78,88
N07530;Nära till matbutik;%;0000;Hela Sverige;2022;78,32
N07530;Nära till matbutik;%;0000;Hela Sverige;2023;78,31
N07530;Nära till matbutik;%;0000;Hela Sverige;2024;78,74
N07530;Nära till matbutik;%;0000;Hela Sverige;2025;78,09
