kommun;ar;drivmedel;antal
Örebro;2006;Bensin;3721
Örebro;2006;Diesel;1114
Örebro;2006;El;0
Örebro;2006;Elhybrid;57
Örebro;2006;Laddhybrid;0
Örebro;2006;Etanol;487
Örebro;2006;Gas;89
Örebro;2006;Övriga;0
Örebro;2007;Bensin;2718
Örebro;2007;Diesel;1701
Örebro;2007;El;0
Örebro;2007;Elhybrid;70
Örebro;2007;Laddhybrid;0
Örebro;2007;Etanol;505
Örebro;2007;Gas;47
Örebro;2007;Övriga;0
Örebro;2008;Bensin;1585
Örebro;2008;Diesel;1302
Örebro;2008;El;0
Örebro;2008;Elhybrid;66
Örebro;2008;Laddhybrid;0
Örebro;2008;Etanol;720
Örebro;2008;Gas;23
Örebro;2008;Övriga;0
Örebro;2009;Bensin;1251
Örebro;2009;Diesel;1480
Örebro;2009;El;0
Örebro;2009;Elhybrid;66
Örebro;2009;Laddhybrid;0
Örebro;2009;Etanol;530
Örebro;2009;Gas;167
Örebro;2009;Övriga;0
Örebro;2010;Bensin;1523
Örebro;2010;Diesel;2506
Örebro;2010;El;0
Örebro;2010;Elhybrid;74
Örebro;2010;Laddhybrid;0
Örebro;2010;Etanol;521
Örebro;2010;Gas;153
Örebro;2010;Övriga;2
Örebro;2011;Bensin;1509
Örebro;2011;Diesel;3165
Örebro;2011;El;4
Örebro;2011;Elhybrid;87
Örebro;2011;Laddhybrid;0
Örebro;2011;Etanol;151
Örebro;2011;Gas;87
Örebro;2011;Övriga;0
Örebro;2012;Bensin;1441
Örebro;2012;Diesel;3344
Örebro;2012;El;1
Örebro;2012;Elhybrid;88
Örebro;2012;Laddhybrid;5
Örebro;2012;Etanol;120
Örebro;2012;Gas;66
Örebro;2012;Övriga;1
Örebro;2013;Bensin;1664
Örebro;2013;Diesel;2843
Örebro;2013;El;2
Örebro;2013;Elhybrid;98
Örebro;2013;Laddhybrid;10
Örebro;2013;Etanol;66
Örebro;2013;Gas;74
Örebro;2013;Övriga;1
Örebro;2014;Bensin;1830
Örebro;2014;Diesel;3408
Örebro;2014;El;10
Örebro;2014;Elhybrid;166
Örebro;2014;Laddhybrid;29
Örebro;2014;Etanol;27
Örebro;2014;Gas;129
Örebro;2014;Övriga;0
Örebro;2015;Bensin;2082
Örebro;2015;Diesel;3032
Örebro;2015;El;37
Örebro;2015;Elhybrid;177
Örebro;2015;Laddhybrid;50
Örebro;2015;Etanol;5
Örebro;2015;Gas;70
Örebro;2015;Övriga;0
Örebro;2016;Bensin;2321
Örebro;2016;Diesel;2702
Örebro;2016;El;19
Örebro;2016;Elhybrid;271
Örebro;2016;Laddhybrid;101
Örebro;2016;Etanol;2
Örebro;2016;Gas;101
Örebro;2016;Övriga;0
Örebro;2017;Bensin;2323
Örebro;2017;Diesel;2436
Örebro;2017;El;73
Örebro;2017;Elhybrid;471
Örebro;2017;Laddhybrid;157
Örebro;2017;Etanol;3
Örebro;2017;Gas;107
Örebro;2017;Övriga;1
Örebro;2018;Bensin;2525
Örebro;2018;Diesel;1858
Örebro;2018;El;80
Örebro;2018;Elhybrid;443
Örebro;2018;Laddhybrid;209
Örebro;2018;Etanol;3
Örebro;2018;Gas;57
Örebro;2018;Övriga;0
Örebro;2019;Bensin;2289
Örebro;2019;Diesel;1314
Örebro;2019;El;153
Örebro;2019;Elhybrid;654
Örebro;2019;Laddhybrid;254
Örebro;2019;Etanol;4
Örebro;2019;Gas;116
Örebro;2019;Övriga;0
Örebro;2020;Bensin;1527
Örebro;2020;Diesel;956
Örebro;2020;El;261
Örebro;2020;Elhybrid;454
Örebro;2020;Laddhybrid;669
Örebro;2020;Etanol;7
Örebro;2020;Gas;30
Örebro;2020;Övriga;0
Örebro;2021;Bensin;1347
Örebro;2021;Diesel;780
Örebro;2021;El;639
Örebro;2021;Elhybrid;441
Örebro;2021;Laddhybrid;789
Örebro;2021;Etanol;31
Örebro;2021;Gas;5
Örebro;2021;Övriga;0
Örebro;2022;Bensin;1019
Örebro;2022;Diesel;503
Örebro;2022;El;1296
Örebro;2022;Elhybrid;444
Örebro;2022;Laddhybrid;807
Örebro;2022;Etanol;35
Örebro;2022;Gas;15
Örebro;2022;Övriga;0
Örebro;2023;Bensin;910
Örebro;2023;Diesel;400
Örebro;2023;El;1201
Örebro;2023;Elhybrid;436
Örebro;2023;Laddhybrid;671
Örebro;2023;Etanol;40
Örebro;2023;Gas;44
Örebro;2023;Övriga;0
Örebro;2024;Bensin;954
Örebro;2024;Diesel;359
Örebro;2024;El;991
Örebro;2024;Elhybrid;428
Örebro;2024;Laddhybrid;696
Örebro;2024;Etanol;58
Örebro;2024;Gas;1
Örebro;2024;Övriga;0
Örebro;2025;Bensin;890
Örebro;2025;Diesel;385
Örebro;2025;El;971
Örebro;2025;Elhybrid;297
Örebro;2025;Laddhybrid;899
Örebro;2025;Etanol;26
Örebro;2025;Gas;0
Örebro;2025;Övriga;1
Örebro;2026;Bensin;839
Örebro;2026;Diesel;357
Örebro;2026;El;1498
Örebro;2026;Elhybrid;205
Örebro;2026;Laddhybrid;1616
Örebro;2026;Etanol;8
Örebro;2026;Gas;0
Örebro;2026;Övriga;0
Uppsala;2006;Bensin;4603
Uppsala;2006;Diesel;1534
Uppsala;2006;El;0
Uppsala;2006;Elhybrid;70
Uppsala;2006;Laddhybrid;0
Uppsala;2006;Etanol;855
Uppsala;2006;Gas;51
Uppsala;2006;Övriga;0
Uppsala;2007;Bensin;3379
Uppsala;2007;Diesel;2489
Uppsala;2007;El;0
Uppsala;2007;Elhybrid;72
Uppsala;2007;Laddhybrid;0
Uppsala;2007;Etanol;776
Uppsala;2007;Gas;10
Uppsala;2007;Övriga;1
Uppsala;2008;Bensin;2279
Uppsala;2008;Diesel;2248
Uppsala;2008;El;0
Uppsala;2008;Elhybrid;66
Uppsala;2008;Laddhybrid;0
Uppsala;2008;Etanol;1118
Uppsala;2008;Gas;14
Uppsala;2008;Övriga;0
Uppsala;2009;Bensin;2083
Uppsala;2009;Diesel;2436
Uppsala;2009;El;0
Uppsala;2009;Elhybrid;53
Uppsala;2009;Laddhybrid;0
Uppsala;2009;Etanol;821
Uppsala;2009;Gas;104
Uppsala;2009;Övriga;0
Uppsala;2010;Bensin;2129
Uppsala;2010;Diesel;3451
Uppsala;2010;El;0
Uppsala;2010;Elhybrid;78
Uppsala;2010;Laddhybrid;0
Uppsala;2010;Etanol;667
Uppsala;2010;Gas;134
Uppsala;2010;Övriga;1
Uppsala;2011;Bensin;1799
Uppsala;2011;Diesel;3757
Uppsala;2011;El;1
Uppsala;2011;Elhybrid;45
Uppsala;2011;Laddhybrid;0
Uppsala;2011;Etanol;246
Uppsala;2011;Gas;64
Uppsala;2011;Övriga;1
Uppsala;2012;Bensin;1858
Uppsala;2012;Diesel;4283
Uppsala;2012;El;3
Uppsala;2012;Elhybrid;62
Uppsala;2012;Laddhybrid;17
Uppsala;2012;Etanol;128
Uppsala;2012;Gas;85
Uppsala;2012;Övriga;1
Uppsala;2013;Bensin;2346
Uppsala;2013;Diesel;4308
Uppsala;2013;El;4
Uppsala;2013;Elhybrid;113
Uppsala;2013;Laddhybrid;29
Uppsala;2013;Etanol;62
Uppsala;2013;Gas;63
Uppsala;2013;Övriga;2
Uppsala;2014;Bensin;2485
Uppsala;2014;Diesel;4364
Uppsala;2014;El;27
Uppsala;2014;Elhybrid;176
Uppsala;2014;Laddhybrid;107
Uppsala;2014;Etanol;91
Uppsala;2014;Gas;84
Uppsala;2014;Övriga;2
Uppsala;2015;Bensin;2787
Uppsala;2015;Diesel;4166
Uppsala;2015;El;66
Uppsala;2015;Elhybrid;207
Uppsala;2015;Laddhybrid;248
Uppsala;2015;Etanol;53
Uppsala;2015;Gas;77
Uppsala;2015;Övriga;0
Uppsala;2016;Bensin;2950
Uppsala;2016;Diesel;3765
Uppsala;2016;El;66
Uppsala;2016;Elhybrid;339
Uppsala;2016;Laddhybrid;159
Uppsala;2016;Etanol;70
Uppsala;2016;Gas;56
Uppsala;2016;Övriga;2
Uppsala;2017;Bensin;3120
Uppsala;2017;Diesel;2932
Uppsala;2017;El;78
Uppsala;2017;Elhybrid;409
Uppsala;2017;Laddhybrid;293
Uppsala;2017;Etanol;119
Uppsala;2017;Gas;85
Uppsala;2017;Övriga;1
Uppsala;2018;Bensin;2912
Uppsala;2018;Diesel;2276
Uppsala;2018;El;128
Uppsala;2018;Elhybrid;532
Uppsala;2018;Laddhybrid;359
Uppsala;2018;Etanol;86
Uppsala;2018;Gas;60
Uppsala;2018;Övriga;1
Uppsala;2019;Bensin;2922
Uppsala;2019;Diesel;1525
Uppsala;2019;El;336
Uppsala;2019;Elhybrid;729
Uppsala;2019;Laddhybrid;422
Uppsala;2019;Etanol;66
Uppsala;2019;Gas;115
Uppsala;2019;Övriga;0
Uppsala;2020;Bensin;1763
Uppsala;2020;Diesel;760
Uppsala;2020;El;599
Uppsala;2020;Elhybrid;650
Uppsala;2020;Laddhybrid;880
Uppsala;2020;Etanol;4
Uppsala;2020;Gas;58
Uppsala;2020;Övriga;1
Uppsala;2021;Bensin;1448
Uppsala;2021;Diesel;570
Uppsala;2021;El;979
Uppsala;2021;Elhybrid;605
Uppsala;2021;Laddhybrid;1164
Uppsala;2021;Etanol;16
Uppsala;2021;Gas;12
Uppsala;2021;Övriga;2
Uppsala;2022;Bensin;1019
Uppsala;2022;Diesel;492
Uppsala;2022;El;1742
Uppsala;2022;Elhybrid;650
Uppsala;2022;Laddhybrid;906
Uppsala;2022;Etanol;72
Uppsala;2022;Gas;41
Uppsala;2022;Övriga;1
Uppsala;2023;Bensin;779
Uppsala;2023;Diesel;391
Uppsala;2023;El;1751
Uppsala;2023;Elhybrid;672
Uppsala;2023;Laddhybrid;970
Uppsala;2023;Etanol;118
Uppsala;2023;Gas;56
Uppsala;2023;Övriga;1
Uppsala;2024;Bensin;837
Uppsala;2024;Diesel;272
Uppsala;2024;El;1254
Uppsala;2024;Elhybrid;683
Uppsala;2024;Laddhybrid;919
Uppsala;2024;Etanol;142
Uppsala;2024;Gas;16
Uppsala;2024;Övriga;1
Uppsala;2025;Bensin;820
Uppsala;2025;Diesel;244
Uppsala;2025;El;1474
Uppsala;2025;Elhybrid;614
Uppsala;2025;Laddhybrid;1072
Uppsala;2025;Etanol;45
Uppsala;2025;Gas;0
Uppsala;2025;Övriga;0
Uppsala;2026;Bensin;423
Uppsala;2026;Diesel;191
Uppsala;2026;El;1554
Uppsala;2026;Elhybrid;418
Uppsala;2026;Laddhybrid;757
Uppsala;2026;Etanol;28
Uppsala;2026;Gas;2
Uppsala;2026;Övriga;0
Linköping;2006;Bensin;3302
Linköping;2006;Diesel;978
Linköping;2006;El;0
Linköping;2006;Elhybrid;79
Linköping;2006;Laddhybrid;0
Linköping;2006;Etanol;474
Linköping;2006;Gas;105
Linköping;2006;Övriga;0
Linköping;2007;Bensin;2745
Linköping;2007;Diesel;1805
Linköping;2007;El;0
Linköping;2007;Elhybrid;72
Linköping;2007;Laddhybrid;0
Linköping;2007;Etanol;587
Linköping;2007;Gas;55
Linköping;2007;Övriga;0
Linköping;2008;Bensin;1618
Linköping;2008;Diesel;1404
Linköping;2008;El;0
Linköping;2008;Elhybrid;94
Linköping;2008;Laddhybrid;0
Linköping;2008;Etanol;957
Linköping;2008;Gas;52
Linköping;2008;Övriga;0
Linköping;2009;Bensin;1250
Linköping;2009;Diesel;1374
Linköping;2009;El;1
Linköping;2009;Elhybrid;73
Linköping;2009;Laddhybrid;0
Linköping;2009;Etanol;750
Linköping;2009;Gas;293
Linköping;2009;Övriga;0
Linköping;2010;Bensin;1611
Linköping;2010;Diesel;2151
Linköping;2010;El;0
Linköping;2010;Elhybrid;93
Linköping;2010;Laddhybrid;0
Linköping;2010;Etanol;606
Linköping;2010;Gas;155
Linköping;2010;Övriga;1
Linköping;2011;Bensin;1666
Linköping;2011;Diesel;3226
Linköping;2011;El;1
Linköping;2011;Elhybrid;69
Linköping;2011;Laddhybrid;0
Linköping;2011;Etanol;203
Linköping;2011;Gas;215
Linköping;2011;Övriga;0
Linköping;2012;Bensin;1610
Linköping;2012;Diesel;2946
Linköping;2012;El;3
Linköping;2012;Elhybrid;56
Linköping;2012;Laddhybrid;25
Linköping;2012;Etanol;90
Linköping;2012;Gas;216
Linköping;2012;Övriga;1
Linköping;2013;Bensin;1633
Linköping;2013;Diesel;2697
Linköping;2013;El;5
Linköping;2013;Elhybrid;106
Linköping;2013;Laddhybrid;15
Linköping;2013;Etanol;101
Linköping;2013;Gas;156
Linköping;2013;Övriga;0
Linköping;2014;Bensin;2120
Linköping;2014;Diesel;2879
Linköping;2014;El;14
Linköping;2014;Elhybrid;222
Linköping;2014;Laddhybrid;33
Linköping;2014;Etanol;63
Linköping;2014;Gas;219
Linköping;2014;Övriga;0
Linköping;2015;Bensin;2169
Linköping;2015;Diesel;3424
Linköping;2015;El;37
Linköping;2015;Elhybrid;295
Linköping;2015;Laddhybrid;52
Linköping;2015;Etanol;7
Linköping;2015;Gas;173
Linköping;2015;Övriga;0
Linköping;2016;Bensin;2708
Linköping;2016;Diesel;3330
Linköping;2016;El;44
Linköping;2016;Elhybrid;549
Linköping;2016;Laddhybrid;97
Linköping;2016;Etanol;2
Linköping;2016;Gas;145
Linköping;2016;Övriga;0
Linköping;2017;Bensin;2584
Linköping;2017;Diesel;3147
Linköping;2017;El;79
Linköping;2017;Elhybrid;732
Linköping;2017;Laddhybrid;177
Linköping;2017;Etanol;1
Linköping;2017;Gas;141
Linköping;2017;Övriga;3
Linköping;2018;Bensin;2992
Linköping;2018;Diesel;1944
Linköping;2018;El;179
Linköping;2018;Elhybrid;653
Linköping;2018;Laddhybrid;307
Linköping;2018;Etanol;0
Linköping;2018;Gas;51
Linköping;2018;Övriga;2
Linköping;2019;Bensin;2600
Linköping;2019;Diesel;1707
Linköping;2019;El;303
Linköping;2019;Elhybrid;972
Linköping;2019;Laddhybrid;282
Linköping;2019;Etanol;12
Linköping;2019;Gas;68
Linköping;2019;Övriga;1
Linköping;2020;Bensin;1746
Linköping;2020;Diesel;933
Linköping;2020;El;476
Linköping;2020;Elhybrid;689
Linköping;2020;Laddhybrid;797
Linköping;2020;Etanol;0
Linköping;2020;Gas;38
Linköping;2020;Övriga;3
Linköping;2021;Bensin;1441
Linköping;2021;Diesel;650
Linköping;2021;El;898
Linköping;2021;Elhybrid;632
Linköping;2021;Laddhybrid;1049
Linköping;2021;Etanol;28
Linköping;2021;Gas;9
Linköping;2021;Övriga;0
Linköping;2022;Bensin;991
Linköping;2022;Diesel;366
Linköping;2022;El;1609
Linköping;2022;Elhybrid;596
Linköping;2022;Laddhybrid;1047
Linköping;2022;Etanol;52
Linköping;2022;Gas;10
Linköping;2022;Övriga;0
Linköping;2023;Bensin;979
Linköping;2023;Diesel;234
Linköping;2023;El;1416
Linköping;2023;Elhybrid;731
Linköping;2023;Laddhybrid;890
Linköping;2023;Etanol;51
Linköping;2023;Gas;8
Linköping;2023;Övriga;0
Linköping;2024;Bensin;968
Linköping;2024;Diesel;135
Linköping;2024;El;1099
Linköping;2024;Elhybrid;740
Linköping;2024;Laddhybrid;954
Linköping;2024;Etanol;62
Linköping;2024;Gas;2
Linköping;2024;Övriga;0
Linköping;2025;Bensin;874
Linköping;2025;Diesel;181
Linköping;2025;El;1193
Linköping;2025;Elhybrid;821
Linköping;2025;Laddhybrid;989
Linköping;2025;Etanol;18
Linköping;2025;Gas;1
Linköping;2025;Övriga;0
Linköping;2026;Bensin;518
Linköping;2026;Diesel;167
Linköping;2026;El;1185
Linköping;2026;Elhybrid;483
Linköping;2026;Laddhybrid;724
Linköping;2026;Etanol;13
Linköping;2026;Gas;0
Linköping;2026;Övriga;1
Västerås;2006;Bensin;3063
Västerås;2006;Diesel;743
Västerås;2006;El;0
Västerås;2006;Elhybrid;9
Västerås;2006;Laddhybrid;0
Västerås;2006;Etanol;433
Västerås;2006;Gas;33
Västerås;2006;Övriga;0
Västerås;2007;Bensin;2564
Västerås;2007;Diesel;1469
Västerås;2007;El;0
Västerås;2007;Elhybrid;13
Västerås;2007;Laddhybrid;0
Västerås;2007;Etanol;581
Västerås;2007;Gas;11
Västerås;2007;Övriga;0
Västerås;2008;Bensin;1556
Västerås;2008;Diesel;1113
Västerås;2008;El;0
Västerås;2008;Elhybrid;30
Västerås;2008;Laddhybrid;0
Västerås;2008;Etanol;704
Västerås;2008;Gas;10
Västerås;2008;Övriga;0
Västerås;2009;Bensin;1211
Västerås;2009;Diesel;1142
Västerås;2009;El;0
Västerås;2009;Elhybrid;19
Västerås;2009;Laddhybrid;0
Västerås;2009;Etanol;618
Västerås;2009;Gas;106
Västerås;2009;Övriga;0
Västerås;2010;Bensin;1530
Västerås;2010;Diesel;2026
Västerås;2010;El;0
Västerås;2010;Elhybrid;25
Västerås;2010;Laddhybrid;0
Västerås;2010;Etanol;552
Västerås;2010;Gas;110
Västerås;2010;Övriga;0
Västerås;2011;Bensin;1567
Västerås;2011;Diesel;2904
Västerås;2011;El;2
Västerås;2011;Elhybrid;8
Västerås;2011;Laddhybrid;0
Västerås;2011;Etanol;250
Västerås;2011;Gas;149
Västerås;2011;Övriga;0
Västerås;2012;Bensin;1426
Västerås;2012;Diesel;3041
Västerås;2012;El;0
Västerås;2012;Elhybrid;18
Västerås;2012;Laddhybrid;7
Västerås;2012;Etanol;138
Västerås;2012;Gas;122
Västerås;2012;Övriga;2
Västerås;2013;Bensin;1734
Västerås;2013;Diesel;3083
Västerås;2013;El;4
Västerås;2013;Elhybrid;29
Västerås;2013;Laddhybrid;10
Västerås;2013;Etanol;77
Västerås;2013;Gas;69
Västerås;2013;Övriga;0
Västerås;2014;Bensin;2029
Västerås;2014;Diesel;3146
Västerås;2014;El;9
Västerås;2014;Elhybrid;39
Västerås;2014;Laddhybrid;45
Västerås;2014;Etanol;43
Västerås;2014;Gas;88
Västerås;2014;Övriga;0
Västerås;2015;Bensin;1966
Västerås;2015;Diesel;2752
Västerås;2015;El;33
Västerås;2015;Elhybrid;32
Västerås;2015;Laddhybrid;64
Västerås;2015;Etanol;38
Västerås;2015;Gas;71
Västerås;2015;Övriga;0
Västerås;2016;Bensin;2255
Västerås;2016;Diesel;2891
Västerås;2016;El;39
Västerås;2016;Elhybrid;109
Västerås;2016;Laddhybrid;103
Västerås;2016;Etanol;53
Västerås;2016;Gas;54
Västerås;2016;Övriga;0
Västerås;2017;Bensin;2225
Västerås;2017;Diesel;2362
Västerås;2017;El;45
Västerås;2017;Elhybrid;192
Västerås;2017;Laddhybrid;184
Västerås;2017;Etanol;22
Västerås;2017;Gas;53
Västerås;2017;Övriga;1
Västerås;2018;Bensin;2724
Västerås;2018;Diesel;1866
Västerås;2018;El;50
Västerås;2018;Elhybrid;239
Västerås;2018;Laddhybrid;297
Västerås;2018;Etanol;18
Västerås;2018;Gas;35
Västerås;2018;Övriga;1
Västerås;2019;Bensin;2538
Västerås;2019;Diesel;1219
Västerås;2019;El;249
Västerås;2019;Elhybrid;497
Västerås;2019;Laddhybrid;301
Västerås;2019;Etanol;4
Västerås;2019;Gas;120
Västerås;2019;Övriga;0
Västerås;2020;Bensin;1574
Västerås;2020;Diesel;703
Västerås;2020;El;343
Västerås;2020;Elhybrid;330
Västerås;2020;Laddhybrid;756
Västerås;2020;Etanol;0
Västerås;2020;Gas;92
Västerås;2020;Övriga;0
Västerås;2021;Bensin;1418
Västerås;2021;Diesel;623
Västerås;2021;El;716
Västerås;2021;Elhybrid;220
Västerås;2021;Laddhybrid;961
Västerås;2021;Etanol;26
Västerås;2021;Gas;40
Västerås;2021;Övriga;0
Västerås;2022;Bensin;958
Västerås;2022;Diesel;397
Västerås;2022;El;1306
Västerås;2022;Elhybrid;280
Västerås;2022;Laddhybrid;842
Västerås;2022;Etanol;66
Västerås;2022;Gas;93
Västerås;2022;Övriga;0
Västerås;2023;Bensin;832
Västerås;2023;Diesel;269
Västerås;2023;El;1261
Västerås;2023;Elhybrid;258
Västerås;2023;Laddhybrid;739
Västerås;2023;Etanol;43
Västerås;2023;Gas;115
Västerås;2023;Övriga;0
Västerås;2024;Bensin;797
Västerås;2024;Diesel;212
Västerås;2024;El;1018
Västerås;2024;Elhybrid;328
Västerås;2024;Laddhybrid;745
Västerås;2024;Etanol;81
Västerås;2024;Gas;7
Västerås;2024;Övriga;1
Västerås;2025;Bensin;854
Västerås;2025;Diesel;228
Västerås;2025;El;1147
Västerås;2025;Elhybrid;267
Västerås;2025;Laddhybrid;795
Västerås;2025;Etanol;17
Västerås;2025;Gas;0
Västerås;2025;Övriga;0
Västerås;2026;Bensin;711
Västerås;2026;Diesel;208
Västerås;2026;El;1043
Västerås;2026;Elhybrid;529
Västerås;2026;Laddhybrid;591
Västerås;2026;Etanol;14
Västerås;2026;Gas;0
Västerås;2026;Övriga;0
Norrköping;2006;Bensin;2838
Norrköping;2006;Diesel;652
Norrköping;2006;El;0
Norrköping;2006;Elhybrid;20
Norrköping;2006;Laddhybrid;0
Norrköping;2006;Etanol;364
Norrköping;2006;Gas;18
Norrköping;2006;Övriga;0
Norrköping;2007;Bensin;2265
Norrköping;2007;Diesel;1563
Norrköping;2007;El;0
Norrköping;2007;Elhybrid;17
Norrköping;2007;Laddhybrid;0
Norrköping;2007;Etanol;420
Norrköping;2007;Gas;24
Norrköping;2007;Övriga;0
Norrköping;2008;Bensin;1406
Norrköping;2008;Diesel;1274
Norrköping;2008;El;0
Norrköping;2008;Elhybrid;15
Norrköping;2008;Laddhybrid;0
Norrköping;2008;Etanol;842
Norrköping;2008;Gas;42
Norrköping;2008;Övriga;0
Norrköping;2009;Bensin;1107
Norrköping;2009;Diesel;1172
Norrköping;2009;El;0
Norrköping;2009;Elhybrid;24
Norrköping;2009;Laddhybrid;0
Norrköping;2009;Etanol;650
Norrköping;2009;Gas;91
Norrköping;2009;Övriga;0
Norrköping;2010;Bensin;1431
Norrköping;2010;Diesel;1869
Norrköping;2010;El;0
Norrköping;2010;Elhybrid;39
Norrköping;2010;Laddhybrid;0
Norrköping;2010;Etanol;559
Norrköping;2010;Gas;51
Norrköping;2010;Övriga;0
Norrköping;2011;Bensin;1395
Norrköping;2011;Diesel;2402
Norrköping;2011;El;1
Norrköping;2011;Elhybrid;15
Norrköping;2011;Laddhybrid;0
Norrköping;2011;Etanol;165
Norrköping;2011;Gas;50
Norrköping;2011;Övriga;0
Norrköping;2012;Bensin;1179
Norrköping;2012;Diesel;2435
Norrköping;2012;El;2
Norrköping;2012;Elhybrid;19
Norrköping;2012;Laddhybrid;9
Norrköping;2012;Etanol;83
Norrköping;2012;Gas;29
Norrköping;2012;Övriga;2
Norrköping;2013;Bensin;1326
Norrköping;2013;Diesel;2176
Norrköping;2013;El;0
Norrköping;2013;Elhybrid;41
Norrköping;2013;Laddhybrid;9
Norrköping;2013;Etanol;27
Norrköping;2013;Gas;13
Norrköping;2013;Övriga;1
Norrköping;2014;Bensin;1487
Norrköping;2014;Diesel;2273
Norrköping;2014;El;6
Norrköping;2014;Elhybrid;91
Norrköping;2014;Laddhybrid;33
Norrköping;2014;Etanol;10
Norrköping;2014;Gas;15
Norrköping;2014;Övriga;0
Norrköping;2015;Bensin;1745
Norrköping;2015;Diesel;2304
Norrköping;2015;El;20
Norrköping;2015;Elhybrid;80
Norrköping;2015;Laddhybrid;32
Norrköping;2015;Etanol;1
Norrköping;2015;Gas;17
Norrköping;2015;Övriga;0
Norrköping;2016;Bensin;1926
Norrköping;2016;Diesel;2128
Norrköping;2016;El;20
Norrköping;2016;Elhybrid;162
Norrköping;2016;Laddhybrid;67
Norrköping;2016;Etanol;5
Norrköping;2016;Gas;6
Norrköping;2016;Övriga;0
Norrköping;2017;Bensin;2074
Norrköping;2017;Diesel;1937
Norrköping;2017;El;49
Norrköping;2017;Elhybrid;232
Norrköping;2017;Laddhybrid;109
Norrköping;2017;Etanol;0
Norrköping;2017;Gas;3
Norrköping;2017;Övriga;1
Norrköping;2018;Bensin;2278
Norrköping;2018;Diesel;1452
Norrköping;2018;El;37
Norrköping;2018;Elhybrid;226
Norrköping;2018;Laddhybrid;158
Norrköping;2018;Etanol;1
Norrköping;2018;Gas;4
Norrköping;2018;Övriga;0
Norrköping;2019;Bensin;2146
Norrköping;2019;Diesel;1270
Norrköping;2019;El;145
Norrköping;2019;Elhybrid;409
Norrköping;2019;Laddhybrid;157
Norrköping;2019;Etanol;16
Norrköping;2019;Gas;12
Norrköping;2019;Övriga;0
Norrköping;2020;Bensin;1347
Norrköping;2020;Diesel;758
Norrköping;2020;El;282
Norrköping;2020;Elhybrid;235
Norrköping;2020;Laddhybrid;448
Norrköping;2020;Etanol;0
Norrköping;2020;Gas;1
Norrköping;2020;Övriga;0
Norrköping;2021;Bensin;1193
Norrköping;2021;Diesel;637
Norrköping;2021;El;603
Norrköping;2021;Elhybrid;304
Norrköping;2021;Laddhybrid;569
Norrköping;2021;Etanol;16
Norrköping;2021;Gas;5
Norrköping;2021;Övriga;1
Norrköping;2022;Bensin;726
Norrköping;2022;Diesel;414
Norrköping;2022;El;927
Norrköping;2022;Elhybrid;329
Norrköping;2022;Laddhybrid;636
Norrköping;2022;Etanol;30
Norrköping;2022;Gas;5
Norrköping;2022;Övriga;0
Norrköping;2023;Bensin;740
Norrköping;2023;Diesel;318
Norrköping;2023;El;986
Norrköping;2023;Elhybrid;297
Norrköping;2023;Laddhybrid;502
Norrköping;2023;Etanol;43
Norrköping;2023;Gas;3
Norrköping;2023;Övriga;0
Norrköping;2024;Bensin;718
Norrköping;2024;Diesel;409
Norrköping;2024;El;746
Norrköping;2024;Elhybrid;263
Norrköping;2024;Laddhybrid;540
Norrköping;2024;Etanol;42
Norrköping;2024;Gas;0
Norrköping;2024;Övriga;0
Norrköping;2025;Bensin;815
Norrköping;2025;Diesel;642
Norrköping;2025;El;765
Norrköping;2025;Elhybrid;257
Norrköping;2025;Laddhybrid;652
Norrköping;2025;Etanol;5
Norrköping;2025;Gas;0
Norrköping;2025;Övriga;0
Norrköping;2026;Bensin;515
Norrköping;2026;Diesel;249
Norrköping;2026;El;815
Norrköping;2026;Elhybrid;221
Norrköping;2026;Laddhybrid;492
Norrköping;2026;Etanol;8
Norrköping;2026;Gas;0
Norrköping;2026;Övriga;0
Jönköping;2006;Bensin;4206
Jönköping;2006;Diesel;1123
Jönköping;2006;El;0
Jönköping;2006;Elhybrid;112
Jönköping;2006;Laddhybrid;0
Jönköping;2006;Etanol;503
Jönköping;2006;Gas;73
Jönköping;2006;Övriga;0
Jönköping;2007;Bensin;3549
Jönköping;2007;Diesel;2211
Jönköping;2007;El;0
Jönköping;2007;Elhybrid;102
Jönköping;2007;Laddhybrid;0
Jönköping;2007;Etanol;677
Jönköping;2007;Gas;44
Jönköping;2007;Övriga;0
Jönköping;2008;Bensin;1869
Jönköping;2008;Diesel;1801
Jönköping;2008;El;0
Jönköping;2008;Elhybrid;97
Jönköping;2008;Laddhybrid;0
Jönköping;2008;Etanol;1159
Jönköping;2008;Gas;35
Jönköping;2008;Övriga;0
Jönköping;2009;Bensin;1661
Jönköping;2009;Diesel;1814
Jönköping;2009;El;0
Jönköping;2009;Elhybrid;91
Jönköping;2009;Laddhybrid;0
Jönköping;2009;Etanol;643
Jönköping;2009;Gas;149
Jönköping;2009;Övriga;1
Jönköping;2010;Bensin;2329
Jönköping;2010;Diesel;3104
Jönköping;2010;El;0
Jönköping;2010;Elhybrid;92
Jönköping;2010;Laddhybrid;0
Jönköping;2010;Etanol;766
Jönköping;2010;Gas;146
Jönköping;2010;Övriga;0
Jönköping;2011;Bensin;2283
Jönköping;2011;Diesel;3867
Jönköping;2011;El;3
Jönköping;2011;Elhybrid;113
Jönköping;2011;Laddhybrid;0
Jönköping;2011;Etanol;317
Jönköping;2011;Gas;129
Jönköping;2011;Övriga;0
Jönköping;2012;Bensin;1721
Jönköping;2012;Diesel;3689
Jönköping;2012;El;2
Jönköping;2012;Elhybrid;77
Jönköping;2012;Laddhybrid;10
Jönköping;2012;Etanol;76
Jönköping;2012;Gas;114
Jönköping;2012;Övriga;0
Jönköping;2013;Bensin;1924
Jönköping;2013;Diesel;3427
Jönköping;2013;El;3
Jönköping;2013;Elhybrid;66
Jönköping;2013;Laddhybrid;9
Jönköping;2013;Etanol;70
Jönköping;2013;Gas;79
Jönköping;2013;Övriga;2
Jönköping;2014;Bensin;2727
Jönköping;2014;Diesel;3666
Jönköping;2014;El;24
Jönköping;2014;Elhybrid;93
Jönköping;2014;Laddhybrid;109
Jönköping;2014;Etanol;51
Jönköping;2014;Gas;79
Jönköping;2014;Övriga;0
Jönköping;2015;Bensin;2788
Jönköping;2015;Diesel;4070
Jönköping;2015;El;67
Jönköping;2015;Elhybrid;192
Jönköping;2015;Laddhybrid;256
Jönköping;2015;Etanol;55
Jönköping;2015;Gas;104
Jönköping;2015;Övriga;1
Jönköping;2016;Bensin;3052
Jönköping;2016;Diesel;3462
Jönköping;2016;El;52
Jönköping;2016;Elhybrid;336
Jönköping;2016;Laddhybrid;237
Jönköping;2016;Etanol;68
Jönköping;2016;Gas;54
Jönköping;2016;Övriga;1
Jönköping;2017;Bensin;2963
Jönköping;2017;Diesel;3110
Jönköping;2017;El;63
Jönköping;2017;Elhybrid;349
Jönköping;2017;Laddhybrid;314
Jönköping;2017;Etanol;72
Jönköping;2017;Gas;74
Jönköping;2017;Övriga;0
Jönköping;2018;Bensin;3037
Jönköping;2018;Diesel;2677
Jönköping;2018;El;118
Jönköping;2018;Elhybrid;438
Jönköping;2018;Laddhybrid;297
Jönköping;2018;Etanol;9
Jönköping;2018;Gas;53
Jönköping;2018;Övriga;1
Jönköping;2019;Bensin;3121
Jönköping;2019;Diesel;1765
Jönköping;2019;El;153
Jönköping;2019;Elhybrid;756
Jönköping;2019;Laddhybrid;305
Jönköping;2019;Etanol;19
Jönköping;2019;Gas;108
Jönköping;2019;Övriga;0
Jönköping;2020;Bensin;2315
Jönköping;2020;Diesel;1122
Jönköping;2020;El;387
Jönköping;2020;Elhybrid;534
Jönköping;2020;Laddhybrid;643
Jönköping;2020;Etanol;1
Jönköping;2020;Gas;89
Jönköping;2020;Övriga;0
Jönköping;2021;Bensin;1888
Jönköping;2021;Diesel;875
Jönköping;2021;El;767
Jönköping;2021;Elhybrid;544
Jönköping;2021;Laddhybrid;902
Jönköping;2021;Etanol;11
Jönköping;2021;Gas;11
Jönköping;2021;Övriga;0
Jönköping;2022;Bensin;1054
Jönköping;2022;Diesel;506
Jönköping;2022;El;1489
Jönköping;2022;Elhybrid;578
Jönköping;2022;Laddhybrid;709
Jönköping;2022;Etanol;68
Jönköping;2022;Gas;40
Jönköping;2022;Övriga;0
Jönköping;2023;Bensin;1564
Jönköping;2023;Diesel;418
Jönköping;2023;El;1470
Jönköping;2023;Elhybrid;706
Jönköping;2023;Laddhybrid;711
Jönköping;2023;Etanol;64
Jönköping;2023;Gas;151
Jönköping;2023;Övriga;1
Jönköping;2024;Bensin;1839
Jönköping;2024;Diesel;573
Jönköping;2024;El;1412
Jönköping;2024;Elhybrid;699
Jönköping;2024;Laddhybrid;958
Jönköping;2024;Etanol;111
Jönköping;2024;Gas;103
Jönköping;2024;Övriga;1
Jönköping;2025;Bensin;1775
Jönköping;2025;Diesel;684
Jönköping;2025;El;1630
Jönköping;2025;Elhybrid;574
Jönköping;2025;Laddhybrid;1601
Jönköping;2025;Etanol;1
Jönköping;2025;Gas;0
Jönköping;2025;Övriga;0
Jönköping;2026;Bensin;883
Jönköping;2026;Diesel;365
Jönköping;2026;El;1759
Jönköping;2026;Elhybrid;377
Jönköping;2026;Laddhybrid;953
Jönköping;2026;Etanol;5
Jönköping;2026;Gas;0
Jönköping;2026;Övriga;0
Helsingborg;2006;Bensin;4270
Helsingborg;2006;Diesel;845
Helsingborg;2006;El;0
Helsingborg;2006;Elhybrid;45
Helsingborg;2006;Laddhybrid;0
Helsingborg;2006;Etanol;110
Helsingborg;2006;Gas;62
Helsingborg;2006;Övriga;0
Helsingborg;2007;Bensin;3678
Helsingborg;2007;Diesel;1753
Helsingborg;2007;El;0
Helsingborg;2007;Elhybrid;39
Helsingborg;2007;Laddhybrid;0
Helsingborg;2007;Etanol;284
Helsingborg;2007;Gas;47
Helsingborg;2007;Övriga;0
Helsingborg;2008;Bensin;2251
Helsingborg;2008;Diesel;1784
Helsingborg;2008;El;0
Helsingborg;2008;Elhybrid;40
Helsingborg;2008;Laddhybrid;0
Helsingborg;2008;Etanol;477
Helsingborg;2008;Gas;42
Helsingborg;2008;Övriga;0
Helsingborg;2009;Bensin;1784
Helsingborg;2009;Diesel;1456
Helsingborg;2009;El;0
Helsingborg;2009;Elhybrid;40
Helsingborg;2009;Laddhybrid;0
Helsingborg;2009;Etanol;372
Helsingborg;2009;Gas;121
Helsingborg;2009;Övriga;0
Helsingborg;2010;Bensin;2102
Helsingborg;2010;Diesel;2233
Helsingborg;2010;El;3
Helsingborg;2010;Elhybrid;49
Helsingborg;2010;Laddhybrid;0
Helsingborg;2010;Etanol;408
Helsingborg;2010;Gas;205
Helsingborg;2010;Övriga;0
Helsingborg;2011;Bensin;1999
Helsingborg;2011;Diesel;2736
Helsingborg;2011;El;2
Helsingborg;2011;Elhybrid;33
Helsingborg;2011;Laddhybrid;0
Helsingborg;2011;Etanol;193
Helsingborg;2011;Gas;162
Helsingborg;2011;Övriga;0
Helsingborg;2012;Bensin;1576
Helsingborg;2012;Diesel;2721
Helsingborg;2012;El;3
Helsingborg;2012;Elhybrid;31
Helsingborg;2012;Laddhybrid;17
Helsingborg;2012;Etanol;47
Helsingborg;2012;Gas;156
Helsingborg;2012;Övriga;0
Helsingborg;2013;Bensin;1850
Helsingborg;2013;Diesel;2378
Helsingborg;2013;El;1
Helsingborg;2013;Elhybrid;54
Helsingborg;2013;Laddhybrid;24
Helsingborg;2013;Etanol;61
Helsingborg;2013;Gas;112
Helsingborg;2013;Övriga;1
Helsingborg;2014;Bensin;2054
Helsingborg;2014;Diesel;2424
Helsingborg;2014;El;16
Helsingborg;2014;Elhybrid;79
Helsingborg;2014;Laddhybrid;39
Helsingborg;2014;Etanol;39
Helsingborg;2014;Gas;102
Helsingborg;2014;Övriga;0
Helsingborg;2015;Bensin;2191
Helsingborg;2015;Diesel;2734
Helsingborg;2015;El;25
Helsingborg;2015;Elhybrid;76
Helsingborg;2015;Laddhybrid;80
Helsingborg;2015;Etanol;5
Helsingborg;2015;Gas;153
Helsingborg;2015;Övriga;1
Helsingborg;2016;Bensin;2552
Helsingborg;2016;Diesel;2495
Helsingborg;2016;El;49
Helsingborg;2016;Elhybrid;132
Helsingborg;2016;Laddhybrid;214
Helsingborg;2016;Etanol;1
Helsingborg;2016;Gas;93
Helsingborg;2016;Övriga;0
Helsingborg;2017;Bensin;2589
Helsingborg;2017;Diesel;2210
Helsingborg;2017;El;49
Helsingborg;2017;Elhybrid;215
Helsingborg;2017;Laddhybrid;221
Helsingborg;2017;Etanol;5
Helsingborg;2017;Gas;73
Helsingborg;2017;Övriga;0
Helsingborg;2018;Bensin;2397
Helsingborg;2018;Diesel;1540
Helsingborg;2018;El;68
Helsingborg;2018;Elhybrid;267
Helsingborg;2018;Laddhybrid;291
Helsingborg;2018;Etanol;10
Helsingborg;2018;Gas;59
Helsingborg;2018;Övriga;1
Helsingborg;2019;Bensin;2721
Helsingborg;2019;Diesel;1307
Helsingborg;2019;El;183
Helsingborg;2019;Elhybrid;469
Helsingborg;2019;Laddhybrid;209
Helsingborg;2019;Etanol;9
Helsingborg;2019;Gas;63
Helsingborg;2019;Övriga;0
Helsingborg;2020;Bensin;1842
Helsingborg;2020;Diesel;652
Helsingborg;2020;El;350
Helsingborg;2020;Elhybrid;439
Helsingborg;2020;Laddhybrid;705
Helsingborg;2020;Etanol;0
Helsingborg;2020;Gas;65
Helsingborg;2020;Övriga;0
Helsingborg;2021;Bensin;1926
Helsingborg;2021;Diesel;663
Helsingborg;2021;El;749
Helsingborg;2021;Elhybrid;420
Helsingborg;2021;Laddhybrid;855
Helsingborg;2021;Etanol;10
Helsingborg;2021;Gas;43
Helsingborg;2021;Övriga;1
Helsingborg;2022;Bensin;981
Helsingborg;2022;Diesel;701
Helsingborg;2022;El;1249
Helsingborg;2022;Elhybrid;515
Helsingborg;2022;Laddhybrid;782
Helsingborg;2022;Etanol;27
Helsingborg;2022;Gas;26
Helsingborg;2022;Övriga;1
Helsingborg;2023;Bensin;924
Helsingborg;2023;Diesel;463
Helsingborg;2023;El;1378
Helsingborg;2023;Elhybrid;445
Helsingborg;2023;Laddhybrid;792
Helsingborg;2023;Etanol;33
Helsingborg;2023;Gas;92
Helsingborg;2023;Övriga;0
Helsingborg;2024;Bensin;1015
Helsingborg;2024;Diesel;193
Helsingborg;2024;El;956
Helsingborg;2024;Elhybrid;306
Helsingborg;2024;Laddhybrid;687
Helsingborg;2024;Etanol;45
Helsingborg;2024;Gas;22
Helsingborg;2024;Övriga;1
Helsingborg;2025;Bensin;922
Helsingborg;2025;Diesel;219
Helsingborg;2025;El;1129
Helsingborg;2025;Elhybrid;279
Helsingborg;2025;Laddhybrid;932
Helsingborg;2025;Etanol;5
Helsingborg;2025;Gas;1
Helsingborg;2025;Övriga;0
Helsingborg;2026;Bensin;547
Helsingborg;2026;Diesel;155
Helsingborg;2026;El;1112
Helsingborg;2026;Elhybrid;270
Helsingborg;2026;Laddhybrid;577
Helsingborg;2026;Etanol;3
Helsingborg;2026;Gas;1
Helsingborg;2026;Övriga;0
Umeå;2006;Bensin;1950
Umeå;2006;Diesel;935
Umeå;2006;El;0
Umeå;2006;Elhybrid;23
Umeå;2006;Laddhybrid;0
Umeå;2006;Etanol;309
Umeå;2006;Gas;1
Umeå;2006;Övriga;0
Umeå;2007;Bensin;1481
Umeå;2007;Diesel;1521
Umeå;2007;El;0
Umeå;2007;Elhybrid;39
Umeå;2007;Laddhybrid;0
Umeå;2007;Etanol;408
Umeå;2007;Gas;0
Umeå;2007;Övriga;0
Umeå;2008;Bensin;1069
Umeå;2008;Diesel;1352
Umeå;2008;El;0
Umeå;2008;Elhybrid;30
Umeå;2008;Laddhybrid;0
Umeå;2008;Etanol;690
Umeå;2008;Gas;0
Umeå;2008;Övriga;0
Umeå;2009;Bensin;760
Umeå;2009;Diesel;1172
Umeå;2009;El;1
Umeå;2009;Elhybrid;30
Umeå;2009;Laddhybrid;0
Umeå;2009;Etanol;547
Umeå;2009;Gas;7
Umeå;2009;Övriga;0
Umeå;2010;Bensin;835
Umeå;2010;Diesel;2052
Umeå;2010;El;0
Umeå;2010;Elhybrid;42
Umeå;2010;Laddhybrid;0
Umeå;2010;Etanol;454
Umeå;2010;Gas;8
Umeå;2010;Övriga;0
Umeå;2011;Bensin;924
Umeå;2011;Diesel;2602
Umeå;2011;El;1
Umeå;2011;Elhybrid;32
Umeå;2011;Laddhybrid;0
Umeå;2011;Etanol;178
Umeå;2011;Gas;1
Umeå;2011;Övriga;0
Umeå;2012;Bensin;776
Umeå;2012;Diesel;2337
Umeå;2012;El;1
Umeå;2012;Elhybrid;56
Umeå;2012;Laddhybrid;4
Umeå;2012;Etanol;54
Umeå;2012;Gas;1
Umeå;2012;Övriga;2
Umeå;2013;Bensin;952
Umeå;2013;Diesel;2202
Umeå;2013;El;7
Umeå;2013;Elhybrid;64
Umeå;2013;Laddhybrid;11
Umeå;2013;Etanol;28
Umeå;2013;Gas;0
Umeå;2013;Övriga;2
Umeå;2014;Bensin;1126
Umeå;2014;Diesel;2420
Umeå;2014;El;9
Umeå;2014;Elhybrid;152
Umeå;2014;Laddhybrid;27
Umeå;2014;Etanol;43
Umeå;2014;Gas;3
Umeå;2014;Övriga;0
Umeå;2015;Bensin;1377
Umeå;2015;Diesel;2724
Umeå;2015;El;22
Umeå;2015;Elhybrid;197
Umeå;2015;Laddhybrid;44
Umeå;2015;Etanol;39
Umeå;2015;Gas;8
Umeå;2015;Övriga;0
Umeå;2016;Bensin;1629
Umeå;2016;Diesel;2596
Umeå;2016;El;40
Umeå;2016;Elhybrid;253
Umeå;2016;Laddhybrid;100
Umeå;2016;Etanol;4
Umeå;2016;Gas;1
Umeå;2016;Övriga;0
Umeå;2017;Bensin;1656
Umeå;2017;Diesel;2272
Umeå;2017;El;62
Umeå;2017;Elhybrid;269
Umeå;2017;Laddhybrid;145
Umeå;2017;Etanol;11
Umeå;2017;Gas;1
Umeå;2017;Övriga;0
Umeå;2018;Bensin;1835
Umeå;2018;Diesel;1760
Umeå;2018;El;60
Umeå;2018;Elhybrid;312
Umeå;2018;Laddhybrid;145
Umeå;2018;Etanol;31
Umeå;2018;Gas;1
Umeå;2018;Övriga;1
Umeå;2019;Bensin;1600
Umeå;2019;Diesel;1247
Umeå;2019;El;97
Umeå;2019;Elhybrid;423
Umeå;2019;Laddhybrid;160
Umeå;2019;Etanol;46
Umeå;2019;Gas;0
Umeå;2019;Övriga;0
Umeå;2020;Bensin;1013
Umeå;2020;Diesel;575
Umeå;2020;El;264
Umeå;2020;Elhybrid;385
Umeå;2020;Laddhybrid;507
Umeå;2020;Etanol;1
Umeå;2020;Gas;3
Umeå;2020;Övriga;0
Umeå;2021;Bensin;745
Umeå;2021;Diesel;584
Umeå;2021;El;514
Umeå;2021;Elhybrid;348
Umeå;2021;Laddhybrid;750
Umeå;2021;Etanol;22
Umeå;2021;Gas;1
Umeå;2021;Övriga;0
Umeå;2022;Bensin;564
Umeå;2022;Diesel;455
Umeå;2022;El;897
Umeå;2022;Elhybrid;457
Umeå;2022;Laddhybrid;667
Umeå;2022;Etanol;60
Umeå;2022;Gas;0
Umeå;2022;Övriga;0
Umeå;2023;Bensin;501
Umeå;2023;Diesel;369
Umeå;2023;El;969
Umeå;2023;Elhybrid;462
Umeå;2023;Laddhybrid;594
Umeå;2023;Etanol;66
Umeå;2023;Gas;0
Umeå;2023;Övriga;0
Umeå;2024;Bensin;496
Umeå;2024;Diesel;271
Umeå;2024;El;721
Umeå;2024;Elhybrid;412
Umeå;2024;Laddhybrid;587
Umeå;2024;Etanol;106
Umeå;2024;Gas;2
Umeå;2024;Övriga;0
Umeå;2025;Bensin;459
Umeå;2025;Diesel;204
Umeå;2025;El;827
Umeå;2025;Elhybrid;303
Umeå;2025;Laddhybrid;754
Umeå;2025;Etanol;19
Umeå;2025;Gas;0
Umeå;2025;Övriga;0
Umeå;2026;Bensin;254
Umeå;2026;Diesel;181
Umeå;2026;El;859
Umeå;2026;Elhybrid;192
Umeå;2026;Laddhybrid;426
Umeå;2026;Etanol;10
Umeå;2026;Gas;0
Umeå;2026;Övriga;4
Hela Sverige;2006;Bensin;220002
Hela Sverige;2006;Diesel;61203
Hela Sverige;2006;El;2
Hela Sverige;2006;Elhybrid;2851
Hela Sverige;2006;Laddhybrid;0
Hela Sverige;2006;Etanol;26118
Hela Sverige;2006;Gas;3626
Hela Sverige;2006;Övriga;10
Hela Sverige;2007;Bensin;184301
Hela Sverige;2007;Diesel;113564
Hela Sverige;2007;El;2
Hela Sverige;2007;Elhybrid;3394
Hela Sverige;2007;Laddhybrid;0
Hela Sverige;2007;Etanol;35513
Hela Sverige;2007;Gas;1759
Hela Sverige;2007;Övriga;5
Hela Sverige;2008;Bensin;114515
Hela Sverige;2008;Diesel;97165
Hela Sverige;2008;El;1
Hela Sverige;2008;Elhybrid;4246
Hela Sverige;2008;Laddhybrid;0
Hela Sverige;2008;Etanol;59024
Hela Sverige;2008;Gas;1387
Hela Sverige;2008;Övriga;6
Hela Sverige;2009;Bensin;87926
Hela Sverige;2009;Diesel;91183
Hela Sverige;2009;El;29
Hela Sverige;2009;Elhybrid;3085
Hela Sverige;2009;Laddhybrid;0
Hela Sverige;2009;Etanol;40166
Hela Sverige;2009;Gas;6125
Hela Sverige;2009;Övriga;14
Hela Sverige;2010;Bensin;108228
Hela Sverige;2010;Diesel;154282
Hela Sverige;2010;El;11
Hela Sverige;2010;Elhybrid;3720
Hela Sverige;2010;Laddhybrid;0
Hela Sverige;2010;Etanol;35465
Hela Sverige;2010;Gas;7005
Hela Sverige;2010;Övriga;23
Hela Sverige;2011;Bensin;106452
Hela Sverige;2011;Diesel;195153
Hela Sverige;2011;El;185
Hela Sverige;2011;Elhybrid;2927
Hela Sverige;2011;Laddhybrid;0
Hela Sverige;2011;Etanol;15283
Hela Sverige;2011;Gas;6618
Hela Sverige;2011;Övriga;31
Hela Sverige;2012;Bensin;90565
Hela Sverige;2012;Diesel;195419
Hela Sverige;2012;El;264
Hela Sverige;2012;Elhybrid;3042
Hela Sverige;2012;Laddhybrid;658
Hela Sverige;2012;Etanol;5904
Hela Sverige;2012;Gas;5435
Hela Sverige;2012;Övriga;48
Hela Sverige;2013;Bensin;102851
Hela Sverige;2013;Diesel;175438
Hela Sverige;2013;El;452
Hela Sverige;2013;Elhybrid;5170
Hela Sverige;2013;Laddhybrid;1109
Hela Sverige;2013;Etanol;3243
Hela Sverige;2013;Gas;3873
Hela Sverige;2013;Övriga;42
Hela Sverige;2014;Bensin;116498
Hela Sverige;2014;Diesel;187999
Hela Sverige;2014;El;1266
Hela Sverige;2014;Elhybrid;7053
Hela Sverige;2014;Laddhybrid;3411
Hela Sverige;2014;Etanol;2691
Hela Sverige;2014;Gas;5021
Hela Sverige;2014;Övriga;35
Hela Sverige;2015;Bensin;131576
Hela Sverige;2015;Diesel;206400
Hela Sverige;2015;El;2916
Hela Sverige;2015;Elhybrid;8769
Hela Sverige;2015;Laddhybrid;5752
Hela Sverige;2015;Etanol;1370
Hela Sverige;2015;Gas;5118
Hela Sverige;2015;Övriga;31
Hela Sverige;2016;Bensin;155320
Hela Sverige;2016;Diesel;201057
Hela Sverige;2016;El;2993
Hela Sverige;2016;Elhybrid;13636
Hela Sverige;2016;Laddhybrid;10290
Hela Sverige;2016;Etanol;856
Hela Sverige;2016;Gas;3810
Hela Sverige;2016;Övriga;52
Hela Sverige;2017;Bensin;157557
Hela Sverige;2017;Diesel;191068
Hela Sverige;2017;El;4359
Hela Sverige;2017;Elhybrid;18638
Hela Sverige;2017;Laddhybrid;15989
Hela Sverige;2017;Etanol;1090
Hela Sverige;2017;Gas;3970
Hela Sverige;2017;Övriga;57
Hela Sverige;2018;Bensin;173808
Hela Sverige;2018;Diesel;137409
Hela Sverige;2018;El;7147
Hela Sverige;2018;Elhybrid;21023
Hela Sverige;2018;Laddhybrid;21810
Hela Sverige;2018;Etanol;1020
Hela Sverige;2018;Gas;3288
Hela Sverige;2018;Övriga;30
Hela Sverige;2019;Bensin;169198
Hela Sverige;2019;Diesel;117775
Hela Sverige;2019;El;15795
Hela Sverige;2019;Elhybrid;33123
Hela Sverige;2019;Laddhybrid;24907
Hela Sverige;2019;Etanol;1167
Hela Sverige;2019;Gas;4966
Hela Sverige;2019;Övriga;30
Hela Sverige;2020;Bensin;114640
Hela Sverige;2020;Diesel;68073
Hela Sverige;2020;El;28097
Hela Sverige;2020;Elhybrid;22631
Hela Sverige;2020;Laddhybrid;66134
Hela Sverige;2020;Etanol;70
Hela Sverige;2020;Gas;3525
Hela Sverige;2020;Övriga;26
Hela Sverige;2021;Bensin;97471
Hela Sverige;2021;Diesel;53734
Hela Sverige;2021;El;57881
Hela Sverige;2021;Elhybrid;24137
Hela Sverige;2021;Laddhybrid;78200
Hela Sverige;2021;Etanol;1299
Hela Sverige;2021;Gas;1548
Hela Sverige;2021;Övriga;43
Hela Sverige;2022;Bensin;67247
Hela Sverige;2022;Diesel;36788
Hela Sverige;2022;El;96163
Hela Sverige;2022;Elhybrid;27584
Hela Sverige;2022;Laddhybrid;66775
Hela Sverige;2022;Etanol;2708
Hela Sverige;2022;Gas;1919
Hela Sverige;2022;Övriga;36
Hela Sverige;2023;Bensin;64777
Hela Sverige;2023;Diesel;26498
Hela Sverige;2023;El;112775
Hela Sverige;2023;Elhybrid;26540
Hela Sverige;2023;Laddhybrid;61235
Hela Sverige;2023;Etanol;4222
Hela Sverige;2023;Gas;2034
Hela Sverige;2023;Övriga;26
Hela Sverige;2024;Bensin;66449
Hela Sverige;2024;Diesel;22158
Hela Sverige;2024;El;94839
Hela Sverige;2024;Elhybrid;25468
Hela Sverige;2024;Laddhybrid;63274
Hela Sverige;2024;Etanol;4006
Hela Sverige;2024;Gas;1106
Hela Sverige;2024;Övriga;38
Hela Sverige;2025;Bensin;62710
Hela Sverige;2025;Diesel;21402
Hela Sverige;2025;El;100365
Hela Sverige;2025;Elhybrid;23604
Hela Sverige;2025;Laddhybrid;73223
Hela Sverige;2025;Etanol;1926
Hela Sverige;2025;Gas;13
Hela Sverige;2025;Övriga;33
Hela Sverige;2026;Bensin;44217
Hela Sverige;2026;Diesel;15994
Hela Sverige;2026;El;91298
Hela Sverige;2026;Elhybrid;17004
Hela Sverige;2026;Laddhybrid;51108
Hela Sverige;2026;Etanol;789
Hela Sverige;2026;Gas;10
Hela Sverige;2026;Övriga;29
