fraga;grupp;kategori;av_100;andel_pct
Hur gamla är vi?;invånare;0–19 år;23;22,7
Hur gamla är vi?;invånare;20–39 år;29;29
Hur gamla är vi?;invånare;40–64 år;29;29,2
Hur gamla är vi?;invånare;65–79 år;13;13,2
Hur gamla är vi?;invånare;80 år och äldre;6;5,8
Kvinnor och män;invånare;Kvinnor;51;50,6
Kvinnor och män;invånare;Män;49;49,4
Var kommer vi ifrån?;invånare;Svensk bakgrund;72;71,8
Var kommer vi ifrån?;invånare;Utländsk bakgrund;28;28,2
Hur länge har vi gått i skolan?;invånare 25–65 år;Grundskola;9;9,6
Hur länge har vi gått i skolan?;invånare 25–65 år;Gymnasium;41;40,9
Hur länge har vi gått i skolan?;invånare 25–65 år;Eftergymnasial, kortare än 3 år;17;16,9
Hur länge har vi gått i skolan?;invånare 25–65 år;Eftergymnasial, 3 år eller mer;33;32,6
Hur många har jobb?;invånare 20–64 år;Har jobb;79;79,2
Hur många har jobb?;invånare 20–64 år;Har inget jobb;21;20,8
Vilka bor vi med?;hushåll;Sambo eller gift, med barn;20;19,7
Vilka bor vi med?;hushåll;Sambo eller gift, utan barn;23;22,9
Vilka bor vi med?;hushåll;Ensamstående med barn;7;7,4
Vilka bor vi med?;hushåll;Bor ensam;46;45,8
Vilka bor vi med?;hushåll;Övriga hushåll;4;4,2
Hur bor vi?;bostäder;Hyresrätt;57;56,9
Hur bor vi?;bostäder;Bostadsrätt;18;18,5
Hur bor vi?;bostäder;Äganderätt (eget hus);25;24,6
Hur röstade vi i kommunvalet?;röstberättigade;Moderaterna;13;12,7
Hur röstade vi i kommunvalet?;röstberättigade;Centerpartiet;5;4,9
Hur röstade vi i kommunvalet?;röstberättigade;Liberalerna;4;4,3
Hur röstade vi i kommunvalet?;röstberättigade;Kristdemokraterna;5;4,9
Hur röstade vi i kommunvalet?;röstberättigade;Socialdemokraterna;26;26
Hur röstade vi i kommunvalet?;röstberättigade;Vänsterpartiet;9;8,8
Hur röstade vi i kommunvalet?;röstberättigade;Miljöpartiet;4;3,8
Hur röstade vi i kommunvalet?;röstberättigade;Sverigedemokraterna;5;5,3
Hur röstade vi i kommunvalet?;röstberättigade;Örebropartiet;15;14,6
Hur röstade vi i kommunvalet?;röstberättigade;Övriga partier;0;0,3
Hur röstade vi i kommunvalet?;röstberättigade;Röstade inte;14;14,5
