typ;namn;adress_eller_plats;kod;omrade;x_sweref99tm;y_sweref99tm
återvinningscentral;Återvinningscentral Atle;;1880R007;Ekeby-Almby-Hidingsta-Stora Mellösa;512462;6564600
återvinningscentral;Återvinningscentral Glanshammar;;1880R011;Glanshammar;523372;6575260
återvinningscentral;Återvinningscentral Hovsta;;1880R014;Hovsta;513642;6578670
återvinningscentral;Återvinningscentral Mellringe;;1880R021;Mellringe-Björkhaga;508852;6573670
återvinningscentral;Återvinningscentral Odensbacken;;1880R036;Östernärke;530632;6558410
återvinningsstation;;vid Glomman;1880R001;Adolfsberg;510752;6567000
återvinningsstation;;vid Universitetsallén;1880R002;Almby-Ormesta;513632;6569140
återvinningsstation;;vid Åstadalsvägen;1880R002;Almby-Ormesta;513922;6568100
återvinningsstation;;vid Brunnsvägen;1880R006;Brunnsgärdet-Lindhult-Nasta;509632;6567690
återvinningsstation;;;1880R007;Ekeby-Almby-Hidingsta-Stora Mellösa;512632;6564490
återvinningsstation;;nära Forngårdsvägen;1880R007;Ekeby-Almby-Hidingsta-Stora Mellösa;513812;6561840
återvinningsstation;;vid Tingstadsvägen;1880R007;Ekeby-Almby-Hidingsta-Stora Mellösa;528582;6563520
återvinningsstation;;Vinterstadion, grusplan;1880R008;Eklunda-Sörby;513162;6569660
återvinningsstation;;vid Klysnavägen;1880R009;Ervalla-Ölmbrotorp;513702;6588990
återvinningsstation;;nära Ölmbrovägen;1880R009;Ervalla-Ölmbrotorp;513732;6583260
återvinningsstation;;nära Kilsvägen;1880R010;Garphyttan-Närkes Kil;496932;6573980
återvinningsstation;;vid Vallbyvägen;1880R010;Garphyttan-Närkes Kil;504612;6581220
återvinningsstation;;vid Kemivägen;1880R011;Glanshammar;523142;6575140
återvinningsstation;;nära Gamla Arbogavägen;1880R011;Glanshammar;523422;6575290
återvinningsstation;;;1880R011;Glanshammar;528652;6576700
återvinningsstation;;Pettersbergs idrottsplats;1880R012;Hagaby-Ringstorp;513212;6572550
återvinningsstation;;vid Västra Nobelgatan;1880R013;Holmen-Hjärsta;511282;6571350
återvinningsstation;;vid Hjalmar Bergmans väg;1880R013;Holmen-Hjärsta;511572;6572140
återvinningsstation;;vid Lövstagatan;1880R013;Holmen-Hjärsta;511652;6571330
återvinningsstation;;vid Norra Bangatan;1880R013;Holmen-Hjärsta;512082;6571340
återvinningsstation;;vid Kårstavägen;1880R014;Hovsta;513412;6578690
återvinningsstation;;nära cirkulationsplatsen Hovsta;1880R014;Hovsta;513632;6578680
återvinningsstation;;vid Holmsätersvägen;1880R016;Latorp-Täby-Vintrosa;497752;6568030
återvinningsstation;;vid Fabriksvägen;1880R016;Latorp-Täby-Vintrosa;499732;6570720
återvinningsstation;;vid Faluvägen;1880R017;Lillån;513132;6576260
återvinningsstation;;vid Diabasgatan;1880R018;Lundby;510532;6574420
återvinningsstation;;vid Boglundsgatan;1880R018;Lundby;511712;6573260
återvinningsstation;;nära Kundvägen;1880R019;Marieberg-Mosås;507542;6563630
återvinningsstation;;vid Köpvägen;1880R019;Marieberg-Mosås;507712;6564090
återvinningsstation;;vid Travbanevägen;1880R019;Marieberg-Mosås;508882;6565070
återvinningsstation;;vid Runnabyvägen;1880R021;Mellringe-Björkhaga;508882;6573740
återvinningsstation;;vid Ekersvägen;1880R022;Nya Hjärsta-Nyponlunden;509592;6572890
återvinningsstation;;vid Västra Vintergatan;1880R024;Rosta-Örnsro;510762;6570180
återvinningsstation;;vid Höglundagatan;1880R025;Rynninge-Grenadjärstaden;513162;6571940
återvinningsstation;;vid Lägerhyddsgatan;1880R025;Rynninge-Grenadjärstaden;513552;6571490
återvinningsstation;;vid Pålsbodagatan;1880R026;Sörbyängen;512792;6568470
återvinningsstation;;vid Universitetsallén;1880R027;Tybble;513732;6568900
återvinningsstation;;vid Varbergagatan;1880R028;Varberga-Oxhagen;509932;6572340
återvinningsstation;;vid Karlslundsgatan;1880R030;Västhaga-Solhaga;509312;6570790
återvinningsstation;;vid Östra Bangatan;1880R032;Örebro norr-CV;512262;6571190
återvinningsstation;;Kungsg./Ängg., Servus  (endast glas och batteri);1880R033;Örebro söder;511962;6569660
återvinningsstation;;Krämaren, Köpmangatan (endast glas och batteri);1880R033;Örebro söder;511982;6569970
återvinningsstation;;vid Oskarstorget;1880R035;Örebro öster;512882;6570110
återvinningsstation;;vid Lykttändargatan;1880R035;Örebro öster;513412;6569660
återvinningsstation;;nära Askersvägen;1880R036;Östernärke;524842;6557180
återvinningsstation;;vid Industrivägen;1880R036;Östernärke;530582;6558420
återvinningsstation;;vid Gröngårdsvägen;1880R036;Östernärke;530832;6547990
återvinningsstation;;vid Smedvägen;1880R036;Östernärke;533302;6542020
återvinningsstation;;vid Vinögatan;1880R036;Östernärke;538462;6556210
hundlekplats;Hundlekplats Brickebacken;;1880R004;Brickebacken;513832;6566100
hundlekplats;Hundlekplats Åbyparken;;1880R006;Brunnsgärdet-Lindhult-Nasta;509322;6569830
hundlekplats;Hundlekplats Lundby;;1880R018;Lundby;510512;6574030
lekplats;Hagalund;Skjutsvägen 11;1880R001;Adolfsberg;510072;6567470
lekplats;Hälleboparken;Fjärilsv.22a;1880R001;Adolfsberg;510482;6566450
lekplats;Lövåsparken;Erikshultsvägen 13;1880R001;Adolfsberg;510882;6566370
lekplats;Sjättedelsparken;Blåvingestigen 18;1880R001;Adolfsberg;510072;6566700
lekplats;Vallhagevägen 20;Adolfsberg;1880R001;Adolfsberg;511102;6566970
lekplats;Vänneboparken;Vännebovägen 11;1880R001;Adolfsberg;510022;6566310
lekplats;Almbyparken;Kyrkvärdsvägen 15;1880R002;Almby-Ormesta;513722;6569130
lekplats;Källtäppan;Diakonstigen 11;1880R002;Almby-Ormesta;514342;6568880
lekplats;Svalsjön;Tärnvägen 10;1880R002;Almby-Ormesta;514672;6568740
lekplats;Tallåsparken;;1880R002;Almby-Ormesta;515942;6567490
lekplats;Tyraparken;;1880R002;Almby-Ormesta;515242;6568680
lekplats;Baronbacken;;1880R003;Baronbackarna;511362;6572370
lekplats;Långgateparken;;1880R003;Baronbackarna;511882;6572000
lekplats;Brickebacken;Björkrisvägen 26;1880R004;Brickebacken;514002;6566760
lekplats;Brickebacken/Björkris/Granrisvägen;;1880R004;Brickebacken;513532;6566670
lekplats;Brickebacken/Granris/Tallrisvägen, östra sidan;;1880R004;Brickebacken;513992;6566470
lekplats;Brickebacken/Granrisvägen 14;;1880R004;Brickebacken;513552;6566400
lekplats;Saxons park;;1880R004;Brickebacken;513912;6566160
lekplats;Backaparken;;1880R005;Brickeberg-Norra Bro;514172;6567100
lekplats;Brickebacken/Björkrisvägen 9;;1880R005;Brickeberg-Norra Bro;513492;6566970
lekplats;Erikslundsvägen 12;Brickeberg;1880R005;Brickeberg-Norra Bro;513752;6567840
lekplats;Kalvhagen;;1880R005;Brickeberg-Norra Bro;514082;6567770
lekplats;Lindervägen;Norra Brovägen 24;1880R005;Brickeberg-Norra Bro;514222;6565290
lekplats;Skogalundsparken;Brickebergsvägen 62;1880R005;Brickeberg-Norra Bro;514312;6566880
lekplats;Tallbackamajas väg;;1880R005;Brickeberg-Norra Bro;514062;6564920
lekplats;Brunnsgärdeslunden;Porla Gränd 42;1880R006;Brunnsgärdet-Lindhult-Nasta;509082;6567070
lekplats;Brunnsgärdeslunden;Sätra Gränd 52;1880R006;Brunnsgärdet-Lindhult-Nasta;509332;6567190
lekplats;Brunnsgärdeslunden;Vårby Gränd 41;1880R006;Brunnsgärdet-Lindhult-Nasta;509382;6567000
lekplats;Brunnsgärdeslunden (Ramlösa gränd 17);;1880R006;Brunnsgärdet-Lindhult-Nasta;509482;6567160
lekplats;Brunnsgärdeslunden (Ronnebygatan 18);;1880R006;Brunnsgärdet-Lindhult-Nasta;509182;6567030
lekplats;Lindhultsparken;Lektorpsvägen 12;1880R006;Brunnsgärdet-Lindhult-Nasta;509002;6566590
lekplats (tillgänglighetsanpassad);Mikroparken;Köpmangatan/Bondegatan;1880R006;Brunnsgärdet-Lindhult-Nasta;509142;6566060
lekplats;Nasta;Nastabergsvägen 7;1880R006;Brunnsgärdet-Lindhult-Nasta;509072;6567820
lekplats;Nastabergsparken;Wrangels Gränd 12;1880R006;Brunnsgärdet-Lindhult-Nasta;509272;6567920
lekplats;Nastabergsparken;Vadstens gränd 14;1880R006;Brunnsgärdet-Lindhult-Nasta;509412;6568090
lekplats;Nastabergsparken (Hagtorpsvägen);;1880R006;Brunnsgärdet-Lindhult-Nasta;508942;6567960
lekplats;Södra Belltorpsvägen;;1880R006;Brunnsgärdet-Lindhult-Nasta;508722;6566270
lekplats;Ånstabacken;Gamla vägen 72;1880R006;Brunnsgärdet-Lindhult-Nasta;509912;6568080
lekplats;Hidingsta;Banvallsgatan 1;1880R007;Ekeby-Almby-Hidingsta-Stora Mellösa;519982;6562980
lekplats;Linåkersvägen 12 Stora Mellösa;;1880R007;Ekeby-Almby-Hidingsta-Stora Mellösa;528942;6563880
lekplats;Ängsvägen 4 Stora Mellösa;;1880R007;Ekeby-Almby-Hidingsta-Stora Mellösa;528352;6563500
lekplats;Eklunden;Mantalsgatan 3;1880R008;Eklunda-Sörby;512642;6569320
lekplats;Eklundens lekmiljöer;;1880R008;Eklunda-Sörby;512612;6569260
lekplats (tillgänglighetsanpassad);Grönpepparparken;;1880R008;Eklunda-Sörby;512252;6568630
lekplats;Jeremiasparken;Jeremiasvägen 28;1880R008;Eklunda-Sörby;512822;6568870
lekplats;Restalunden;Restalundsvägen 55;1880R008;Eklunda-Sörby;512652;6569490
lekplats;Sidvallslunden;Hagmarksgatan 33B;1880R008;Eklunda-Sörby;513162;6569500
lekplats;Studievägen 10;;1880R008;Eklunda-Sörby;512822;6568770
lekplats;Studievägen 6;;1880R008;Eklunda-Sörby;512962;6568780
lekplats;Sörbyparken;;1880R008;Eklunda-Sörby;513122;6569000
lekplats;Baggetorpsvägen;Ervalla;1880R009;Ervalla-Ölmbrotorp;513822;6589110
lekplats;Björkvägen 5–Granvägen;;1880R009;Ervalla-Ölmbrotorp;513912;6583850
lekplats;Brännarvägen 14–Häggbovägen;;1880R009;Ervalla-Ölmbrotorp;513812;6583160
lekplats;Ervalla station;;1880R009;Ervalla-Ölmbrotorp;513732;6586110
lekplats;Skogsmullevägen;;1880R009;Ervalla-Ölmbrotorp;513742;6584030
lekplats;Garpvägen 55–57;Garphyttan;1880R010;Garphyttan-Närkes Kil;497002;6573420
lekplats;Skoghallsvägen;Garphyttan;1880R010;Garphyttan-Närkes Kil;497402;6573790
lekplats;Vretvägen/Hyttvägen;;1880R010;Garphyttan-Närkes Kil;496362;6574530
lekplats;Kåffsta;Glanshammar;1880R011;Glanshammar;522362;6575100
lekplats;Parkvägen 1;Glanshammar;1880R011;Glanshammar;522782;6575380
lekplats (tillgänglighetsanpassad);Bergkällebacken;;1880R012;Hagaby-Ringstorp;512942;6572030
lekplats;Hagabergsparken;;1880R012;Hagaby-Ringstorp;512712;6572870
lekplats;Hagabyparken;;1880R012;Hagaby-Ringstorp;512252;6572730
lekplats;Norrbyparken;;1880R012;Hagaby-Ringstorp;513292;6572160
lekplats;Ringstorpsparken;;1880R012;Hagaby-Ringstorp;513062;6572670
lekplats;Venaparken;;1880R012;Hagaby-Ringstorp;513512;6572620
lekplats;Brovallen;;1880R013;Holmen-Hjärsta;511462;6571970
lekplats;Holmplan;;1880R013;Holmen-Hjärsta;511752;6571900
lekplats;Tegnerlunden norra;;1880R013;Holmen-Hjärsta;511582;6571550
lekplats;Tegnerlunden södra;;1880R013;Holmen-Hjärsta;511562;6571380
lekplats;Trängkårsvägen 27;;1880R013;Holmen-Hjärsta;511822;6571750
lekplats;Trängkårsvägen/Lundbygatan;;1880R013;Holmen-Hjärsta;511232;6571600
lekplats;;vid Slingvägen;1880R014;Hovsta;512622;6579440
lekplats;Enebovägen 16;Hovsta;1880R014;Hovsta;512532;6578460
lekplats;Hovsta torg;Granbergavägen 18;1880R014;Hovsta;512622;6578670
lekplats;Hässlevägen–Småstuguvägen 5–7;;1880R014;Hovsta;512632;6578520
lekplats;Klackvägen 10–12;;1880R014;Hovsta;512932;6578900
lekplats;Lundvägen 8–12;;1880R014;Hovsta;512942;6578360
lekplats;Rågvägen–Kornvägen 12;;1880R014;Hovsta;513102;6577900
lekplats;Vetevägen 60–80;;1880R014;Hovsta;513422;6578050
lekplats;;vid Fatbursgatan;1880R015;Ladugårdsängen;511822;6568440
lekplats;Ladugårdsparken;Landstormsvägen 27A;1880R015;Ladugårdsängen;511472;6568370
lekplats;Ladugårdsängens park;Fatbursgatan 14;1880R015;Ladugårdsängen;511712;6568430
lekplats;Ladugårdsängens park;Loggatan 32;1880R015;Ladugårdsängen;512002;6568450
lekplats;Hacklyckevägen 22–24;Latorp;1880R016;Latorp-Täby-Vintrosa;499292;6570410
lekplats;Ingelstavägen 10–12;Latorp;1880R016;Latorp-Täby-Vintrosa;499502;6570630
lekplats;Rastorp;Rastorpsvägen 14 Vintrosa;1880R016;Latorp-Täby-Vintrosa;497672;6569100
lekplats;Säbygatan 19;Vintrosa;1880R016;Latorp-Täby-Vintrosa;497762;6568340
lekplats;Tomtavägen 31–32;Vintrosa;1880R016;Latorp-Täby-Vintrosa;497462;6568700
lekplats;Violvägen–Gullvivevägen;;1880R016;Latorp-Täby-Vintrosa;497372;6567970
lekplats;Buxbomsvägen;Lillån;1880R017;Lillån;513482;6574700
lekplats;Graningevägen;Lillån;1880R017;Lillån;512432;6574960
lekplats;Hovstabyväg;;1880R017;Lillån;513212;6575220
lekplats;Rådjursstigen–Bråtenvägen;Lillån;1880R017;Lillån;513522;6575750
lekplats;Stenbovägen;Lillån;1880R017;Lillån;512702;6574990
lekplats;Västanbergsvägen;;1880R017;Lillån;512852;6575510
lekplats;Åkervägen 9;Lillån;1880R017;Lillån;513242;6575400
lekplats;Lundbyparken;Bärnstensvägen 6;1880R018;Lundby;510572;6574610
lekplats;Öknaskogens lekmiljöer;;1880R018;Lundby;510072;6573800
lekplats;Drottningholmsv./Kristinebergsv. 7;Marieberg;1880R019;Marieberg-Mosås;508692;6565710
lekplats;Gullbergs väg 1–4;Mosås;1880R019;Marieberg-Mosås;508862;6562180
lekplats;Källgatan 14 Åsgatan;Marieberg;1880R019;Marieberg-Mosås;508772;6564710
lekplats;Manhemsvägen 3;Marieberg;1880R019;Marieberg-Mosås;509622;6565110
lekplats;Morens väg 6;Mosås;1880R019;Marieberg-Mosås;509162;6562310
lekplats;Prästgårdsvägen–Stomvägen 23;Mosås;1880R019;Marieberg-Mosås;508642;6561580
lekplats;Sidogatan 10;Marieberg;1880R019;Marieberg-Mosås;508492;6565090
lekplats;Slåtterängen;Gräsgatan;1880R020;Markbacken-Västra Mark;510862;6570880
lekplats;Vallmoplan;;1880R020;Markbacken-Västra Mark;510972;6570790
lekplats;Örnsköldsparken;;1880R020;Markbacken-Västra Mark;510602;6571540
lekplats;Björkhaga;Stämpelgatan 17 (skolan);1880R021;Mellringe-Björkhaga;508542;6572030
lekplats;Björkhaga;Brevduvegatan 28;1880R021;Mellringe-Björkhaga;508922;6571510
lekplats;Hedeparken;;1880R021;Mellringe-Björkhaga;509142;6572750
lekplats;Oxhagen;Beckasingatan 13;1880R021;Mellringe-Björkhaga;508662;6571290
lekplats;Oxhagen;Sandtorpsgatan 11 (ö. karlslundsskolan);1880R021;Mellringe-Björkhaga;508672;6570840
lekplats;Oxhageparken;Grönsångaregatan;1880R021;Mellringe-Björkhaga;509462;6571170
lekplats;Skatlunden;Hägerstigen 4;1880R021;Mellringe-Björkhaga;509062;6571160
lekplats;Tjäderleken;Ugglestigen 13;1880R021;Mellringe-Björkhaga;508952;6570990
lekplats;Vallåkraparken västra;;1880R021;Mellringe-Björkhaga;509452;6572500
lekplats;Varbergaskogen;Hackspettstigen;1880R021;Mellringe-Björkhaga;509252;6571380
lekplats;Betesparken;;1880R022;Nya Hjärsta-Nyponlunden;510282;6572610
lekplats;Byalagsparken;;1880R022;Nya Hjärsta-Nyponlunden;510542;6572290
lekplats;Gläntan;;1880R022;Nya Hjärsta-Nyponlunden;510242;6572320
lekplats;Hjärsta;Slånbärsgatan 38;1880R022;Nya Hjärsta-Nyponlunden;509652;6573260
lekplats;Nyponlunden;;1880R022;Nya Hjärsta-Nyponlunden;509282;6573770
lekplats;Skördeängen;;1880R022;Nya Hjärsta-Nyponlunden;510562;6572570
lekplats;Vivallakullens lekmiljöer;;1880R022;Nya Hjärsta-Nyponlunden;510052;6573140
lekplats;;vid Notstugegatan;1880R023;Näsby-Norra Ormesta;515692;6569540
lekplats;Barkaregatan 24D;Näsby;1880R023;Näsby-Norra Ormesta;514772;6569540
lekplats;Hagmarken;Rusthållaregatan 7;1880R023;Näsby-Norra Ormesta;514012;6569560
lekplats;Hjälmarviksparken;;1880R023;Näsby-Norra Ormesta;515892;6569700
lekplats;Lillegårdslunden;Almbyallén 44 A;1880R023;Näsby-Norra Ormesta;514112;6569380
lekplats;Valsaregatan 18;Näsby;1880R023;Näsby-Norra Ormesta;514722;6569390
lekplats;Karlaparken;;1880R024;Rosta-Örnsro;511382;6570880
lekplats;Rosta strand;Radhusen;1880R024;Rosta-Örnsro;510392;6569870
lekplats;Torsten Ehrenmarks park;;1880R024;Rosta-Örnsro;510982;6569970
lekplats;V Vintergatan 142;;1880R024;Rosta-Örnsro;510542;6570370
lekplats;V Vintergatan 170;;1880R024;Rosta-Örnsro;510382;6570410
lekplats;V Vintergatan 41;;1880R024;Rosta-Örnsro;510482;6570160
lekplats;Väståbadet;;1880R024;Rosta-Örnsro;511622;6570320
lekplats;Ånäsparken;;1880R024;Rosta-Örnsro;511172;6570230
lekplats;Ö Vintergatan 22;;1880R024;Rosta-Örnsro;510872;6570340
lekplats;Ö Vintergatan 48;;1880R024;Rosta-Örnsro;510852;6570460
lekplats;Ö Vintergatan 82;;1880R024;Rosta-Örnsro;510722;6570380
lekplats;Örnsroparken;;1880R024;Rosta-Örnsro;510732;6569870
lekplats;Lägerhyddsgatan;;1880R025;Rynninge-Grenadjärstaden;513852;6571480
lekplats;Ulla Billquists park;;1880R025;Rynninge-Grenadjärstaden;513072;6571430
lekplats;Venaparken;;1880R025;Rynninge-Grenadjärstaden;513202;6571620
lekplats;Östra Grönpepparparken;;1880R026;Sörbyängen;512552;6568270
lekplats;Tybblekullens lekmiljöer;;1880R027;Tybble;513182;6568370
lekplats;Tybbleparken;;1880R027;Tybble;513532;6568750
lekplats;Varbergaparken;Varbergagatan 236;1880R028;Varberga-Oxhagen;509462;6572250
lekplats;Varbergaparken, nya lekparken;;1880R028;Varberga-Oxhagen;509942;6571970
lekplats (tillgänglighetsanpassad);Varbergaparken, äventyrsleken;;1880R028;Varberga-Oxhagen;510032;6571580
lekplats;Vivalla;Poesigatan 24;1880R029;Vivalla;510642;6573500
lekplats;Barnens trädgård, Karlslund;;1880R030;Västhaga-Solhaga;508702;6570170
lekplats;Västhagaparken;;1880R030;Västhaga-Solhaga;509592;6570480
lekplats;Älvtomtaparken;;1880R030;Västhaga-Solhaga;509862;6570880
lekplats;Stora Holmen;Fredsgatan 39;1880R031;Örebro city;512912;6570600
lekplats;Alnängarnas träningslekplats;;1880R032;Örebro norr-CV;514652;6570980
lekplats;Längbrotorg;;1880R032;Örebro norr-CV;512822;6571560
lekplats;Sofiaparken;;1880R032;Örebro norr-CV;512582;6571240
lekplats;Drottningparken;;1880R033;Örebro söder;511702;6569630
lekplats;Sveaparken;;1880R033;Örebro söder;512182;6569700
lekplats;Södermalmsparken;Gubbensgatan 6;1880R033;Örebro söder;511532;6569550
lekplats (tillgänglighetsanpassad);Karl Johansparken;;1880R034;Örebro väster;511582;6570800
lekplats;Malmplan;;1880R034;Örebro väster;511702;6571100
lekplats;Norensbergsparken;;1880R035;Örebro öster;513592;6570270
lekplats;Oskarsparken;;1880R035;Örebro öster;512582;6570150
lekplats;Oskarsparken;;1880R035;Örebro öster;512642;6570150
lekplats (tillgänglighetsanpassad);Skytteparken;Skyttegatan 14;1880R035;Örebro öster;513362;6570260
lekplats;Stadsparken;Skyttegatan 1;1880R035;Örebro öster;513072;6570350
lekplats;Askers by;Askers Kyrkväg 47;1880R036;Östernärke;527162;6556430
lekplats;Borins väg 27;;1880R036;Östernärke;530332;6559200
lekplats;Hummelstavägen 6;Odensbacken;1880R036;Östernärke;530202;6558850
lekplats;Kilsmo;Vallvägen/Fabriksvägen 5;1880R036;Östernärke;530982;6547880
lekplats;Källvägen 1–5 Odensbacken;;1880R036;Östernärke;530012;6558180
lekplats;Rektorsvägen 2 Odensbacken;;1880R036;Östernärke;530332;6558060
park;Baronbackarnas park;;1880R003;Baronbackarna;511322;6572370
park;Saxons park;;1880R004;Brickebacken;513892;6566140
park;Spårparken;;1880R006;Brunnsgärdet-Lindhult-Nasta;510822;6569390
park;Eklunden;;1880R008;Eklunda-Sörby;512582;6569260
park;Västra grönpepparparken;;1880R008;Eklunda-Sörby;512242;6568680
park;Hagen;;1880R015;Ladugårdsängen;511672;6568390
park;Vallåkraparken;;1880R021;Mellringe-Björkhaga;509532;6572530
park;Hjärstaskogen;;1880R022;Nya Hjärsta-Nyponlunden;510382;6572920
park;Vivallakullen;;1880R022;Nya Hjärsta-Nyponlunden;510022;6573270
park;Karlaparken;;1880R024;Rosta-Örnsro;511372;6570910
park;Väståparken;;1880R024;Rosta-Örnsro;511582;6570300
park;Örnsroparken;;1880R024;Rosta-Örnsro;510712;6569880
park;Norrbyparken;;1880R025;Rynninge-Grenadjärstaden;513382;6572030
park;Östra grönpepparparken;;1880R026;Sörbyängen;512582;6568520
park;Tybbleparken;;1880R027;Tybble;513492;6568670
park;VOX-parken;;1880R028;Varberga-Oxhagen;509922;6571620
park;Varbergaparken;;1880R028;Varberga-Oxhagen;509822;6572090
park;Varbergaskogen;;1880R028;Varberga-Oxhagen;509462;6571630
park;Karlslunds trädgård och park;;1880R030;Västhaga-Solhaga;508552;6570100
park;Henry Allards park;;1880R031;Örebro city;512222;6570680
park;Kvarnplatsen;;1880R031;Örebro city;512242;6570500
park;Slottsparken;;1880R031;Örebro city;512352;6570510
park;Stora Holmen;;1880R031;Örebro city;512902;6570590
park;Drottningparken;;1880R033;Örebro söder;511662;6569620
park;Sveaparken;;1880R033;Örebro söder;512172;6569680
park;Hagaparken;;1880R034;Örebro väster;511532;6570430
park;Oskarsparken;;1880R035;Örebro öster;512482;6570210
park;Skebäcksparken;;1880R035;Örebro öster;513692;6570470
park;Skytteparken;;1880R035;Örebro öster;513232;6570260
park;Stadsparken;;1880R035;Örebro öster;513032;6570370
park;Österängsparken;;1880R035;Örebro öster;513472;6569770
utegym;Utegym Baronbackarna;;1880R003;Baronbackarna;511352;6572330
utegym;Utegym Saxons park;;1880R004;Brickebacken;513942;6566140
utegym;Utegym Markaspåret;;1880R005;Brickeberg-Norra Bro;514372;6567340
utegym;Sanatorie Utegym;;1880R006;Brunnsgärdet-Lindhult-Nasta;509022;6567420
utegym;Utegym Spårparken;;1880R006;Brunnsgärdet-Lindhult-Nasta;510242;6568810
utegym;Utegym Västra Grönpepparparken;;1880R015;Ladugårdsängen;512292;6568490
utegym;Utegym Lillåspåret;;1880R017;Lillån;514002;6575670
utegym;Utegym Karlslund;;1880R021;Mellringe-Björkhaga;508272;6570850
utegym;Utegym Vivallakullarna;;1880R022;Nya Hjärsta-Nyponlunden;510092;6573110
utegym;Utegym Ånäsparken;;1880R024;Rosta-Örnsro;511082;6570120
utegym;Utegym Örnsroparken;;1880R024;Rosta-Örnsro;510662;6569890
utegym;Utegym Venaspåret;;1880R025;Rynninge-Grenadjärstaden;513642;6572110
utegym;Utegym Tybbleparken;;1880R027;Tybble;513432;6568700
utegym;Utegym Varberga;;1880R028;Varberga-Oxhagen;509692;6572110
utegym;Utegym Varberga;;1880R028;Varberga-Oxhagen;509862;6571500
utegym;Utegym Varberga;;1880R028;Varberga-Oxhagen;510062;6571780
utegym;Utegym Stora Holmen;;1880R031;Örebro city;513222;6570560
utegym;Alnängarnas utegym;;1880R032;Örebro norr-CV;514652;6570940
utegym;Utegym Bergkällebacken;;1880R032;Örebro norr-CV;512942;6572010
