kod;omrade;lekplatser;barn_0_9;lekplatser_per_1000_barn;stadsdelsparker;atervinningsstationer;narmaste_lekplats;m_till_lekplats;m_till_park;m_till_utegym;m_till_hundlekplats;m_till_atervinningsstation;m_till_atervinningscentral
1880R001;Adolfsberg;6;406;14,8;0;1;Vallhagevägen 20;350;1220;1680;3010;460;3050
1880R002;Almby-Ormesta;5;413;12,1;0;2;Tybbleparken;350;410;460;2700;180;4430
1880R003;Baronbackarna;2;309;6,5;1;0;Baronbacken;350;390;370;1950;360;3080
1880R004;Brickebacken;5;464;10,8;1;0;Brickebacken/Granris/Tallrisvägen, östra sidan;240;490;500;520;1480;2420
1880R005;Brickeberg-Norra Bro;7;369;19;0;0;Lindervägen;210;870;840;870;1980;2090
1880R006;Brunnsgärdet-Lindhult-Nasta;13;675;19,3;1;1;Nastabergsparken;440;1550;760;1340;820;4880
1880R007;Ekeby-Almby-Hidingsta-Stora Mellösa;3;927;3,2;0;3;Hidingsta;3830;10010;9880;10060;4930;8930
1880R008;Eklunda-Sörby;9;486;18,5;2;1;Restalunden;280;510;940;3520;320;5110
1880R009;Ervalla-Ölmbrotorp;5;517;9,7;0;2;Baggetorpsvägen;1040;15430;12760;14590;870;9750
1880R010;Garphyttan-Närkes Kil;3;468;6,4;0;2;Skoghallsvägen;4940;9810;9730;10100;5160;8690
1880R011;Glanshammar;2;452;4,4;0;3;Parkvägen 1;170;10130;8900;12480;430;530
1880R012;Hagaby-Ringstorp;6;730;8,2;0;1;Ringstorpsparken;270;470;420;3050;190;4430
1880R013;Holmen-Hjärsta;6;404;14,9;0;4;Brovallen;160;570;530;2400;360;3180
1880R014;Hovsta;8;383;20,9;0;2;Lundvägen 8–12;320;6120;2900;5210;280;450
1880R015;Ladugårdsängen;4;579;6,9;1;0;Ladugårdsparken;50;170;790;2600;1290;3930
1880R016;Latorp-Täby-Vintrosa;6;463;13;0;2;Södra Belltorpsvägen;3030;3850;3140;4250;3720;7000
1880R017;Lillån;7;492;14,2;0;1;Hovstabyväg;240;3240;1120;2740;1030;3490
1880R018;Lundby;2;312;6,4;0;2;Baronbacken;820;820;860;1230;310;2600
1880R019;Marieberg-Mosås;7;695;10,1;0;3;Källgatan 14 Åsgatan;850;5510;3370;5790;420;4360
1880R020;Markbacken-Västra Mark;3;427;7;0;0;Slåtterängen;190;460;950;2030;450;3340
1880R021;Mellringe-Björkhaga;10;552;18,1;1;1;Hedeparken;290;730;1100;2040;730;840
1880R022;Nya Hjärsta-Nyponlunden;7;350;20;2;1;Vivallakullens lekmiljöer;260;240;220;1190;550;1500
1880R023;Näsby-Norra Ormesta;6;573;10,5;0;0;Barkaregatan 24D;300;1020;1320;3590;980;5420
1880R024;Rosta-Örnsro;12;384;31,2;3;1;Ö Vintergatan 22;130;370;320;1520;60;3940
1880R025;Rynninge-Grenadjärstaden;3;503;6;1;2;Venaparken;190;450;590;3780;180;5000
1880R026;Sörbyängen;1;349;2,9;1;1;Östra Grönpepparparken;180;300;500;2420;220;3670
1880R027;Tybble;2;112;17,9;1;1;Tybbleparken;70;20;60;2610;320;4220
1880R028;Varberga-Oxhagen;3;861;3,5;3;1;Varbergaparken, nya lekparken;110;280;120;2180;450;2130
1880R029;Vivalla;1;1155;0,9;0;0;Vivalla;160;560;680;700;1000;1900
1880R030;Västhaga-Solhaga;3;238;12,6;1;1;Västhagaparken;120;1000;1160;590;450;3350
1880R031;Örebro city;1;299;3,3;4;0;Oskarsparken;610;30;990;3020;540;4530
1880R032;Örebro norr-CV;3;338;8,9;0;1;Sofiaparken;110;780;740;3400;380;4420
1880R033;Örebro söder;3;273;11;2;2;Drottningparken;330;360;840;2570;1010;4840
1880R034;Örebro väster;2;329;6,1;1;0;Malmplan;150;320;1030;2620;380;3930
1880R035;Örebro öster;5;289;17,3;5;2;Stadsparken;150;170;400;3750;190;5450
1880R036;Östernärke;6;361;16,6;0;5;Rektorsvägen 2 Odensbacken;320;18440;18400;18480;730;740
