art;vetenskapligt_namn;taxon_id;grupp;antal_fynd;plats;rodlista
ägretthäger;Ardea alba;205497;Fåglar;49;Rysjön, Kvismaren;NT
vitögd dykand;Aythya nyroca;233140;Fåglar;40;Rysjön, Kvismaren;
gransångare;Phylloscopus collybita;103013;Fåglar;39;Rysjön, Kvismaren;
bergand;Aythya marila;100014;Fåglar;35;Rysjön, Kvismaren;VU
bläsand;Mareca penelope;102931;Fåglar;34;Rysjön, Kvismaren;NT
havsörn;Haliaeetus albicilla;100067;Fåglar;32;Rysjön, Kvismaren;
salskrake;Mergellus albellus;100079;Fåglar;31;Rysjön, Kvismaren;
ormvråk;Buteo buteo;102942;Fåglar;30;Rysjön, Kvismaren;
brunand;Aythya ferina;102107;Fåglar;29;Rysjön, Kvismaren;EN
stjärtand;Anas acuta;100006;Fåglar;28;Rysjön, Kvismaren;EN
brun kärrhök;Circus aeruginosus;100033;Fåglar;21;Rysjön, Kvismaren;
grågås;Anser anser;102928;Fåglar;21;Rysjön, Kvismaren;
gråhäger;Ardea cinerea;100012;Fåglar;21;Rysjön, Kvismaren;
snatterand;Mareca strepera;102105;Fåglar;21;Rysjön, Kvismaren;
tundragås;Anser serrirostris;205924;Fåglar;21;Rysjön, Kvismaren;
kärrsnäppa;Calidris alpina;205617;Fåglar;19;Ormestaängarna, Oset;
varfågel;Lanius excubitor;6332438;Fåglar;19;Rävgångsmaden, Rynningeviken;
blå kärrhök;Circus cyaneus;100034;Fåglar;18;Rysjön, Kvismaren;VU
skäggdopping;Podiceps cristatus;102925;Fåglar;18;Rysjön, Kvismaren;
storskrake;Mergus merganser;102940;Fåglar;18;Rysjön, Kvismaren;
tofsvipa;Vanellus vanellus;102952;Fåglar;18;Rysjön, Kvismaren;VU
gräsand;Anas platyrhynchos;102933;Fåglar;17;Rysjön, Kvismaren;
sånglärka;Alauda arvensis;102979;Fåglar;17;Rysjön, Kvismaren;
vigg;Aythya fuligula;102934;Fåglar;17;Rysjön, Kvismaren;
vitkindad gås;Branta leucopsis;100019;Fåglar;17;Rysjön, Kvismaren;
brushane;Calidris pugnax;100103;Fåglar;16;Ormestaängarna, Oset;VU
rödhake;Erithacus rubecula;102991;Fåglar;16;Rysjön, Kvismaren;
sothöna;Fulica atra;102949;Fåglar;16;Rysjön, Kvismaren;
isländsk rödspov;Limosa limosa islandica;205934;Fåglar;15;Rävgångsmaden, Rynningeviken;
kricka;Anas crecca;102932;Fåglar;15;Rysjön, Kvismaren;NT
skogsgås;Anser fabalis;232125;Fåglar;15;Rysjön, Kvismaren;VU
skäggmes;Panurus biarmicus;100097;Fåglar;15;Rysjön, Kvismaren;
steglits;Carduelis carduelis;103043;Fåglar;15;Rysjön, Kvismaren;
sångsvan;Cygnus cygnus;100045;Fåglar;14;Rysjön, Kvismaren;
knipa;Bucephala clangula;102937;Fåglar;13;Rysjön, Kvismaren;
storskarv;Phalacrocorax carbo;100102;Fåglar;13;Rysjön, Kvismaren;
ängspiplärka;Anthus pratensis;102983;Fåglar;13;Rysjön, Kvismaren;
blåmes;Cyanistes caeruleus;103025;Fåglar;12;Rysjön, Kvismaren;
korp;Corvus corax;103036;Fåglar;12;Rysjön, Kvismaren;
nötskrika;Garrulus glandarius;103030;Fåglar;12;Gilsåsen, Villingsbergs Skjutfält;
ringduva;Columba palumbus;102971;Fåglar;12;Rysjön, Kvismaren;
sävsparv;Emberiza schoeniclus;103057;Fåglar;12;Rysjön, Kvismaren;
talgoxe;Parus major;103026;Fåglar;12;Rysjön, Kvismaren;
björktrast;Turdus pilaris;102999;Fåglar;11;området Garphyttan-Närkes Kil;NT
fjällgås;Anser erythropus;100008;Fåglar;11;Rysjön, Kvismaren;EN
gulsparv;Emberiza citrinella;103055;Fåglar;11;Rysjön, Kvismaren;NT
knölsvan;Cygnus olor;102927;Fåglar;11;Strandpromenaden, Rynningeviken;
smådopping;Tachybaptus ruficollis;102104;Fåglar;11;Rysjön, Kvismaren;
spetsbergsgås;Anser brachyrhynchus;232268;Fåglar;11;Rysjön, Kvismaren;
entita;Poecile palustris;103020;Fåglar;10;Rysjön, Kvismaren;NT
gråtrut;Larus argentatus;102966;Fåglar;10;Strandpromenaden, Rynningeviken;VU
gröngöling;Picus viridis;102977;Fåglar;10;Pers hög, Rynningeviken;
kaja;Coloeus monedula;103033;Fåglar;10;Rysjön, Kvismaren;
pilfink;Passer montanus;103039;Fåglar;10;Rysjön, Kvismaren;
röd glada;Milvus milvus;100082;Fåglar;10;Rysjön, Kvismaren;
koltrast;Turdus merula;102998;Fåglar;9;Tallbacken, Kvismaren;
motaggsvamp;Sarcodon squamosus;5966;Svampar;9;området Ervalla-Ölmbrotorp;NT
nötväcka;Sitta europaea;103027;Fåglar;9;Gilsåsen, Villingsbergs Skjutfält;
prutgås;Branta bernicla;103059;Fåglar;9;Rysjön, Kvismaren;
stare;Sturnus vulgaris;103037;Fåglar;9;Rysjön, Kvismaren;VU
stenfalk;Falco columbarius;102611;Fåglar;9;Rysjön, Kvismaren;
trana;Grus grus;100065;Fåglar;9;Rysjön, Kvismaren;
turkduva;Streptopelia decaocto;102972;Fåglar;9;Norrbyås, Kvismaren;NT
bergfink;Fringilla montifringilla;103041;Fåglar;8;området Brunnsgärdet-Lindhult-Nasta;
dropptaggsvamp;Hydnellum ferrugineum;4364;Svampar;8;området Garphyttan-Närkes Kil;NT
fiskmås;Larus canus;102964;Fåglar;8;Strandpromenaden, Rynningeviken;
fjällhöstmätare;Epirrita autumnata;215773;Fjärilar;8;området Mellringe-Björkhaga;
gråkråka;Corvus corone cornix;205976;Fåglar;8;Rysjön, Kvismaren;
grönfink;Chloris chloris;103042;Fåglar;8;Rysjön, Kvismaren;VU
hämpling;Linaria cannabina;103045;Fåglar;8;Rysjön, Kvismaren;
skata;Pica pica;103032;Fåglar;8;Rysjön, Kvismaren;
skrattmås;Chroicocephalus ridibundus;102963;Fåglar;8;Näsudden, Dimbobaden;NT
blodvaxing;Hygrocybe coccinea;4377;Svampar;7;området Glanshammar;
brungrön fältmätare;Chloroclysta siterata;215730;Fjärilar;7;området Mellringe-Björkhaga;
dubbeltrast;Turdus viscivorus;103002;Fåglar;7;området Brunnsgärdet-Lindhult-Nasta;
enkelbeckasin;Gallinago gallinago;102954;Fåglar;7;Rysjön, Kvismaren;NT
grönsiska;Spinus spinus;103044;Fåglar;7;Ässön;
ladusvala;Hirundo rustica;102980;Fåglar;7;Rysjön, Kvismaren;NT
pilgrimsfalk;Falco peregrinus;100054;Fåglar;7;Hammarmaden, Kvismaren;VU
skedand;Spatula clypeata;102106;Fåglar;7;Rysjön, Kvismaren;
spillkråka;Dryocopus martius;100049;Fåglar;7;området Garphyttan-Närkes Kil;
spinnarmätare;Colotois pennaria;215581;Fjärilar;7;området Mellringe-Björkhaga;
större strandpipare;Charadrius hiaticula;102951;Fåglar;7;Löten, Kvismaren;
vitvaxing;Cuphophyllus virgineus;239228;Svampar;7;området Lillån;
grönt ekfly;Griposia aprilina;216075;Fjärilar;6;området Mellringe-Björkhaga;
gärdsmyg;Troglodytes troglodytes;102989;Fåglar;6;Rysjön, Kvismaren;
havstrut;Larus marinus;102967;Fåglar;6;Hjälmaren, Oset;EN
rörhöna;Gallinula chloropus;102948;Fåglar;6;Hedens Våtmark;
småskrake;Mergus serrator;102939;Fåglar;6;Rysjön, Kvismaren;
sparvhök;Accipiter nisus;102941;Fåglar;6;Rysjön, Kvismaren;
svarthakedopping;Podiceps auritus;100113;Fåglar;6;Strandpromenaden, Rynningeviken;
svartvit taggsvamp;Phellodon melaleucus;5448;Svampar;6;området Garphyttan-Närkes Kil;NT
taltrast;Turdus philomelos;103000;Fåglar;6;området Brunnsgärdet-Lindhult-Nasta;
bofink;Fringilla coelebs;103040;Fåglar;5;Rävgången, Rynningeviken;
granvaxskivling;Hygrophorus piceae;4422;Svampar;5;området Garphyttan-Närkes Kil;
gråsiska;Acanthis flammea;103046;Fåglar;5;området Mellringe-Björkhaga;
gråsparv;Passer domesticus;103038;Fåglar;5;Hammars gård, Kvismaren;
harlekinpiga;Harmonia axyridis;211964;Skalbaggar;5;området Ekeby-Almby-Hidingsta-Stora Mellösa;
skarp dropptaggsvamp;Hydnellum peckii;4366;Svampar;5;området Garphyttan-Närkes Kil;NT
stjärtmes;Aegithalos caudatus;103019;Fåglar;5;Ormesta holme, Oset;
större hackspett;Dendrocopos major;102978;Fåglar;5;Mantorpsskogens naturreservat, Rinkaby;
tornfalk;Falco tinnunculus;100056;Fåglar;5;området Brickeberg-Norra Bro;
töcknig höstmätare;Epirrita dilutata;215771;Fjärilar;5;området Mellringe-Björkhaga;
citronfjäril;Gonepteryx rhamni;201051;Fjärilar;4;området Näsby-Norra Ormesta;
fasan;Phasianus colchicus;102946;Fåglar;4;Norrbyås, Kvismaren;
fjällvråk;Buteo lagopus;102110;Fåglar;4;området Östernärke;
forsärla;Motacilla cinerea;102986;Fåglar;4;Almbro, Gällersta;
gulrött backfly;Agrochola helvola;216052;Fjärilar;4;området Mellringe-Björkhaga;
kanadagås;Branta canadensis;102929;Fåglar;4;Örebro universitet;
kanadensiskt gullris;Solidago canadensis;220325;Växter;4;Lillån, Lillån;
kungsfågel;Regulus regulus;103015;Fåglar;4;Äsplunda Gård, Äsplunda;
kustpipare;Pluvialis squatarola;103064;Fåglar;4;Löten, Kvismaren;
lutvaxing;Neohygrocybe nitrata;803;Svampar;4;området Glanshammar;NT
mörkbandat gulvingsfly;Tiliacea aurago;216041;Fjärilar;4;området Ekeby-Almby-Hidingsta-Stora Mellösa;
påfågelöga;Aglais io;201059;Fjärilar;4;området Näsby-Norra Ormesta;
vattenrall;Rallus aquaticus;102947;Fåglar;4;Åslasjön, Kvismaren;
bläsgås;Anser albifrons;103058;Fåglar;3;Rysjön, Kvismaren;
c-tecknat jordfly;Xestia c-nigrum;216259;Fjärilar;3;området Mellringe-Björkhaga;
duvhök;Astur gentilis;100001;Fåglar;3;Blackstaåns mynning, Tysslingen;NT
dyfly;Rhizedra lutosa;216118;Fjärilar;3;området Mellringe-Björkhaga;
gulvaxing;Hygrocybe chlorophana;4374;Svampar;3;området Glanshammar;
kattuggla;Strix aluco;102974;Fåglar;3;Äsplunda Gård, Äsplunda;
kråka;Corvus corone;103035;Fåglar;3;Vivalla, Örebro;
nötkråka;Nucifraga caryocatactes;100090;Fåglar;3;området Markbacken-Västra Mark;NT
skogsduva;Columba oenas;100038;Fåglar;3;Hammarmaden, Kvismaren;
skäggriska;Lactarius torminosus;4779;Svampar;3;området Garphyttan-Närkes Kil;
stenknäck;Coccothraustes coccothraustes;100037;Fåglar;3;området Brunnsgärdet-Lindhult-Nasta;
större dagsvärmare;Macroglossum stellatarum;201196;Fjärilar;3;området Hovsta;
sädesärla;Motacilla alba;102987;Fåglar;3;Rysjön, Kvismaren;NT
ullticka;Phellinidium ferrugineofuscum;1202;Svampar;3;området Garphyttan-Närkes Kil;NT
blåhuva;Diloba caeruleocephala;215995;Fjärilar;2;området Ekeby-Almby-Hidingsta-Stora Mellösa;
brunbandad fältmätare;Pennithera firmata;215738;Fjärilar;2;området Markbacken-Västra Mark;
domherre;Pyrrhula pyrrhula;103052;Fåglar;2;området Brunnsgärdet-Lindhult-Nasta;
enfältmätare;Thera juniperata;215743;Fjärilar;2;Högsäter, Dylta Bruk, Seltorp;
fjällig taggsvamp s.str.;Sarcodon imbricatus;5964;Svampar;2;Mantorpsskogen;NT
fläckhöstvecklare;Acleris laterana;214879;Fjärilar;2;området Mellringe-Björkhaga;
fårticka;Albatrellus ovinus;2959;Svampar;2;området Garphyttan-Närkes Kil;
grått höstfly;Ammoconia caecimacula;216078;Fjärilar;2;området Mellringe-Björkhaga;
grönbrunt ekfly;Dryobotodes eremita;216076;Fjärilar;2;området Markbacken-Västra Mark;
hagtornsfly;Allophyes oxyacanthae;216074;Fjärilar;2;området Mellringe-Björkhaga;
järnsparv;Prunella modularis;102990;Fåglar;2;Ässön;NT
kaklav;Xanthoparmelia conspersa;230374;Lavar;2;området Rynninge-Grenadjärstaden;
lindmätare;Erannis defoliaria;215594;Fjärilar;2;området Mellringe-Björkhaga;
ljusringat lövfly;Hoplodrina ambigua;216011;Fjärilar;2;området Mellringe-Björkhaga;
lövskogshöstvecklare;Acleris sparsana;214882;Fjärilar;2;området Mellringe-Björkhaga;
mindre hackspett;Dryobates minor;100048;Fåglar;2;Alkärret, Oset;NT
mindre korsnäbb;Loxia curvirostra;103049;Fåglar;2;området Ekeby-Almby-Hidingsta-Stora Mellösa;
mjölrödskivling;Entoloma prunuloides;606;Svampar;2;området Glanshammar;NT
mörkt kungsljus;Verbascum nigrum;221862;Växter;2;området Östernärke;
orre;Lyrurus tetrix;102613;Fåglar;2;Villingsbergs Skjutfält;
parkslide;Reynoutria japonica;220782;Växter;2;området Adolfsberg;
rovfjäril;Pieris rapae;201040;Fjärilar;2;området Almby-Ormesta;
rådjur;Capreolus capreolus;206045;Däggdjur;2;området Ekeby-Almby-Hidingsta-Stora Mellösa;
rödvingetrast;Turdus iliacus;103001;Fåglar;2;området Brunnsgärdet-Lindhult-Nasta;NT
sotriska;Lactarius lignyotus;4740;Svampar;2;området Garphyttan-Närkes Kil;
stenskvätta;Oenanthe oenanthe;102996;Fåglar;2;Tallbacken, Kvismaren;
svart taggsvamp;Phellodon niger;6332770;Svampar;2;området Garphyttan-Närkes Kil;NT
svartkämpar;Plantago lanceolata;221774;Växter;2;området Adolfsberg;
svartmes;Periparus ater;103024;Fåglar;2;Mantorpsskogens naturreservat, Rinkaby;
svartsnäppa;Tringa erythropus;102957;Fåglar;2;Rosenbergspölen, Oset;NT
talltita;Poecile montanus;103021;Fåglar;2;Mantorpsskogens naturreservat, Rinkaby;NT
tempelfly;Dasypolia templi;216060;Fjärilar;2;området Ekeby-Almby-Hidingsta-Stora Mellösa;
tjäder;Tetrao urogallus;100138;Fåglar;2;Villingsbergs Skjutfält;
tofsmes;Lophophanes cristatus;103023;Fåglar;2;Mantorpsskogens naturreservat, Rinkaby;
trädkrypare;Certhia familiaris;103028;Fåglar;2;Äsplunda Gård, Äsplunda;
trädlärka;Lullula arborea;102623;Fåglar;2;området Brickeberg-Norra Bro;
trådspinnarfly;Rivula sericealis;215931;Fjärilar;2;området Mellringe-Björkhaga;
vit slidskivling;Volvopluteus gloiocephalus;6397;Svampar;2;området Adolfsberg;
vitbrokig rosenhöstvecklare;Acleris variegana;214889;Fjärilar;2;området Mellringe-Björkhaga;
vägtistel;Cirsium vulgare;220088;Växter;2;området Ekeby-Almby-Hidingsta-Stora Mellösa;
åkerviol;Viola arvensis;221993;Växter;2;Ullavi;
Aphrophora alni;Aphrophora alni;234558;Halvvingar;1;Högsäter, Dylta Bruk, Seltorp;
Ectemnius cavifrons;Ectemnius cavifrons;234414;Steklar;1;Listregdn;
Euura salicis;Euura salicis;261815;Steklar;1;Åslaholmen, Kvismaren;
Hygrophorus exiguus;Hygrophorus exiguus;6005330;Svampar;1;området Garphyttan-Närkes Kil;
Limnephilus binotatus;Limnephilus binotatus;206420;Sländor;1;Gömslet, Rynningeviken;
Mesembrina mystacea;Mesembrina mystacea;243363;Tvåvingar;1;området Ervalla-Ölmbrotorp;
Philoscia muscorum;Philoscia muscorum;230495;Kräftdjur;1;Sommarro, Adolfsberg;
Porcellio spinicornis;Porcellio spinicornis;230502;Kräftdjur;1;området Markbacken-Västra Mark;
Rhyparochromus vulgaris;Rhyparochromus vulgaris;226505;Halvvingar;1;området Ekeby-Almby-Hidingsta-Stora Mellösa;
Tachyporus obtusus;Tachyporus obtusus;104572;Skalbaggar;1;Stora Näset, Lännäs kyrka;
allmän sävslända;Sialis lutaria;226041;Sländor;1;Örebro, SE-OR, SE;
almskivling;Hypsizygus ulmarius;4542;Svampar;1;området Garphyttan-Närkes Kil;
amiral;Vanessa atalanta;201060;Fjärilar;1;området Mellringe-Björkhaga;
askflikmätare;Ennomos fuscantaria;215573;Fjärilar;1;området Ekeby-Almby-Hidingsta-Stora Mellösa;
baldersbrå;Tripleurospermum inodorum;220394;Växter;1;Lötenplattformen;
ballongblomma;Nicandra physalodes;220568;Växter;1;området Ekeby-Almby-Hidingsta-Stora Mellösa;
besksöta;Solanum dulcamara;223483;Växter;1;området Ekeby-Almby-Hidingsta-Stora Mellösa;
bittersöt tråding;Inocybe dulcamara;4578;Svampar;1;området Garphyttan-Närkes Kil;
björksopp;Leccinum scabrum;245506;Svampar;1;Reträtten naturreservat;
blek fetknopp;Sedum hispanicum;223404;Växter;1;området Ekeby-Almby-Hidingsta-Stora Mellösa;
blekgrön fältmätare;Chloroclysta miata;215731;Fjärilar;1;Karlslunds motioncentral, Karlslund;
blygrå brödkorgssvamp;Cyathus olla;3820;Svampar;1;området Adolfsberg;
blå taggsvamp;Hydnellum caeruleum;4362;Svampar;1;området Garphyttan-Närkes Kil;NT
blåbandat ordensfly;Catocala fraxini;215907;Fjärilar;1;området Mellringe-Björkhaga;
blåeld;Echium vulgare;221522;Växter;1;området Adolfsberg;
brandriska;Lactarius aurantiacus;236534;Svampar;1;Reträtten naturreservat;
brospindel;Larinioides sclopetarius;218954;Spindeldjur;1;området Östernärke;
brynkrabbspindel;Xysticus audax;219195;Spindeldjur;1;Mantorpsskogen;
brödticka;Albatrellus confluens;2958;Svampar;1;området Garphyttan-Närkes Kil;
buketthirs;Panicum capillare;223353;Växter;1;området Ekeby-Almby-Hidingsta-Stora Mellösa;
buskögonvivel;Strophosoma capitatum;106298;Skalbaggar;1;Mantorpsskogen;
bägarnattskatta;Solanum nitidibaccatum;225209;Växter;1;området Ekeby-Almby-Hidingsta-Stora Mellösa;
bäver;Castor fiber;102607;Däggdjur;1;Hängbron, Örnsro/Rosta;
citronmeliss;Melissa officinalis;221286;Växter;1;området Adolfsberg;
doftkremla;Russula odorata;5904;Svampar;1;Vasastan;
duvvicker;Vicia hirsuta;221368;Växter;1;området Ekeby-Almby-Hidingsta-Stora Mellösa;
dvärgmås;Hydrocoloeus minutus;100072;Fåglar;1;Näsudden, Dimbobaden;
eklövsspindel;Aculepeira ceropegia;100174;Spindeldjur;1;området Ekeby-Almby-Hidingsta-Stora Mellösa;
engelskt rajgräs;Lolium perenne;222561;Växter;1;området Ekeby-Almby-Hidingsta-Stora Mellösa;
femfingerört;Potentilla argentea;223053;Växter;1;Alkärret, Oset;
fiskmålla;Lipandra polysperma;220734;Växter;1;området Ekeby-Almby-Hidingsta-Stora Mellösa;
fisktärna;Sterna hirundo;102618;Fåglar;1;Näsudden, Dimbobaden;
fjällig tofsskivling;Pholiota squarrosa;5505;Svampar;1;Reträtten naturreservat;
flenört;Scrophularia nodosa;221812;Växter;1;området Ekeby-Almby-Hidingsta-Stora Mellösa;
flikplister;Lamium hybridum;221675;Växter;1;området Ekeby-Almby-Hidingsta-Stora Mellösa;
fläckig asprullvecklare;Epinotia maculana;215063;Fjärilar;1;Karlslunds motioncentral, Karlslund;
färgkulla;Cota tinctoria;219944;Växter;1;området Adolfsberg;
gamander;Teucrium chamaedrys;221843;Växter;1;området Ekeby-Almby-Hidingsta-Stora Mellösa;
glansig smålocke;Paroligolophus agrestis;226668;Spindeldjur;1;Karlslund, Karlslundsskogen, Örebro;
grovticka;Phaeolus schweinitzii;5420;Svampar;1;området Glanshammar;
gräslök;Allium schoenoprasum;219751;Växter;1;området Adolfsberg;
grå kavelhirs;Setaria pumila;222675;Växter;1;området Ekeby-Almby-Hidingsta-Stora Mellösa;
grå syramätare;Timandra griseata;215648;Fjärilar;1;Husön, stenhuset, Kvismaren;
grön trattskivling;Clitocybe odora;3327;Svampar;1;området Garphyttan-Närkes Kil;
grönkremla;Russula aeruginea;5824;Svampar;1;Reträtten naturreservat;
grönmynta;Mentha spicata;221715;Växter;1;området Adolfsberg;
gul glasvingefluga;Scaeva selenitica;200767;Tvåvingar;1;Dammområde ner mot Rävgången;
gul solblomfluga;Syrphus ribesii;200801;Tvåvingar;1;Hedens våtmark, Hedens Våtmark;
gul syramätare;Timandra comae;215649;Fjärilar;1;området Mellringe-Björkhaga;
gulmåra;Galium verum;221439;Växter;1;Lötenplattformen;
gulsporre;Linaria vulgaris;221698;Växter;1;området Adolfsberg;
gyttrad taggsvamp;Hericium cirrhatum;253813;Svampar;1;Engelbrektsholmen, Engelbrektsholmen;
gängel;Galinsoga parviflora;220146;Växter;1;området Adolfsberg;
hagfingersvamp;Clavulinopsis helvola;3295;Svampar;1;området Lillån;
harklöver;Trifolium arvense;221315;Växter;1;Alkärret, Oset;
harkål;Lapsana communis;220221;Växter;1;Alkärret, Oset;
hassel;Corylus avellana;222823;Växter;1;Oset;
honungsvaxing;Hygrocybe reidii;4394;Svampar;1;området Ekeby-Almby-Hidingsta-Stora Mellösa;
hybridgullregn;Laburnum x watereri;221207;Växter;1;området Ekeby-Almby-Hidingsta-Stora Mellösa;
hybridspirea;Spiraea × cinerea;223224;Växter;1;området Ekeby-Almby-Hidingsta-Stora Mellösa;
hägg;Prunus padus;223083;Växter;1;Oset;
häggspinnmal;Yponomeuta evonymellus;214127;Fjärilar;1;området Mellringe-Björkhaga;
hårgängel;Galinsoga quadriradiata;220147;Växter;1;området Ekeby-Almby-Hidingsta-Stora Mellösa;
hönshirs;Echinochloa crus-galli;222425;Växter;1;området Ekeby-Almby-Hidingsta-Stora Mellösa;
jordrök;Fumaria officinalis;222838;Växter;1;området Adolfsberg;
jordärtskocka;Helianthus tuberosus;220175;Växter;1;området Ekeby-Almby-Hidingsta-Stora Mellösa;
järpe;Tetrastes bonasia;102612;Fåglar;1;området Garphyttan-Närkes Kil;
jättebalsamin;Impatiens glandulifera;221100;Växter;1;Strandpromenaden, Rynningeviken;
jätteröksvamp;Langermannia gigantea;3201;Svampar;1;området Östernärke;
jätteverbena;Verbena bonariensis;221872;Växter;1;området Adolfsberg;
kal stenros;Rosa canina;224999;Växter;1;Alkärret, Oset;
kamjordstjärna;Geastrum pectinatum;4189;Svampar;1;området Garphyttan-Närkes Kil;
kantsäckspinnare;Dahlica triquetrella;213992;Fjärilar;1;området Ekeby-Almby-Hidingsta-Stora Mellösa;
kapkrusbär;Physalis peruviana;223468;Växter;1;området Ekeby-Almby-Hidingsta-Stora Mellösa;
kardvädd;Dipsacus fullonum;220490;Växter;1;området Adolfsberg;
kastanjemal;Cameraria ohridella;233640;Fjärilar;1;området Ekeby-Almby-Hidingsta-Stora Mellösa;
klibbal;Alnus glutinosa;219758;Växter;1;Oset;
knölklocka;Campanula rapunculoides;220021;Växter;1;området Adolfsberg;
knölsyska;Stachys palustris;221832;Växter;1;området Ekeby-Almby-Hidingsta-Stora Mellösa;
kokardblomster;Gaillardia × grandiflora;220144;Växter;1;området Adolfsberg;
korallticka;Grifola frondosa;721;Svampar;1;området Östernärke;NT
korgvide;Salix viminalis;223307;Växter;1;området Adolfsberg;
krusbärskremla;Russula queletii;5920;Svampar;1;området Garphyttan-Närkes Kil;
kungsmynta;Origanum vulgare;221738;Växter;1;området Adolfsberg;
kärrgräshoppa;Mecostethus grossus;200027;Hopprätvingar;1;området Garphyttan-Närkes Kil;
lappsparv;Calcarius lapponicus;103053;Fåglar;1;området Brunnsgärdet-Lindhult-Nasta;
liten blåklocka;Campanula rotundifolia;220023;Växter;1;Lötenplattformen;
ljust kungsljus;Verbascum thapsus;221870;Växter;1;området Adolfsberg;
luktmusseron;Tricholoma inamoenum;6271;Svampar;1;området Garphyttan-Närkes Kil;
läderbackfly;Agrochola macilenta;216050;Fjärilar;1;Skolan vid Sommaro, Ladugårdskogen;
lärksopp;Suillus grevillei;6087;Svampar;1;området Glanshammar;
lömsk flugsvamp;Amanita phalloides;2979;Svampar;1;området Östernärke;
lönnfruktsdvärgmal;Ectoedemia sericopeza;213866;Fjärilar;1;området Ekeby-Almby-Hidingsta-Stora Mellösa;
lönnhöstmal;Ypsolopha sequella;214195;Fjärilar;1;området Ekeby-Almby-Hidingsta-Stora Mellösa;
lönnmålla;Chenopodiastrum hybridum;220724;Växter;1;området Ekeby-Almby-Hidingsta-Stora Mellösa;
lövsångare;Phylloscopus trochilus;103014;Fåglar;1;Hedens Våtmark;
maskfingersvamp;Clavaria fragilis;3279;Svampar;1;området Lillån;
mattram;Tanacetum parthenium;220345;Växter;1;området Adolfsberg;
mindre frostfjäril;Operophtera brumata;215774;Fjärilar;1;Högsäter, Dylta Bruk, Seltorp;
mindre guldvinge;Lycaena phlaeas;201126;Fjärilar;1;Alkärret, Oset;
molnbrämat senapsmott;Evergestis extimalis;215456;Fjärilar;1;området Mellringe-Björkhaga;
morkulla;Scolopax rusticola;102955;Fåglar;1;Villingsbergs Skjutfält;
nattskatta;Solanum nigrum;223488;Växter;1;området Ekeby-Almby-Hidingsta-Stora Mellösa;
nässelfjäril;Aglais urticae;201062;Fjärilar;1;området Brickeberg-Norra Bro;
nässelsnärja;Cuscuta europaea;491;Växter;1;Alkärret, Oset;
opalfingersvamp;Clavaria falcata;3276;Svampar;1;området Garphyttan-Närkes Kil;
orange taggsvamp;Hydnellum aurantiacum;4361;Svampar;1;området Garphyttan-Närkes Kil;NT
oxtungssvamp;Fistulina hepatica;655;Svampar;1;området Östernärke;NT
parklöpare;Carabus nemoralis;103305;Skalbaggar;1;området Mellringe-Björkhaga;
penningört;Thlaspi arvense;220606;Växter;1;området Ekeby-Almby-Hidingsta-Stora Mellösa;
plommonticka;Phellinus pomaceus;5443;Svampar;1;området Lillån;
porslinsblå spindling;Cortinarius cumatilis;1980;Svampar;1;Blacktahyttan, Blacktahyttan;VU
praktröllika;Achillea filipendulina;219902;Växter;1;området Adolfsberg;
purpurkremla;Russula undulata;5937;Svampar;1;Reträtten naturreservat;
purpurskinn;Chondrostereum purpureum;3254;Svampar;1;Reträtten naturreservat;
pyramidbuskfly;Amphipyra pyramidea;215988;Fjärilar;1;området Markbacken-Västra Mark;
reliktbock;Nothorhina muricata;101410;Skalbaggar;1;området Glanshammar;NT
renfana;Tanacetum vulgare;220346;Växter;1;Lötenplattformen;
revormstörel;Euphorbia helioscopia;221963;Växter;1;området Adolfsberg;
ringblomma;Calendula officinalis;220006;Växter;1;området Ekeby-Almby-Hidingsta-Stora Mellösa;
roströd fältmätare;Xanthorhoe ferrugata;215694;Fjärilar;1;området Mellringe-Björkhaga;
rostvinge;Phragmatobia fuliginosa;201284;Fjärilar;1;Strandpromenaden, Rynningeviken;
rynkig fingersvamp;Clavulina rugosa;3293;Svampar;1;Blackstahyttan, Blackstahyttan;
ryssgubbe;Bunias orientalis;220447;Växter;1;området Adolfsberg;
rävtörel;Euphorbia peplus;221969;Växter;1;området Ekeby-Almby-Hidingsta-Stora Mellösa;
rödfärgsalg;Trentepohlia umbrina;251429;Alger;1;området Örebro norr-CV;
rödnarv;Spergularia rubra;220948;Växter;1;Oset;
rödskivig kanelspindling;Cortinarius semisanguineus;3718;Svampar;1;Reträtten naturreservat;
rödstreckat backfly;Agrochola lota;216049;Fjärilar;1;området Ekeby-Almby-Hidingsta-Stora Mellösa;
röllika;Achillea millefolium;219906;Växter;1;Lötenplattformen;
rörflen;Phalaris arundinacea;222606;Växter;1;området Ekeby-Almby-Hidingsta-Stora Mellösa;
scharlakansvaxing;Hygrocybe punicea;805;Svampar;1;området Garphyttan-Närkes Kil;NT
sengröe;Poa palustris;222633;Växter;1;området Ekeby-Almby-Hidingsta-Stora Mellösa;
sidentråding;Inocybe geophylla;4586;Svampar;1;området Garphyttan-Närkes Kil;
silkestaggsvamp;Phellodon melilotinus;6331651;Svampar;1;området Garphyttan-Närkes Kil;VU
silvermossa;Bryum argenteum;2352;Mossor;1;Ullavi;
silverpoppel;Populus alba;222760;Växter;1;området Adolfsberg;
skatnäva;Erodium cicutarium;221460;Växter;1;området Ekeby-Almby-Hidingsta-Stora Mellösa;
skogsek;Quercus robur;221406;Växter;1;Oset;
skogshare;Lepus timidus;206004;Däggdjur;1;Fatbursgatan;NT
skogsriska;Lactarius trivialis;4780;Svampar;1;området Garphyttan-Närkes Kil;
skogstordyvel;Anoplotrupes stercorosus;105029;Skalbaggar;1;Mantorpsskogen;
skrovlig taggsvamp;Hydnellum scabrosum;2059;Svampar;1;området Garphyttan-Närkes Kil;VU
skäggmusseron;Tricholoma vaccinum;6290;Svampar;1;området Garphyttan-Närkes Kil;
skärpiplärka;Anthus petrosus;102984;Fåglar;1;Strandpromenaden, Rynningeviken;
slaguggla;Strix uralensis;100137;Fåglar;1;Villingsbergs Skjutfält;
slemvaxing;Hygrocybe glutinipes;2017;Svampar;1;området Lillån;
slån;Prunus spinosa;223086;Växter;1;Oset;
slånhöstmal;Ypsolopha horridella;214189;Fjärilar;1;området Ekeby-Almby-Hidingsta-Stora Mellösa;
smalvingat lövfly;Spodoptera exigua;216013;Fjärilar;1;området Markbacken-Västra Mark;
småsnäppa;Calidris minuta;102615;Fåglar;1;Löten, Kvismaren;
småsnärjmåra;Galium spurium subsp. vaillantii;224199;Växter;1;området Ekeby-Almby-Hidingsta-Stora Mellösa;NT
snedstreckat mottfly;Schrankia costaestrigalis;215903;Fjärilar;1;området Ekeby-Almby-Hidingsta-Stora Mellösa;
snärjmåra;Galium aparine;221416;Växter;1;området Ekeby-Almby-Hidingsta-Stora Mellösa;
snårvinda;Convolvulus sepium;223418;Växter;1;Oset;
snöbär;Symphoricarpos albus;221047;Växter;1;Oset;
sommarbinka;Erigeron annuus;220126;Växter;1;området Adolfsberg;
sparvnäva;Geranium pusillum;221483;Växter;1;området Adolfsberg;
sparvuggla;Glaucidium passerinum;102621;Fåglar;1;Villingsbergs Skjutfält;NT
spetsdaggvide;Salix acutifolia;225119;Växter;1;Strandpromenaden, Rynningeviken;
spetsvinklad fältmätare;Dysstroma citrata;215732;Fjärilar;1;Längbro kyrkogård, Örebro;
sprödarv;Myosoton aquaticum;221550;Växter;1;området Ekeby-Almby-Hidingsta-Stora Mellösa;
stillfrö;Descurainia sophia;220485;Växter;1;området Ekeby-Almby-Hidingsta-Stora Mellösa;
stockros;Alcea rosea;222777;Växter;1;området Adolfsberg;
stolt fjällskivling;Macrolepiota procera;4977;Svampar;1;Oset;
stormåra;Galium mollugo;221421;Växter;1;Lötenplattformen;
stort haröra;Otidea onotica;5314;Svampar;1;området Garphyttan-Närkes Kil;
strandlysing;Lysimachia vulgaris;221112;Växter;1;Oset;
styvmorsviol;Viola tricolor;222011;Växter;1;området Ekeby-Almby-Hidingsta-Stora Mellösa;
stäpphök;Circus macrourus;205543;Fåglar;1;Hammarkullen, Kvismaren;
större korsnäbb;Loxia pytyopsittacus;103050;Fåglar;1;området Brunnsgärdet-Lindhult-Nasta;
svarthätta;Sylvia atricapilla;103011;Fåglar;1;området Markbacken-Västra Mark;
svartöra;Auricularia mesenterica;3086;Svampar;1;området Garphyttan-Närkes Kil;NT
svavelgul slöjskivling;Hypholoma fasciculare;4493;Svampar;1;Reträtten naturreservat;
svavelriska;Lactarius scrobiculatus;4769;Svampar;1;området Garphyttan-Närkes Kil;
svavelticka;Laetiporus sulphureus;4789;Svampar;1;området Östernärke;
svenskmålla;Chenopodium suecicum;220748;Växter;1;området Ekeby-Almby-Hidingsta-Stora Mellösa;
svinamarant;Amaranthus retroflexus;220637;Växter;1;området Ekeby-Almby-Hidingsta-Stora Mellösa;
svinmålla;Chenopodium album;220704;Växter;1;området Ekeby-Almby-Hidingsta-Stora Mellösa;
såpnejlika;Saponaria officinalis;220912;Växter;1;området Adolfsberg;
tallknoppsmott;Dioryctria simplicella;215338;Fjärilar;1;området Mellringe-Björkhaga;
tallmätare;Bupalus piniaria;215613;Fjärilar;1;Karlslund, Karlslundsskogen, Örebro;
tegelbrosking;Marasmius curreyi;4993;Svampar;1;Reträtten naturreservat;
tegelsopp;Leccinum versipelle;245486;Svampar;1;Reträtten naturreservat;
tegelticka;Daedaleopsis confragosa;3853;Svampar;1;Reträtten naturreservat;
tiggarranunkel;Ranunculus sceleratus;222920;Växter;1;området Ekeby-Almby-Hidingsta-Stora Mellösa;
tistelfjäril;Vanessa cardui;201061;Fjärilar;1;området Näsby-Norra Ormesta;
tomatillo;Physalis philadelphica;223469;Växter;1;området Ekeby-Almby-Hidingsta-Stora Mellösa;
toppvaxing;Hygrocybe conica;4379;Svampar;1;området Glanshammar;
trattkremla;Russula delica;5853;Svampar;1;Reträtten naturreservat;
treprickigt buskfly;Amphipyra tragopoginis;215992;Fjärilar;1;området Ekeby-Almby-Hidingsta-Stora Mellösa;
trumspindel;Anyphaena accentuata;219070;Spindeldjur;1;området Ekeby-Almby-Hidingsta-Stora Mellösa;
trädgårdsveronika;Veronica persica;221898;Växter;1;området Ekeby-Almby-Hidingsta-Stora Mellösa;
trådpipklubba;Macrotyphula filiformis;3282;Svampar;1;området Garphyttan-Närkes Kil;
tuvspröding;Homophron spadiceum;5664;Svampar;1;Engelbrektsholmen, Engelbrektsholmen;
tvärlinjerat backfly;Agrochola circellaris;216048;Fjärilar;1;området Mellringe-Björkhaga;
uppländsk vallört;Symphytum × uplandicum;221579;Växter;1;området Adolfsberg;
vass;Phragmites australis;219733;Växter;1;Lötenplattformen;
videörtsstyltmal;Calybites phasianipennella;214054;Fjärilar;1;området Ekeby-Almby-Hidingsta-Stora Mellösa;
vildvin;Parthenocissus inserta;220262;Växter;1;Oset;
vinkelbandat ordensfly;Catocala nupta;215908;Fjärilar;1;området Ekeby-Almby-Hidingsta-Stora Mellösa;
vinterskivling;Flammulina velutipes;4137;Svampar;1;Reträtten naturreservat;
violettbandat gulvingsfly;Xanthia togata;216040;Fjärilar;1;området Ervalla-Ölmbrotorp;
violettgrå fältmätare;Thera obeliscata;215739;Fjärilar;1;området Mellringe-Björkhaga;
vit sötväppling;Melilotus albus;221274;Växter;1;området Ekeby-Almby-Hidingsta-Stora Mellösa;
vitblära;Silene latifolia;220931;Växter;1;Lötenplattformen;
vitfläckig björkrullvecklare;Epinotia trigonella;215060;Fjärilar;1;området Ekeby-Almby-Hidingsta-Stora Mellösa;
vitpunktslövfly;Caradrina clavipalpis;216008;Fjärilar;1;området Markbacken-Västra Mark;
vågig sidenmossa;Plagiothecium undulatum;2826;Mossor;1;Hanstorpaberget;
zontaggsvamp;Hydnellum concrescens;4363;Svampar;1;området Garphyttan-Närkes Kil;
äkta förgätmigej;Myosotis scorpioides;221546;Växter;1;området Ekeby-Almby-Hidingsta-Stora Mellösa;
äkta johannesört;Hypericum perforatum;221980;Växter;1;området Adolfsberg;
älggräsgallmygga;Dasineura ulmaria;6003964;Tvåvingar;1;området Rynninge-Grenadjärstaden;
ängsvaxing;Cuphophyllus pratensis;239218;Svampar;1;Hagalund, Hagalund;
ärtmjöldagg;Erysiphe pisi;258732;Övrigt;1;området Ekeby-Almby-Hidingsta-Stora Mellösa;
åkerjordmossa;Dicranella staphylina;2118;Mossor;1;Ullavi;
åkerkårel;Erysimum cheiranthoides;219674;Växter;1;området Ekeby-Almby-Hidingsta-Stora Mellösa;
åkermolke;Sonchus arvensis;220332;Växter;1;området Adolfsberg;
åkerpilört;Persicaria maculosa;220840;Växter;1;området Ekeby-Almby-Hidingsta-Stora Mellösa;
åkersenap;Sinapis arvensis;220588;Växter;1;området Ekeby-Almby-Hidingsta-Stora Mellösa;
åkerspärgel;Spergula arvensis;220945;Växter;1;området Ekeby-Almby-Hidingsta-Stora Mellösa;
åkertuss;Tortula truncata;2197;Mossor;1;Ullavi;
åkerveronika;Veronica agrestis;221877;Växter;1;området Ekeby-Almby-Hidingsta-Stora Mellösa;
örsopp;Suillus bovinus;6084;Svampar;1;Reträtten naturreservat;
