kod;omrade;invanare;ekonomisk_standard_median_tkr;lag_ekonomisk_standard_pct;eftergymnasial_utbildning_pct;sysselsatta_pct;utlandsk_bakgrund_pct;barn_0_19_pct;aldre_65_pct;hushall;barnfamiljer_pct;lagenheter;hyresratter_pct;bostadsratter_pct;aganderatter_pct;bilar_per_1000;km2;invanare_per_km2;valdeltagande_2026_pct
1880R001;Adolfsberg;3584;392,4;3;65,2;90,7;11,6;29,7;19,1;1297;48;1294;10,1;1,2;88,7;464;9,61;373;88,7
1880R002;Almby-Ormesta;4664;321,5;16;71,4;68,1;20,8;20,8;9,8;2530;21,7;3037;64,1;17;18,8;293;5,68;821;86,5
1880R003;Baronbackarna;2129;205,5;45;27,3;65,7;72,2;26,7;9,3;1033;31,3;1102;100;0;0;240;0,86;2476;69,2
1880R004;Brickebacken;3467;208,6;42;31,3;62,2;63,1;28,2;13,2;1534;36,4;1721;100;0;0;257;1,28;2709;69,2
1880R005;Brickeberg-Norra Bro;2775;333,7;12;58,8;81,6;29,5;29,8;13,2;1042;40,9;1050;28,8;6,9;64,4;418;9,97;278;84,6
1880R006;Brunnsgärdet-Lindhult-Nasta;5313;349,8;5;56,5;88,4;13,9;25,6;23;2374;34,4;2421;24,6;34,7;40,8;420;8,64;615;88,3
1880R007;Ekeby-Almby-Hidingsta-Stora Mellösa;6453;359,3;6;54,4;89,4;9,8;30,4;15,9;2420;46,2;2526;8,4;10,3;81,4;531;183,43;35;90,1
1880R008;Eklunda-Sörby;6433;380,4;8;61,9;84,1;16,4;19;20,4;3277;25,2;3467;33,1;42,5;24,3;392;1,54;4177;88,3
1880R009;Ervalla-Ölmbrotorp;3904;343,4;7;44,4;88,7;9,4;25,9;21,2;1619;35,5;1658;8,4;0,1;91,4;600;193,17;20;87,1
1880R010;Garphyttan-Närkes Kil;4060;325,6;10;45,9;87,5;9,9;25,1;21,3;1739;34,8;1791;17;6,2;76,7;605;281,65;14;87,7
1880R011;Glanshammar;3814;349,3;7;47,2;90;7,5;25,5;21;1606;34,4;1630;11,4;0,4;87,7;579;198,73;19;84,9
1880R012;Hagaby-Ringstorp;5604;316,1;13;53,3;84,3;24,5;24,4;14,3;2703;32,3;2888;64,2;15,5;20,3;382;5,77;971;84,9
1880R013;Holmen-Hjärsta;4384;336,3;12;54,6;82,9;23,7;20,7;18,8;2215;25,1;2402;40,7;30,8;28,5;400;1,24;3535;82,9
1880R014;Hovsta;2763;337,2;5;62,4;90,8;13;32,2;16,4;1008;51;1008;6;31,2;62,9;454;5,29;522;90,8
1880R015;Ladugårdsängen;6094;300;12;55,6;81,9;25;17,3;10,9;3553;19,1;3739;72,6;26,5;0,9;326;1,95;3125;84
1880R016;Latorp-Täby-Vintrosa;3392;336,9;6;47,1;90,7;7,8;27,9;19,6;1362;39,7;1386;13,9;2,5;83,6;575;99,74;34;89,7
1880R017;Lillån;3799;371,3;3;60,2;88,4;17,8;31,4;14,7;1360;51,3;1381;13;16,1;70,8;453;7,77;489;89,1
1880R018;Lundby;2878;299,6;11;41,9;82,7;43,5;24,2;26,1;1165;35,3;1195;7,1;36,8;56,1;475;5,05;570;81,2
1880R019;Marieberg-Mosås;3845;347,1;5;52,8;90,2;13,4;35,7;10,1;1317;54,5;1340;12,7;25,9;61,4;446;15,11;254;90,8
1880R020;Markbacken-Västra Mark;4229;238,7;31;37,5;69,3;53,8;21,1;19,4;2238;23,6;2458;78,6;16,4;5;305;0,89;4752;75,9
1880R021;Mellringe-Björkhaga;5794;319;9;47,2;83;31,3;23,7;27,7;2549;32;2654;30,2;37,9;31,8;443;11,39;509;84,3
1880R022;Nya Hjärsta-Nyponlunden;2979;341,1;5;49,7;85,4;43,6;27,7;17,5;1039;47,3;1044;0,8;28,4;70,8;463;1,68;1773;84,7
1880R023;Näsby-Norra Ormesta;3633;360,3;7;69,8;86,8;14,4;29;12,7;1597;36,8;1604;31,6;44,2;24,2;381;3,43;1059;90,6
1880R024;Rosta-Örnsro;5841;277,4;21;48;76;24,9;15,1;21,8;3646;16,7;3848;77,6;19,7;2,7;363;1,78;3281;81,2
1880R025;Rynninge-Grenadjärstaden;4231;341,7;11;60,7;84,5;19,2;22,5;22;2135;26,9;2209;47,5;35,7;16,8;385;1,16;3647;88,5
1880R026;Sörbyängen;4369;325,1;12;60,1;77,5;25,2;18,6;14,3;2340;21,9;2512;54,3;42,4;3,2;350;0,67;6521;87
1880R027;Tybble;2362;209,1;40;44,7;51;38,9;12,8;13,8;1769;11,1;1970;100;0;0;218;0,41;5761;74,8
1880R028;Varberga-Oxhagen;5544;196,8;50;24,9;62,6;83,2;30;10,5;2310;35,4;2614;99,8;0;0,2;242;1,24;4471;66,6
1880R029;Vivalla;6986;183,2;58;22,4;57,4;88,7;37,3;7,7;2247;42,7;2455;94,7;4,2;1,1;197;1,04;6717;66,3
1880R030;Västhaga-Solhaga;2622;258,8;18;36,5;75,4;28,7;16,8;39,6;1556;17,7;1689;52,8;42,5;4,8;406;2,15;1220;82,2
1880R031;Örebro city;6435;322,1;11;54,7;82,4;21,1;11,8;23,1;4007;13,5;4432;90,3;9,4;0,3;297;0,89;7230;84
1880R032;Örebro norr-CV;5604;287,4;18;46,2;77,2;24,3;13,2;25,4;3641;13,3;3982;80,8;17,3;1,9;339;1,9;2949;80,3
1880R033;Örebro söder;5463;268,5;22;43,4;71,7;33,3;13,7;27,5;3402;14,7;3700;88,7;7,7;3,6;270;1,25;4370;79,5
1880R034;Örebro väster;5065;273,6;20;44,5;77,3;25,9;13,3;22,5;3313;14,2;3636;94,4;5,3;0,3;326;0,43;11779;80,2
1880R035;Örebro öster;6129;333,2;10;59,1;82;14,6;11,1;28,1;3795;13,4;4286;67,8;30,6;1,6;360;0,95;6452;87,1
1880R036;Östernärke;4044;296,7;15;31;82,4;9,4;18,9;31,3;1989;24,2;2120;26,3;1,8;71,9;622;310,46;13;84,3
1880;Hela kommunen;160687;305,6;16;49,5;79,2;28,2;22,7;19;78747;27,1;84249;56,8;18,5;24,6;389;1378,51;117;
