namnd;2025-01;2025-02;2025-03;2025-04;2025-05;2025-06;2025-07;2025-08;2025-09;2025-10;2025-11;2025-12;2026-01;2026-02;2026-03;2026-04;2026-05;2026-06;2026-07;2026-08
Teknik- och servicenämnden;105,842;56,667;123,223;77,796;85,953;89,615;75,674;51,009;77,441;113,709;87,466;130,272;91,693;68,377;94,776;97,875;54,399;84,538;74,33;76,078
Grundskolenämnden;61,064;44,566;85,604;50,71;57,03;50,904;54,523;40,281;68,392;56,42;55,836;66,098;52,574;50,802;61,634;81,334;52,206;65,869;54,685;43,31
Vård- och omsorgsnämnden;35,816;42,102;42,744;44,61;41,13;40,619;48,012;38,112;42,074;63,739;34,027;56,712;45,842;40,584;71,413;54,505;56,29;43,596;66,449;41,357
Kommunstyrelsen;71,82;35,347;57,964;30,187;49,758;31,845;73,42;26,63;31,655;35,973;36,326;60,378;78,571;39,362;51,434;68,077;23,658;44,058;44,866;31,547
Gymnasie- och arbetsmarknadsnämnden;43,002;37,136;37,186;37,156;37,774;41,463;85,281;26,401;58,501;48,354;39,446;82,778;47,116;36,071;38,134;44,218;32,674;107,728;31,93;5,26
Finansiering (centralt);16,483;16,373;130,007;16,249;15,501;103,754;16,24;16,582;97,4;16,987;21,671;97,152;16,301;16,51;125,132;16,459;24,516;101,091;16,781;16,375
Socialnämnden;42,893;20,847;57,096;35,145;39,855;36,259;43,637;20,323;53,887;50,665;29,879;44,154;37,158;24,22;49,682;48,098;13,354;48,021;39,501;33,047
Markplanerings- och exploateringsnämnden;42,804;11,411;19,216;38,138;38,18;42,33;45,13;31,149;49,455;50,371;47,827;115,097;51,465;24,508;21,5;25,917;18,946;34,235;26,444;18,482
Funktionsstödsnämnden;35,277;18,629;34,269;24,372;22,263;32,292;29,854;11,641;41,494;30,095;21,105;30,135;25,675;16,998;40,855;31,284;7,916;43,708;30,217;24,205
Förskolenämnden;22,562;17,971;20,597;25,625;20,798;18,815;18,374;12,429;23,898;20,404;17,894;24,274;19,224;15,694;19,514;19,581;21,558;22,339;13,405;14,549
Kultur- och fritidsnämnden;15,214;6,806;18,929;11,723;10,176;24,442;14,589;2,455;5,511;8,217;5,51;10,218;17,732;6,866;5,162;23,892;5,612;26,372;10,669;3,185
Fullmäktige och stadsrevision;0,811;0,25;0,175;0,58;0,087;0,269;0,453;0,057;0,316;0,459;0,443;0,523;0,441;0,788;0,299;0,194;0,048;0,62;0,379;0,078
Överförmyndarnämnden;0,164;0,118;0,304;0,164;0,168;0,155;0,322;0,324;0,338;0,642;0,302;0,446;0,462;0,038;0,346;0,711;0,078;0,425;0,82;0,128
Bygg- och miljönämnden;0,306;0,064;0,224;0,185;0,214;0,167;0,266;0,077;0,237;0,22;0,183;1,129;0,41;0,158;0,479;0,3;0,435;0,203;0,235;0,066
Valnämnden;0,011;0;0,002;0;0,001;0,003;0;0,001;0,005;0,014;0,001;0,01;0,012;0,006;0,001;0,077;0,005;0,013;0,283;0,067
