plan;typ;status;fran;till;plats;omraden;syfte;lank
Detaljplan för fastigheten Östra Via 2:39 m.fl. (Vintrosa);Detaljplan;Granskning;2026-09-23;2026-10-14;Vintrosa;Latorp-Täby-Vintrosa;"Syftet med detaljplanen är att utveckla området för bostäder enligt ställningstaganden i översiktsplanen. Bebyggelsen som föreslås utgörs av friliggande villor, rad- och parhus i två våningar.
Planförslaget påverkar delar av gemensamhetsanläggningarna Östra Via GA:7 och Östra Via GA:9.";https://www.orebro.se/bygga-bo--trafik/stadsutveckling--planering/lista/detaljplaner/2025-01-26-detaljplan-for-fastigheten-ostra-via-239-m.fl.-vintrosa.html
Detaljplan för fastigheten Orlången 3 m.fl.;Detaljplan;Samråd;2026-09-11;2026-10-25;Almby;Näsby-Norra Ormesta;Syftet med planen är att möjliggöra bostäder på en central plats i Örebro stad.;https://www.orebro.se/bygga-bo--trafik/stadsutveckling--planering/lista/detaljplaner/2026-09-11-detaljplan-for-fastigheten-orlangen-3-m.fl..html
Detaljplan för del av fastigheten Litografen 1;Detaljplan;Samråd;2026-09-28;2026-10-26;Nasta;Brunnsgärdet-Lindhult-Nasta;Syftet med planen är att pröva detaljhandel inom del av byggnad inom fastigheten Litografen 1.;https://www.orebro.se/bygga-bo--trafik/stadsutveckling--planering/lista/detaljplaner/2026-09-27-detaljplan-for-del-av-fastigheten-litografen-1.html
Detaljplan för fastigheten Däcket 3;Detaljplan;Samråd;2026-09-17;2026-10-29;Boglundsängen;Lundby;Planens syfte är att möjliggöra befintlig idrottshall.;https://www.orebro.se/bygga-bo--trafik/stadsutveckling--planering/lista/detaljplaner/2026-09-17-detaljplan-for-fastigheten-dacket-3.html
Detaljplan för fastigheten Gasklockan 15 m.fl. (Österplan etapp 2);Detaljplan;Samråd;2026-09-18;2026-10-30;Öster;Örebro öster;"Detaljplanens syfte är att planlägga andra etappens omvandling av kvarteret Gasklockan med omgivning. Detaljplanen är belägen vid Österplan och planeras omvandlas från ett industri- och handelsområde till ett blandstadsområde med bostäder, kontor, handel och centrumfunktioner. Syftet är också att tillskapa en kvarterstruktur med ett centralt torg i området.
Området ska vara anpassat till omgivningen och bidra till en god bebyggd miljö. Detaljplanen ska också ge förutsättningar till att kunna utveckla en levande stadsdel som uppmuntrar till aktivitet under stor del av dygnet.";https://www.orebro.se/bygga-bo--trafik/stadsutveckling--planering/lista/detaljplaner/2026-09-18-detaljplan-for-fastigheten-gasklockan-15-m.fl.-osterplan-etapp-2.html
Detaljplan för fastigheten Attersta 7:8 (Östra etappen);Detaljplan;Bearbetning inför granskning;;;Attersta;Ekeby-Almby-Hidingsta-Stora Mellösa, Brickeberg-Norra Bro;Syftet med planen är att planlägga för både industriändamål, med inriktning på miljöstörande verksamheter med en större omgivningspåverkan och verksamhets­ändamål med mindre störande verksamheter.;https://www.orebro.se/bygga-bo--trafik/stadsutveckling--planering/lista/detaljplaner/2024-12-18-detaljplan-for-fastigheten-attersta-78-ostra-etappen.html
Detaljplan för fastigheten Bensinmotorn 1;Detaljplan;Bearbetning inför granskning;;;Öster;Eklunda-Sörby;"Syftet med detaljplanen är att möjliggöra för ny bebyggelse på fastigheten Bensinmotorn 1, ett område längs Rudbecksgatan vid Österplan i centrala Örebro, där det tidigare låg en bensinmack.
Den nya bebyggelsen är tänkt att bidra till kommunens ambition att stärka Österplans roll som framtida stadsdelscentrum med god tillgång till service och kollektivtrafik.
Detaljplanen möjliggör för ny bebyggelse av hög arkitektonisk kvalitet till en högsta höjd motsvarande 16 våningar. Planen tillåter bostäder, kontor, vårdverksamhet, verksamhets­lokaler för t.ex. butiker, caféer och restauranger samt parkering.
Fastigheten Bensinmotorn 1 ingår i ett generellt utvecklingsområde som innefattar Österplan, Cv-området och Pappersbruket där kommunens översiktsplan pekar ut en önskad utveckling från industri och verksamheter till en ny del av innerstaden med ett större inslag av bostäder.";https://www.orebro.se/bygga-bo--trafik/stadsutveckling--planering/lista/detaljplaner/2021-12-20-detaljplan-for-fastigheten-bensinmotorn-1.html
Detaljplan för fastigheten Bottenhavet 7 m.fl.;Detaljplan;Bearbetning inför granskning;;;Almby/Tybble;Eklunda-Sörby, Almby-Ormesta, Näsby-Norra Ormesta;Syftet med detaljplanen är att möjliggöra för en förtätning med nya bostäder, både i form av radhus och flerbostadshus. I kvarteret Bottenhavet möjliggörs även för centrumverksamhet. Syftet är också att planlägga befintliga vägar och bebyggelse inom planområdet för att stämma överens med nuvarande markanvändning.;https://www.orebro.se/bygga-bo--trafik/stadsutveckling--planering/lista/detaljplaner/2025-11-28-detaljplan-for-fastigheten-bottenhavet-7-m.fl..html
Detaljplan för del av fastigheten Anden 1;Detaljplan;Bearbetning inför granskning;;;Skebäck;Örebro öster;Detaljplanens syfte är att möjliggöra för kompletterande bostäder på fastigheten Anden 1 för att uppfylla ett utökat behov av bostäder i det befintliga seniorboendet. Bebyggelsen ska utformas med hänsyn till områdets kulturmiljövärden och värdebärare i riksintresset för kulturmiljövård för centrala Örebro.;https://www.orebro.se/bygga-bo--trafik/stadsutveckling--planering/lista/detaljplaner/2025-12-18-detaljplan-for-del-av-fastigheten-anden-1.html
Detaljplan för del av fastigheten Kränglan 3:1;Detaljplan;Bearbetning inför granskning;;;Nyttorp;Glanshammar;Syftet med planen är att planlägga för ett nytt verksamhetsområde för Epiroc, där huvuddelen av området ska utgöras av ett testcenter för gruvmaskiner ovan och under jord. Det är dock inte en gruvverksamhet. Vidare är syftet att säkra skogsmark med höga naturvärden i planområdets västra och södra del genom användningen natur samt bevara och skydda en äldre torpmiljö med höga kulturvärden.;https://www.orebro.se/bygga-bo--trafik/stadsutveckling--planering/lista/detaljplaner/2024-09-13-detaljplan-for-del-av-fastigheten-kranglan-31.html
Detaljplan för del av fastigheten Mikael 2:96;Detaljplan;Bearbetning inför granskning;;;Boglundsängen;Lundby;Syftet med planen är att reglera om allmän plats till skydd till allmän plats och gata för att möjliggöra ytterligare ytor för kollektivtrafikstråk.;https://www.orebro.se/bygga-bo--trafik/stadsutveckling--planering/lista/detaljplaner/2026-05-14-detaljplan-for-del-av-fastigheten-mikael-296.html
Detaljplan för del av fastigheten Mikael 2:96 m.fl. (Neongatan) samt upphävande av del av detaljplan 1880-P506;Detaljplan;Bearbetning inför granskning;;;Boglundsängen;Lundby;"Syftet med planen är att planlägga Neongatan som kvartersmark för att möjliggöra en
försäljning av marken till intilliggande fastighetsägare. För att möjliggöra det krävs ett antal åtgärder för att tillgången till Boglundsängens naturreservat inte ska påverkas negativt. En sådan åtgärd är att skapa en ny anslutning till naturreservatet från väster, därför möjliggör detaljplanen en gång- och cykelväg mellan fastigheterna Argonet 4 och Argonet 6.";https://www.orebro.se/bygga-bo--trafik/stadsutveckling--planering/lista/detaljplaner/2025-11-11-detaljplan-for-del-av-fastigheten-mikael-296-m.fl.-neongatan-samt-upphavande-av-del-av-detaljplan-1880-p506.html
Detaljplan för del av fastigheten Svänghjulet 1;Detaljplan;Bearbetning inför granskning;;;Rosta;Rosta-Örnsro;Syftet med planen är att möjliggöra gymnasieskola och vuxenutbildning utöver de användningar som redan tillåts i gällande detaljplan.;https://www.orebro.se/bygga-bo--trafik/stadsutveckling--planering/lista/detaljplaner/2026-07-02-detaljplan-for-del-av-fastigheten-svanghjulet-1.html
Detaljplan för fastigheten Färgeriet 7;Detaljplan;Bearbetning inför granskning;;;Centrum;Örebro city;Syftet med planen är att möjliggöra en större bredd av användning och att ändra den tidigare markanvändningen musikskola och kontor, endast i bottenvåningen till att möjliggöra bostadsändamål, centrumanvändning, undervisning samt kontorsändamål i hela byggnaden. Vidare är syftet med detaljplanen att långsiktigt säkerställa och skydda de kulturhistoriska värdena som byggnaden har.;https://www.orebro.se/bygga-bo--trafik/stadsutveckling--planering/lista/detaljplaner/2026-04-09-detaljplan-for-fastigheten-fargeriet-7.html
Detaljplan för fastigheten Förlunda 5:7 m.fl. (etapp 1);Detaljplan;Bearbetning inför granskning;;;Lillån;Lillån;"Syftet med planen är att möjliggöra för ny bostadsbebyggelse i form av småhus, flerbostads­hus, radhus, parhus och liknande samt ett gruppboende. Detaljplanen ska bidra med att utveckla stadens norra del och skapa en sammanhängande stadsstruktur. Bebyggelsen och parkmiljön närmast Hovsta kyrka ska anpassas för att ta hänsyn till kyrkans kulturmiljö.
I norra delen av staden finns ett högt bebyggelsetryck samt flera utpekade utbyggnads­områden som behöver utvecklas för att kommunen ska klara sitt bostadsförsörjningsansvar. Stor del av den förväntade befolkningsökningen fram till 2040 kommer ske i utpekade utvecklings­områden. Att utveckla bostäder här innebär även ett utökat befolkningsunderlag för att fortsätta utvecklingen av Lillån center som en kommunal kärna.";https://www.orebro.se/bygga-bo--trafik/stadsutveckling--planering/lista/detaljplaner/2023-01-02-detaljplan-for-fastigheten-forlunda-57-m.fl.-etapp-1.html
Detaljplan för fastigheten Grantoppen 5 m.fl.;Detaljplan;Bearbetning inför granskning;;;Brickebacken;Brickebacken;Syftet med planen är att möjliggöra för ett nytt badhus och centrumverksamheter i Brickebackens centrum. Detaljplanen ligger i linje med det framtagna planprogrammet för Brickebacken och är en del av dess förverkligande som syftar till att bidra till en positiv centrumutveckling i Brickebackens centrum.;https://www.orebro.se/bygga-bo--trafik/stadsutveckling--planering/lista/detaljplaner/2025-10-12-detaljplan-for-fastigheten-grantoppen-5-m.fl..html
Detaljplan för fastigheten Hovsta 4:102 m.fl. (Lillån);Detaljplan;Bearbetning inför granskning;;;Lillån;Lillån;Syftet med planen är att möjliggöra bostadsbebyggelse vid Fäbrovägens förlängning och samtidigt förhålla sig till naturvärdena som finns på platsen. Detaljplanen medger bostadsbebyggelse i form av flerbostadshus och småhus i blandade former.;https://www.orebro.se/bygga-bo--trafik/stadsutveckling--planering/lista/detaljplaner/2021-12-20-detaljplan-for-fastigheten-hovsta-4102-m.fl.-lillan.html
Detaljplan för fastigheten Hovsta-Gryt 1:5 m.fl.;Detaljplan;Bearbetning inför granskning;;;Lillån;Lillån;Syftet med planen är att möjliggöra blandad bostadsbebyggelse. Gatunätet och bebyggelsens omfattning ska regleras på ett sätt som ansluter till det som, i Örebro kommuns strategi för arkitektur och byggande, kallas trädgårdsstadsdel.;https://www.orebro.se/bygga-bo--trafik/stadsutveckling--planering/lista/detaljplaner/2021-10-14-detaljplan-for-fastigheten-hovsta-gryt-15-m.fl..html
Detaljplan för fastigheten Längbro 2:81 m.fl. (Björklunda);Detaljplan;Bearbetning inför granskning;;;Björkhaga;Mellringe-Björkhaga;Syftet med planen är att bygga vidare på befintliga strukturer och länka samman bostadsområden genom att möjliggöra byggnation av cirka 250–300 bostäder i form av fristående villor, par- rad- och kedjehus. Inom planområdet möjliggörs även för stadsvillor med fyra till åtta lägenheter per byggnad samt en förskola.;https://www.orebro.se/bygga-bo--trafik/stadsutveckling--planering/lista/detaljplaner/2023-09-19-detaljplan-for-fastigheten-langbro-281-m.fl.-bjorklunda.html
Detaljplan för fastigheten Mosjö-Råby 3:8;Detaljplan;Bearbetning inför granskning;;;Berglunda;Latorp-Täby-Vintrosa;"Syftet med planen är att möjliggöra för verksamheter som lager och kontor i enlighet
med översiktsplanens intentioner för området mellan Berglunda och flygplatsen. Vidare är
syftet att möjliggöra för en gång- och cykelväg till verksamhetsområdet samt att bevara ett
skogsparti i planområdets västra del.";https://www.orebro.se/bygga-bo--trafik/stadsutveckling--planering/lista/detaljplaner/2023-10-12-detaljplan-for-fastigheten-mosjo-raby-38.html
Detaljplan för fastigheten Målaren 17 m.fl.;Detaljplan;Bearbetning inför granskning;;;Örnsro;Rosta-Örnsro;Syftet med planen är att möjliggöra för ny bebyggelse i form av bostäder, centrum­användning, kontor, skola och parkering på fastigheten Målaren 17 i centrala Örebro samt att säkerställa ett reservat för en eventuell framtida järnvägsdragning på fastighetens södra sida.;https://www.orebro.se/bygga-bo--trafik/stadsutveckling--planering/lista/detaljplaner/2020-11-29-detaljplan-for-fastigheten-malaren-17-m.fl..html
Detaljplan för fastigheten Nikolai 3:306 m.fl. (Södra Station);Detaljplan;Bearbetning inför granskning;;;Södra Station;;Syftet med planen är att möjliggöra för en utveckling av Södra Station och dess funktion som järnvägsstation samt att utveckla området runt stationen med ny bebyggelse av hög arkitektonisk kvalitet i form av kontor och verksamheter, nya infrastrukturkopplingar samt nya mötesplatser och utvecklade grönytor. Detaljplanen är förenlig med den kommunala översiktsplanen.;https://www.orebro.se/bygga-bo--trafik/stadsutveckling--planering/lista/detaljplaner/2019-10-20-detaljplan-for-fastigheten-nikolai-3306-m.fl.-sodra-station.html
Detaljplan för fastigheten Nikolai 3:306 m.fl. med tillhörande strategisk miljöbedömning;Detaljplan;Bearbetning inför granskning;;;Örebro Södra;Örebro söder, Rosta-Örnsro;Det huvudsakliga syftet med planen är att möjliggöra utveckling av Örebro Södra och dess funktion som järnvägsstation med ny bebyggelse samt att möjliggöra en gång- och cykelpassage under järnvägen.;https://www.orebro.se/bygga-bo--trafik/stadsutveckling--planering/lista/detaljplaner/2026-06-01-detaljplan-for-fastigheten-nikolai-3306-m.fl.-med-tillhorande-strategisk-miljobedomning.html
Detaljplan för fastigheterna Propellern 1 och 7;Detaljplan;Bearbetning inför granskning;;;Ladugårdsängen;Örebro söder, Ladugårdsängen;Syftet med detaljplanen är att möjliggöra för bostadsbebyggelse på fastigheterna Propellern 1 och 7. Inom den södra delen är syftet att möjliggöra för ett flerbostadshus som ansluter till det befintliga flerbostadshuset på Propellern 1. I den norra delen av planområdet är syftet att möjliggöra både för flerbostadshus och radhus.;https://www.orebro.se/bygga-bo--trafik/stadsutveckling--planering/lista/detaljplaner/2025-12-18-detaljplan-for-fastigheterna-propellern-1-och-7.html
Detaljplan för fastigheten Rustmästaren 2 m.fl.;Detaljplan;Bearbetning inför granskning;;;Alnängarna;Örebro city;Syftet med planen är att möjliggöra ny bebyggelse med användningarna kontor, vård och utbildning i kvarteret Rustmästaren. Två äldre byggnader med höga kulturmiljövärden på Rustmästaren 1 respektive Fredsgatan 46B avses i detaljplanen skyddas mot förvanskning och rivning. Detaljplanen syftar även till att möjliggöra genomförandet av ett gångstråk längs med Svartån så att allmänheten får tillgång till mer av den grönblå länk som Svartån och dess omgivningar utgör.;https://www.orebro.se/bygga-bo--trafik/stadsutveckling--planering/lista/detaljplaner/2025-09-15-detaljplan-for-fastigheten-rustmastaren-2-m.fl..html
Detaljplan för fastigheten Råberga 3:2 m.fl. med tillhörande strategisk miljöbedömning;Detaljplan;Bearbetning inför granskning;;;Örebro flygplats;Latorp-Täby-Vintrosa;Syftet med planen är att möjliggöra flygplatsanknutna verksamheter för till exempel transporter, logistik, service, reparation samt sammanhängande uppställningsytor för flygplan med direktkontakt till flygplatsens landningsbana. Syftet är vidare att möjliggöra kontors- och lagerbyggnader som är kopplade till dessa verksamheter.;https://www.orebro.se/bygga-bo--trafik/stadsutveckling--planering/lista/detaljplaner/2020-11-29-detaljplan-for-fastigheten-raberga-32-m.fl.-med-tillhorande-strategisk-miljobedomning.html
Detaljplan för fastigheten Råberga 5:8 m.fl.;Detaljplan;Bearbetning inför granskning;;;Örebro flygplats;Latorp-Täby-Vintrosa;"Örebro flygplats är en av landets största kommersiella fraktflygplatser och dess möjlighet till utbyggnad, samt etablering av nya verksamheter i direkt anslutning till denna, är därför en viktig del i att förstärka näringslivet i Örebroregionen. Förutom flygplatsens betydelse för frakt- och charterflyg har den även internationella frakt­uppdrag för olika myndigheter.
Landningsbanans längd på 3 270 meter ger förutsättningar att hantera den största typen av flygplan vilket har ökat intresset för en rad olika företag att etablera sig vid flygplatsen.
Syftet med detaljplanen är därför att möjliggöra flygplatsanknutna verksamheter för till exempel transporter, lager, logistik, service och reparation med kontakt till flygplatsen. Syftet är vidare att möjliggöra kontors- och lagerbyggnader som är kopplade till dessa verksamheter.";https://www.orebro.se/bygga-bo--trafik/stadsutveckling--planering/lista/detaljplaner/2021-12-20-detaljplan-for-fastigheten-raberga-58-m.fl..html
Detaljplan för fastigheten Slussen 1 m.fl.;Detaljplan;Bearbetning inför granskning;;;Alnängarna;Örebro norr-CV;Syftet med planen är att möjliggöra en expansion av Region Örebro läns verksamhet inom sjukhusområdet. Detaljplanen ska möjliggöra uppförande av lokaler för vårdutbildning och forskning samt vård. Hänsyn ska tas till närliggande bebyggelse med kulturmiljövärden samt intilliggande bostadsbebyggelse. Hänsyn ska även tas till gröna och rekreationsmässiga värden längs å-stråket söder om planområdet.;https://www.orebro.se/bygga-bo--trafik/stadsutveckling--planering/lista/detaljplaner/2024-12-18-detaljplan-for-fastigheten-slussen-1-m.fl..html
Detaljplan för fastigheten Säby 2:65 m.fl.;Detaljplan;Bearbetning inför granskning;;;Vintrosa;Latorp-Täby-Vintrosa;Syftet med planen är att möjliggöra för omkring 25 småhus i en av översiktsplanens prioriterade tätorter. Förslaget kan stärka Vintrosa genom att öka befolkningsunderlaget och därmed ortens roll som serviceort. Bostäderna ska anpassas till platsens natur, kulturmiljö och landskap samt bidra till att kunna tillhandahålla småhustomter av större storlek i kommunen.;https://www.orebro.se/bygga-bo--trafik/stadsutveckling--planering/lista/detaljplaner/2025-12-17-detaljplan-for-fastigheten-saby-265-m.fl..html
Detaljplan för fastigheten Tågmästaren 24 m.fl.;Detaljplan;Bearbetning inför granskning;;;Söder;Örebro söder;"Syftet med planen är att ge planstöd åt befintlig skolverksamhet, pröva en ny byggrätt i den södra delen av fastigheten Tågmästaren 24, skapa en bättre entré till skolan samt möjliggöra för att bebyggelse inom området även kan nyttjas för kontors- och centrumverksamhet.
Planläggningen syftar också till att långsiktigt bevara kulturmiljövärdena i den tidigare skofabriksbyggnaden Oscaria. I detaljplanen ingår också ett delvis återställande av Södra allén där befintliga träd hamnar inom kommunal mark och gång- och cykelbana anläggs.";https://www.orebro.se/bygga-bo--trafik/stadsutveckling--planering/lista/detaljplaner/2026-01-28-detaljplan-for-fastigheten-tagmastaren-24-m.fl..html
Detaljplan för fastigheten Öresjön 13 m.fl.;Detaljplan;Bearbetning inför granskning;;;Skebäck;Näsby-Norra Ormesta, Örebro öster;"Detaljplanen syftar till att möjliggöra en utveckling för bostäder, centrumändamål, tillfällig­vistelse och allmänplats i en stadsmässig karaktär. Detaljplanen är en del i omvandlingen av Pappersbruksområdet, från industri- och verksamhetsområde till att bli en stadsdel där du både kan bo och verka i.
Syftet med planen är att möjliggöra för en blandstadsbebyggelse i del av Pappersbruks­området. Syftet är också att möjliggöra en attraktiv och trygg miljö som både boende och besökare ska trivas i.";https://www.orebro.se/bygga-bo--trafik/stadsutveckling--planering/lista/detaljplaner/2025-06-26-detaljplan-for-fastigheten-oresjon-13-m.fl..html
Detaljplan för fastigheten Attersta 7:8 m.fl.;Detaljplan;Bearbetning inför antagande;;;Atterstaskogen;Ekeby-Almby-Hidingsta-Stora Mellösa;"Syftet med detaljplanen är att planlägga för industriändamål, med inriktning på miljöfarliga eller störande verksamhetsändamål för lager.
Målet är att samla likvärdiga verksamheter inom det etablerade industriområdet Atterstaskogen och samtidigt kunna frigöra centralt belägna industrifastigheter i centrala Örebro, i lägen där översiktsplanen föreslår bostadsutveckling, och erbjuda nya lägen för dessa verksamheter i stadens utkant inom aktuellt planområde.
Vidare är syftet att säkra Atleverkets möjlighet till framtida expansionsyta samt säkerställa natur- och kulturvärden kopplat till gården Björneborg i planområdets södra del.";https://www.orebro.se/bygga-bo--trafik/stadsutveckling--planering/lista/detaljplaner/2023-05-24-detaljplan-for-fastigheten-attersta-78-m.fl..html
Detaljplan för del av fastigheten Olaus Petri 3:233 m.fl. (CV‑området);Detaljplan;Bearbetning inför antagande;;;Alnängarna;Örebro norr-CV, Rynninge-Grenadjärstaden;Syftet med planen att möjliggöra nybyggnation av bostäder och förskola inom planområdet som är lokaliserat i CV-områdets östra delar. Detaljplanen utgör en första del i utvecklingen av CV‑området från ett industriområde till en blandad stadsdel i linje med Planprogram för CV‑området. Utvecklingen ska ske med hänsyn till platsens kulturmiljövärden samt skapa goda förutsättningar för en fortsatt utveckling av resten av CV-området.;https://www.orebro.se/bygga-bo--trafik/stadsutveckling--planering/lista/detaljplaner/2024-12-18-detaljplan-for-del-av-fastigheten-olaus-petri-3233-m.fl.-cv-omradet.html
Detaljplan för fastigheten Diskusen 13;Detaljplan;Bearbetning inför antagande;;;Söder;Eklunda-Sörby;Syftet med planen är att möjliggöra för bostäder i form av flerbostadshus och centrum­användning på en centralt belägen plats i Örebro.;https://www.orebro.se/bygga-bo--trafik/stadsutveckling--planering/lista/detaljplaner/2025-12-18-detaljplan-for-fastigheten-diskusen-13.html
Detaljplan för fastigheten Elektrikern 6 m.fl. samt upphävande av del av 1880K-A647;Detaljplan;Bearbetning inför antagande;;;Bista;Brunnsgärdet-Lindhult-Nasta, Latorp-Täby-Vintrosa;Syftet med planen är att ändra användningen från industrimark till naturmark eftersom området omfattas av vattenskydds­område Bista-Jägarbacken. Detta i enlighet med intentionerna i plan­program för Bista-Pilängen från 2008. Syftet är även att ta bort allmän väg som inte tjänar sitt syfte som allmän utan enbart servar en fastighet. Den tidigare vägen plan­läggs som kvarters­mark men innebär ingen utökad byggrätt. Därutöver upphävs de delar som är plan­lagda för järnvägs­ändamål men som också skulle utgöra en konflikt med vattenskydds­området.;https://www.orebro.se/bygga-bo--trafik/stadsutveckling--planering/lista/detaljplaner/2025-02-18-detaljplan-for-fastigheten-elektrikern-6-m.fl.-samt-upphavande-av-del-av-1880k-a647.html
Detaljplan för fastigheten Nossan 3;Detaljplan;Bearbetning inför antagande;;;Hjärsta;Holmen-Hjärsta;"Syftet med planen är att skapa förutsättningar för den smådjursklinik som finns på platsen med tillfälligt bygglov i dagsläget, att fortsätta sin verksamhet. Byggnaden ska passa in i omgivningen i Gamla Hjärstas villabebyggelse. Utöver smådjursklinik, syftar planen till att möjliggöra för kontor och bostad. Planen syftar även till att planlägga en del av befintlig gångbana som allmän plats och gata.
Utöver fastigheter som gränsar till planområdet berörs även marksamfälligheterna Mikael S:1 (Hjärstavägen) och Mikael S:35 (Apelvägen).";https://www.orebro.se/bygga-bo--trafik/stadsutveckling--planering/lista/detaljplaner/2026-03-27-detaljplan-for-fastigheten-nossan-3.html
Detaljplan för fastigheten Sandåker 1:1;Detaljplan;Bearbetning inför antagande;;;Stora Mellösa;Ekeby-Almby-Hidingsta-Stora Mellösa;"Syftet med detaljplanen är att möjliggöra för ny bostadsbebyggelse i en av kommunens prioriterade tätorter. Detaljplanen avser att möjliggöra för cirka 100 nya bostäder i form av småhus, parhus och radhus. Bostäderna ska anpassas till platsens naturliga förutsättningar, kulturmiljön och landskapet och vara ett naturnära boende.
Detaljplanen ska bidra med att stärka Stora Mellösa genom att skapa ett större befolknings­underlag vilket kan bidra till att stärka orten som en serviceort.";https://www.orebro.se/bygga-bo--trafik/stadsutveckling--planering/lista/detaljplaner/2023-08-29-detaljplan-for-fastigheten-sandaker-11.html
Detaljplan för fastigheten Tusenskönan 3;Detaljplan;Bearbetning inför antagande;;;Rosta;Rosta-Örnsro;Syftet med planen är att möjliggöra användning för kontor, verksamheter och centrum samt utbyggnad på innergården. Planläggningen syftar också till att långsiktigt bevara och skydda byggnader med särskilt kulturhistoriska värden kopplade till riksintresseområdet för kulturmiljövård, Rosta.;https://www.orebro.se/bygga-bo--trafik/stadsutveckling--planering/lista/detaljplaner/2025-03-23-detaljplan-for-fastigheten-tusenskonan-3.html
Upphävande av områdesbestämmelser för del av Tjusebotorp 1:2 och 1:6;Detaljplan;Bearbetning inför antagande;;;Tjusebotorp;Ervalla-Ölmbrotorp, Lundby;"Syftet med upphävandet av ”Områdesbestämmelser för del av Tjusebotorp 1:2 och 1:6” är
att gällande områdesbestämmelse har blivit inaktuell och inte längre uppfyller sitt ursprungliga syfte.";https://www.orebro.se/bygga-bo--trafik/stadsutveckling--planering/lista/detaljplaner/2026-06-25-upphavande-av-omradesbestammelser-for-del-av-tjusebotorp-12-och-16.html
Ändring av ”Förslag till ändring av stadsplanen för kv 58 Väpplingen” (1880K-A214) och ”Detaljplan för del av kv Väpplingen” (1880K-P89/6) med anledning av upphävande av tomtindelningsbestämmelser (1880K-OP58/TI1 och 1880K-OP58/TI2) för fastigheten Väpplingen 5 m.fl.;Detaljplan;Bearbetning inför antagande;;;Vasastan;Örebro väster;Syftet med planen planändringen är att upphäva fastighetsindelningsbestämmelser, tidigare tomtindelning, för att möjliggöra ny fastighetsbildning för fastigheterna Väpplingen 5, 6 och 13.;https://www.orebro.se/bygga-bo--trafik/stadsutveckling--planering/lista/detaljplaner/2026-05-14-andring-av-forslag-till-andring-av-stadsplanen-for-kv-58-vapplingen-1880k-a214-och-detaljplan-for-del-av-kv-vapplingen-1880k-p89-6-med-anledning-av-upphavande-av-tomtindelningsbestammelser-1880k-op58-ti1-och-1880k-op58-ti2-for-fastigheten-vapplingen-5-m.fl..html
Detaljplan för fastigheten Törsjö 13:2 m.fl. (Törsjö logistikområde) med tillhörande strategisk miljöbedömning;Detaljplan;Antagen;;;Törsjö;Marieberg-Mosås, Ekeby-Almby-Hidingsta-Stora Mellösa;Syftet med planen är att möjliggöra ett logistikområde vid järnvägen med inslag av lager och kontor.;https://www.orebro.se/bygga-bo--trafik/stadsutveckling--planering/lista/detaljplaner/2019-05-27-detaljplan-for-fastigheten-torsjo-132-m.fl.-torsjo-logistikomrade-med-tillhorande-strategisk-miljobedomning.html
Ändring av detaljplan för fastigheten Almby 13:25 m.fl. (område vid Framnäs och Ekeby gård);Detaljplan;Överklagad;;;Ekeby–Almby;;Syftet med ändringen av detaljplanen är att reglera utnyttjande­grad och fastighets­storlek för att överstämma med det uttalade syftet med detalj­planen om att bevara landskaps­bilden och områdets ekologiska och kulturella värden. Ändringen innebär även att plan­bestämmelser tas bort, korrigeras och läggs till så att planens regleringar om gestaltning samt natur- och kultur­värden är aktuella, tydliga och anpassade till rådande förhållanden så att områdets karaktär kan bevaras.;https://www.orebro.se/bygga-bo--trafik/stadsutveckling--planering/lista/detaljplaner/2025-08-17-andring-av-detaljplan-for-fastigheten-almby-1325-m.fl.-omrade-vid-framnas-och-ekeby-gard.html
Detaljplan för fastigheten Almby 13:478;Detaljplan;Överklagad;;;Ekeby–Almby;Ekeby-Almby-Hidingsta-Stora Mellösa;"Syftet med detaljplanen är att möjliggöra för bostäder i olika former i stadsnära landsbygd. Fastigheterna som planområdet avser ligger vid Hjälmaren och består delvis av befintlig bebyggelse, delvis av åkermark. Den befintliga bebyggelsen har tidigare inhyst olika verksamheter, däribland vårdrelaterat rekreationsboende, HVB hem och folkhögskola.
Syftet med planen är också att möjliggöra ombyggnation för bostadsändamål men även att skydda kulturvärden.";https://www.orebro.se/bygga-bo--trafik/stadsutveckling--planering/lista/detaljplaner/2023-12-20-detaljplan-for-fastigheten-almby-13478.html
