handelse;plats;ar;per_1000_invanare
Brand i byggnad;Örebro;2010;1,68
Brand i byggnad;Örebro;2011;1,23
Brand i byggnad;Örebro;2012;1,48
Brand i byggnad;Örebro;2013;1,35
Brand i byggnad;Örebro;2014;1,56
Brand i byggnad;Örebro;2015;0,91
Brand i byggnad;Örebro;2016;1,28
Brand i byggnad;Örebro;2017;1,25
Brand i byggnad;Örebro;2018;0,94
Brand i byggnad;Örebro;2019;1,03
Brand i byggnad;Örebro;2020;1,08
Brand i byggnad;Örebro;2021;1
Brand i byggnad;Örebro;2022;0,81
Brand i byggnad;Örebro;2023;0,92
Brand i byggnad;Örebro;2024;0,86
Brand i byggnad;Örebro;2025;0,84
Brand i byggnad;Uppsala;2010;0,91
Brand i byggnad;Uppsala;2011;0,88
Brand i byggnad;Uppsala;2012;0,95
Brand i byggnad;Uppsala;2013;1,02
Brand i byggnad;Uppsala;2014;1
Brand i byggnad;Uppsala;2015;0,81
Brand i byggnad;Uppsala;2016;0,91
Brand i byggnad;Uppsala;2017;0,78
Brand i byggnad;Uppsala;2018;0,83
Brand i byggnad;Uppsala;2019;0,77
Brand i byggnad;Uppsala;2020;0,87
Brand i byggnad;Uppsala;2021;0,79
Brand i byggnad;Uppsala;2022;0,73
Brand i byggnad;Uppsala;2023;0,74
Brand i byggnad;Uppsala;2024;0,69
Brand i byggnad;Uppsala;2025;0,51
Brand i byggnad;Linköping;2010;0,7
Brand i byggnad;Linköping;2011;0,85
Brand i byggnad;Linköping;2012;0,79
Brand i byggnad;Linköping;2013;0,8
Brand i byggnad;Linköping;2014;0,61
Brand i byggnad;Linköping;2015;0,75
Brand i byggnad;Linköping;2016;0,74
Brand i byggnad;Linköping;2017;0,73
Brand i byggnad;Linköping;2018;0,69
Brand i byggnad;Linköping;2019;0,69
Brand i byggnad;Linköping;2020;0,57
Brand i byggnad;Linköping;2021;0,52
Brand i byggnad;Linköping;2022;0,56
Brand i byggnad;Linköping;2023;0,62
Brand i byggnad;Linköping;2024;0,6
Brand i byggnad;Linköping;2025;0,57
Brand i byggnad;Västerås;2010;0,75
Brand i byggnad;Västerås;2011;0,87
Brand i byggnad;Västerås;2012;0,79
Brand i byggnad;Västerås;2013;0,76
Brand i byggnad;Västerås;2014;0,71
Brand i byggnad;Västerås;2015;0,78
Brand i byggnad;Västerås;2016;0,89
Brand i byggnad;Västerås;2017;0,94
Brand i byggnad;Västerås;2018;0,94
Brand i byggnad;Västerås;2019;0,92
Brand i byggnad;Västerås;2020;0,96
Brand i byggnad;Västerås;2021;0,93
Brand i byggnad;Västerås;2022;0,82
Brand i byggnad;Västerås;2023;0,99
Brand i byggnad;Västerås;2024;0,79
Brand i byggnad;Västerås;2025;1
Brand i byggnad;Norrköping;2010;1,25
Brand i byggnad;Norrköping;2011;1,08
Brand i byggnad;Norrköping;2012;1,23
Brand i byggnad;Norrköping;2013;1,35
Brand i byggnad;Norrköping;2014;1,06
Brand i byggnad;Norrköping;2015;1,23
Brand i byggnad;Norrköping;2016;1,14
Brand i byggnad;Norrköping;2017;1,19
Brand i byggnad;Norrköping;2018;1,05
Brand i byggnad;Norrköping;2019;0,84
Brand i byggnad;Norrköping;2020;0,96
Brand i byggnad;Norrköping;2021;1,01
Brand i byggnad;Norrköping;2022;1,09
Brand i byggnad;Norrköping;2023;0,79
Brand i byggnad;Norrköping;2024;0,92
Brand i byggnad;Norrköping;2025;0,89
Brand i byggnad;Jönköping;2010;1,44
Brand i byggnad;Jönköping;2011;1,13
Brand i byggnad;Jönköping;2012;1,22
Brand i byggnad;Jönköping;2013;1,32
Brand i byggnad;Jönköping;2014;1,18
Brand i byggnad;Jönköping;2015;1,02
Brand i byggnad;Jönköping;2016;1,1
Brand i byggnad;Jönköping;2017;0,97
Brand i byggnad;Jönköping;2018;1,12
Brand i byggnad;Jönköping;2019;0,98
Brand i byggnad;Jönköping;2020;1,02
Brand i byggnad;Jönköping;2021;1,1
Brand i byggnad;Jönköping;2022;0,95
Brand i byggnad;Jönköping;2023;1,01
Brand i byggnad;Jönköping;2024;1,01
Brand i byggnad;Jönköping;2025;1,01
Brand i byggnad;Helsingborg;2010;2,01
Brand i byggnad;Helsingborg;2011;1,82
Brand i byggnad;Helsingborg;2012;1,43
Brand i byggnad;Helsingborg;2013;1,43
Brand i byggnad;Helsingborg;2014;1,42
Brand i byggnad;Helsingborg;2015;1,37
Brand i byggnad;Helsingborg;2016;1,1
Brand i byggnad;Helsingborg;2017;1,55
Brand i byggnad;Helsingborg;2018;1,34
Brand i byggnad;Helsingborg;2019;1,3
Brand i byggnad;Helsingborg;2020;1,28
Brand i byggnad;Helsingborg;2021;0,99
Brand i byggnad;Helsingborg;2022;1,2
Brand i byggnad;Helsingborg;2023;1,07
Brand i byggnad;Helsingborg;2024;0,85
Brand i byggnad;Helsingborg;2025;0,98
Brand i byggnad;Umeå;2010;0,89
Brand i byggnad;Umeå;2011;0,81
Brand i byggnad;Umeå;2012;0,76
Brand i byggnad;Umeå;2013;0,61
Brand i byggnad;Umeå;2014;0,56
Brand i byggnad;Umeå;2015;0,82
Brand i byggnad;Umeå;2016;0,68
Brand i byggnad;Umeå;2017;0,81
Brand i byggnad;Umeå;2018;1,05
Brand i byggnad;Umeå;2019;0,95
Brand i byggnad;Umeå;2020;0,76
Brand i byggnad;Umeå;2021;0,79
Brand i byggnad;Umeå;2022;0,75
Brand i byggnad;Umeå;2023;0,69
Brand i byggnad;Umeå;2024;0,85
Brand i byggnad;Umeå;2025;0,66
Brand i byggnad;Hela Sverige;2010;1,19
Brand i byggnad;Hela Sverige;2011;1,08
Brand i byggnad;Hela Sverige;2012;1,09
Brand i byggnad;Hela Sverige;2013;1,06
Brand i byggnad;Hela Sverige;2014;0,99
Brand i byggnad;Hela Sverige;2015;0,97
Brand i byggnad;Hela Sverige;2016;1,06
Brand i byggnad;Hela Sverige;2017;1,06
Brand i byggnad;Hela Sverige;2018;1,08
Brand i byggnad;Hela Sverige;2019;1,08
Brand i byggnad;Hela Sverige;2020;1,05
Brand i byggnad;Hela Sverige;2021;1,04
Brand i byggnad;Hela Sverige;2022;0,99
Brand i byggnad;Hela Sverige;2023;0,98
Brand i byggnad;Hela Sverige;2024;0,94
Brand i byggnad;Hela Sverige;2025;0,9
Brand i byggnad;Örebro län;2010;1,87
Brand i byggnad;Örebro län;2011;1,51
Brand i byggnad;Örebro län;2012;1,51
Brand i byggnad;Örebro län;2013;1,44
Brand i byggnad;Örebro län;2014;1,56
Brand i byggnad;Örebro län;2015;1,09
Brand i byggnad;Örebro län;2016;1,38
Brand i byggnad;Örebro län;2017;1,39
Brand i byggnad;Örebro län;2018;1,26
Brand i byggnad;Örebro län;2019;1,21
Brand i byggnad;Örebro län;2020;1,38
Brand i byggnad;Örebro län;2021;1,29
Brand i byggnad;Örebro län;2022;1,03
Brand i byggnad;Örebro län;2023;1,17
Brand i byggnad;Örebro län;2024;1,07
Brand i byggnad;Örebro län;2025;1,01
Brand utomhus;Örebro;2010;1,19
Brand utomhus;Örebro;2011;1,23
Brand utomhus;Örebro;2012;1,16
Brand utomhus;Örebro;2013;1,09
Brand utomhus;Örebro;2014;1,17
Brand utomhus;Örebro;2015;1,44
Brand utomhus;Örebro;2016;1,54
Brand utomhus;Örebro;2017;1,74
Brand utomhus;Örebro;2018;1,2
Brand utomhus;Örebro;2019;0,99
Brand utomhus;Örebro;2020;0,96
Brand utomhus;Örebro;2021;0,81
Brand utomhus;Örebro;2022;0,83
Brand utomhus;Örebro;2023;0,8
Brand utomhus;Örebro;2024;0,73
Brand utomhus;Örebro;2025;0,68
Brand utomhus;Uppsala;2010;1,31
Brand utomhus;Uppsala;2011;1,34
Brand utomhus;Uppsala;2012;1,38
Brand utomhus;Uppsala;2013;1,7
Brand utomhus;Uppsala;2014;1,63
Brand utomhus;Uppsala;2015;1,37
Brand utomhus;Uppsala;2016;1,81
Brand utomhus;Uppsala;2017;1,85
Brand utomhus;Uppsala;2018;1,77
Brand utomhus;Uppsala;2019;1,22
Brand utomhus;Uppsala;2020;0,78
Brand utomhus;Uppsala;2021;0,76
Brand utomhus;Uppsala;2022;0,73
Brand utomhus;Uppsala;2023;0,69
Brand utomhus;Uppsala;2024;0,71
Brand utomhus;Uppsala;2025;0,6
Brand utomhus;Linköping;2010;0,7
Brand utomhus;Linköping;2011;0,89
Brand utomhus;Linköping;2012;0,77
Brand utomhus;Linköping;2013;0,82
Brand utomhus;Linköping;2014;0,9
Brand utomhus;Linköping;2015;0,79
Brand utomhus;Linköping;2016;1,2
Brand utomhus;Linköping;2017;1,03
Brand utomhus;Linköping;2018;1,37
Brand utomhus;Linköping;2019;1,15
Brand utomhus;Linköping;2020;1,05
Brand utomhus;Linköping;2021;1,02
Brand utomhus;Linköping;2022;0,76
Brand utomhus;Linköping;2023;0,66
Brand utomhus;Linköping;2024;0,54
Brand utomhus;Linköping;2025;0,78
Brand utomhus;Västerås;2010;1,42
Brand utomhus;Västerås;2011;1,75
Brand utomhus;Västerås;2012;1,64
Brand utomhus;Västerås;2013;1,55
Brand utomhus;Västerås;2014;1,45
Brand utomhus;Västerås;2015;1,47
Brand utomhus;Västerås;2016;1,83
Brand utomhus;Västerås;2017;1,99
Brand utomhus;Västerås;2018;1,85
Brand utomhus;Västerås;2019;1,52
Brand utomhus;Västerås;2020;1,26
Brand utomhus;Västerås;2021;1,07
Brand utomhus;Västerås;2022;1,01
Brand utomhus;Västerås;2023;1,18
Brand utomhus;Västerås;2024;0,68
Brand utomhus;Västerås;2025;0,86
Brand utomhus;Norrköping;2010;1,23
Brand utomhus;Norrköping;2011;1,1
Brand utomhus;Norrköping;2012;1,16
Brand utomhus;Norrköping;2013;1,15
Brand utomhus;Norrköping;2014;1,41
Brand utomhus;Norrköping;2015;1,19
Brand utomhus;Norrköping;2016;2,07
Brand utomhus;Norrköping;2017;2
Brand utomhus;Norrköping;2018;2,57
Brand utomhus;Norrköping;2019;1,76
Brand utomhus;Norrköping;2020;1,99
Brand utomhus;Norrköping;2021;1,72
Brand utomhus;Norrköping;2022;1,96
Brand utomhus;Norrköping;2023;1,51
Brand utomhus;Norrköping;2024;0,99
Brand utomhus;Norrköping;2025;1,32
Brand utomhus;Jönköping;2010;1,34
Brand utomhus;Jönköping;2011;1,35
Brand utomhus;Jönköping;2012;0,91
Brand utomhus;Jönköping;2013;1,11
Brand utomhus;Jönköping;2014;1,22
Brand utomhus;Jönköping;2015;1,29
Brand utomhus;Jönköping;2016;1,38
Brand utomhus;Jönköping;2017;1,31
Brand utomhus;Jönköping;2018;1,57
Brand utomhus;Jönköping;2019;1,41
Brand utomhus;Jönköping;2020;1,38
Brand utomhus;Jönköping;2021;1,11
Brand utomhus;Jönköping;2022;1,17
Brand utomhus;Jönköping;2023;1,12
Brand utomhus;Jönköping;2024;0,83
Brand utomhus;Jönköping;2025;0,93
Brand utomhus;Helsingborg;2010;1,82
Brand utomhus;Helsingborg;2011;1,72
Brand utomhus;Helsingborg;2012;1,71
Brand utomhus;Helsingborg;2013;1,46
Brand utomhus;Helsingborg;2014;1,32
Brand utomhus;Helsingborg;2015;1,41
Brand utomhus;Helsingborg;2016;1,54
Brand utomhus;Helsingborg;2017;1,95
Brand utomhus;Helsingborg;2018;2,2
Brand utomhus;Helsingborg;2019;1,77
Brand utomhus;Helsingborg;2020;1,49
Brand utomhus;Helsingborg;2021;1,15
Brand utomhus;Helsingborg;2022;1,25
Brand utomhus;Helsingborg;2023;1,02
Brand utomhus;Helsingborg;2024;0,91
Brand utomhus;Helsingborg;2025;1,14
Brand utomhus;Umeå;2010;0,66
Brand utomhus;Umeå;2011;0,68
Brand utomhus;Umeå;2012;0,38
Brand utomhus;Umeå;2013;0,52
Brand utomhus;Umeå;2014;0,87
Brand utomhus;Umeå;2015;0,84
Brand utomhus;Umeå;2016;0,91
Brand utomhus;Umeå;2017;0,88
Brand utomhus;Umeå;2018;1,02
Brand utomhus;Umeå;2019;0,66
Brand utomhus;Umeå;2020;0,86
Brand utomhus;Umeå;2021;0,7
Brand utomhus;Umeå;2022;0,73
Brand utomhus;Umeå;2023;0,58
Brand utomhus;Umeå;2024;0,58
Brand utomhus;Umeå;2025;0,43
Brand utomhus;Hela Sverige;2010;1,41
Brand utomhus;Hela Sverige;2011;1,53
Brand utomhus;Hela Sverige;2012;1,28
Brand utomhus;Hela Sverige;2013;1,57
Brand utomhus;Hela Sverige;2014;1,5
Brand utomhus;Hela Sverige;2015;1,35
Brand utomhus;Hela Sverige;2016;1,75
Brand utomhus;Hela Sverige;2017;1,7
Brand utomhus;Hela Sverige;2018;1,99
Brand utomhus;Hela Sverige;2019;1,48
Brand utomhus;Hela Sverige;2020;1,41
Brand utomhus;Hela Sverige;2021;1,18
Brand utomhus;Hela Sverige;2022;1,25
Brand utomhus;Hela Sverige;2023;1,19
Brand utomhus;Hela Sverige;2024;0,95
Brand utomhus;Hela Sverige;2025;1,08
Brand utomhus;Örebro län;2010;1,37
Brand utomhus;Örebro län;2011;1,51
Brand utomhus;Örebro län;2012;1,18
Brand utomhus;Örebro län;2013;1,42
Brand utomhus;Örebro län;2014;1,29
Brand utomhus;Örebro län;2015;1,3
Brand utomhus;Örebro län;2016;1,61
Brand utomhus;Örebro län;2017;1,68
Brand utomhus;Örebro län;2018;1,59
Brand utomhus;Örebro län;2019;1,2
Brand utomhus;Örebro län;2020;1,21
Brand utomhus;Örebro län;2021;1,05
Brand utomhus;Örebro län;2022;1,01
Brand utomhus;Örebro län;2023;1,14
Brand utomhus;Örebro län;2024;0,99
Brand utomhus;Örebro län;2025;0,93
Trafikolycka;Örebro;2010;1,35
Trafikolycka;Örebro;2011;1,31
Trafikolycka;Örebro;2012;1,25
Trafikolycka;Örebro;2013;1,37
Trafikolycka;Örebro;2014;1,34
Trafikolycka;Örebro;2015;1,62
Trafikolycka;Örebro;2016;1,48
Trafikolycka;Örebro;2017;1,87
Trafikolycka;Örebro;2018;1,56
Trafikolycka;Örebro;2019;1,22
Trafikolycka;Örebro;2020;1,16
Trafikolycka;Örebro;2021;1,39
Trafikolycka;Örebro;2022;1,34
Trafikolycka;Örebro;2023;1,4
Trafikolycka;Örebro;2024;1,23
Trafikolycka;Örebro;2025;1,19
Trafikolycka;Uppsala;2010;0,81
Trafikolycka;Uppsala;2011;0,67
Trafikolycka;Uppsala;2012;1,46
Trafikolycka;Uppsala;2013;1,14
Trafikolycka;Uppsala;2014;0,92
Trafikolycka;Uppsala;2015;0,95
Trafikolycka;Uppsala;2016;0,95
Trafikolycka;Uppsala;2017;1,12
Trafikolycka;Uppsala;2018;1
Trafikolycka;Uppsala;2019;1,04
Trafikolycka;Uppsala;2020;0,79
Trafikolycka;Uppsala;2021;0,73
Trafikolycka;Uppsala;2022;0,8
Trafikolycka;Uppsala;2023;0,82
Trafikolycka;Uppsala;2024;0,74
Trafikolycka;Uppsala;2025;0,53
Trafikolycka;Linköping;2010;1,31
Trafikolycka;Linköping;2011;0,97
Trafikolycka;Linköping;2012;1,26
Trafikolycka;Linköping;2013;1,23
Trafikolycka;Linköping;2014;1,42
Trafikolycka;Linköping;2015;1,48
Trafikolycka;Linköping;2016;1,61
Trafikolycka;Linköping;2017;1,78
Trafikolycka;Linköping;2018;1,56
Trafikolycka;Linköping;2019;1,58
Trafikolycka;Linköping;2020;1,56
Trafikolycka;Linköping;2021;1,69
Trafikolycka;Linköping;2022;1,63
Trafikolycka;Linköping;2023;1,5
Trafikolycka;Linköping;2024;1,43
Trafikolycka;Linköping;2025;1,35
Trafikolycka;Västerås;2010;0,89
Trafikolycka;Västerås;2011;0,82
Trafikolycka;Västerås;2012;1,35
Trafikolycka;Västerås;2013;1,05
Trafikolycka;Västerås;2014;1,08
Trafikolycka;Västerås;2015;0,98
Trafikolycka;Västerås;2016;1,63
Trafikolycka;Västerås;2017;2,05
Trafikolycka;Västerås;2018;1,7
Trafikolycka;Västerås;2019;1,86
Trafikolycka;Västerås;2020;1,54
Trafikolycka;Västerås;2021;1,68
Trafikolycka;Västerås;2022;1,31
Trafikolycka;Västerås;2023;1,25
Trafikolycka;Västerås;2024;0,97
Trafikolycka;Västerås;2025;1,12
Trafikolycka;Norrköping;2010;1,53
Trafikolycka;Norrköping;2011;1,53
Trafikolycka;Norrköping;2012;1,77
Trafikolycka;Norrköping;2013;1,46
Trafikolycka;Norrköping;2014;1,64
Trafikolycka;Norrköping;2015;1,93
Trafikolycka;Norrköping;2016;2,08
Trafikolycka;Norrköping;2017;2,68
Trafikolycka;Norrköping;2018;2,55
Trafikolycka;Norrköping;2019;2,61
Trafikolycka;Norrköping;2020;2,3
Trafikolycka;Norrköping;2021;2,51
Trafikolycka;Norrköping;2022;2,27
Trafikolycka;Norrköping;2023;2,2
Trafikolycka;Norrköping;2024;1,79
Trafikolycka;Norrköping;2025;2,01
Trafikolycka;Jönköping;2010;3,4
Trafikolycka;Jönköping;2011;3,03
Trafikolycka;Jönköping;2012;3,19
Trafikolycka;Jönköping;2013;2,74
Trafikolycka;Jönköping;2014;2,81
Trafikolycka;Jönköping;2015;3,21
Trafikolycka;Jönköping;2016;3,7
Trafikolycka;Jönköping;2017;3,66
Trafikolycka;Jönköping;2018;3,59
Trafikolycka;Jönköping;2019;4,09
Trafikolycka;Jönköping;2020;2,91
Trafikolycka;Jönköping;2021;3,59
Trafikolycka;Jönköping;2022;3,31
Trafikolycka;Jönköping;2023;3,36
Trafikolycka;Jönköping;2024;2,98
Trafikolycka;Jönköping;2025;2,85
Trafikolycka;Helsingborg;2010;2,28
Trafikolycka;Helsingborg;2011;1,64
Trafikolycka;Helsingborg;2012;2,44
Trafikolycka;Helsingborg;2013;2,48
Trafikolycka;Helsingborg;2014;2,13
Trafikolycka;Helsingborg;2015;2,18
Trafikolycka;Helsingborg;2016;2,43
Trafikolycka;Helsingborg;2017;2,42
Trafikolycka;Helsingborg;2018;2,45
Trafikolycka;Helsingborg;2019;2,15
Trafikolycka;Helsingborg;2020;1,85
Trafikolycka;Helsingborg;2021;1,52
Trafikolycka;Helsingborg;2022;1,59
Trafikolycka;Helsingborg;2023;1,57
Trafikolycka;Helsingborg;2024;1,6
Trafikolycka;Helsingborg;2025;1,77
Trafikolycka;Umeå;2010;1,1
Trafikolycka;Umeå;2011;0,78
Trafikolycka;Umeå;2012;1,1
Trafikolycka;Umeå;2013;0,98
Trafikolycka;Umeå;2014;1,1
Trafikolycka;Umeå;2015;1,23
Trafikolycka;Umeå;2016;1,44
Trafikolycka;Umeå;2017;1,62
Trafikolycka;Umeå;2018;1,21
Trafikolycka;Umeå;2019;1,42
Trafikolycka;Umeå;2020;1,16
Trafikolycka;Umeå;2021;1,26
Trafikolycka;Umeå;2022;1,14
Trafikolycka;Umeå;2023;1,03
Trafikolycka;Umeå;2024;0,87
Trafikolycka;Umeå;2025;0,77
Trafikolycka;Hela Sverige;2010;1,72
Trafikolycka;Hela Sverige;2011;1,51
Trafikolycka;Hela Sverige;2012;1,77
Trafikolycka;Hela Sverige;2013;1,63
Trafikolycka;Hela Sverige;2014;1,68
Trafikolycka;Hela Sverige;2015;1,86
Trafikolycka;Hela Sverige;2016;2
Trafikolycka;Hela Sverige;2017;2,06
Trafikolycka;Hela Sverige;2018;2
Trafikolycka;Hela Sverige;2019;1,96
Trafikolycka;Hela Sverige;2020;1,62
Trafikolycka;Hela Sverige;2021;1,72
Trafikolycka;Hela Sverige;2022;1,59
Trafikolycka;Hela Sverige;2023;1,59
Trafikolycka;Hela Sverige;2024;1,46
Trafikolycka;Hela Sverige;2025;1,41
Trafikolycka;Örebro län;2010;1,72
Trafikolycka;Örebro län;2011;1,73
Trafikolycka;Örebro län;2012;1,83
Trafikolycka;Örebro län;2013;1,7
Trafikolycka;Örebro län;2014;1,65
Trafikolycka;Örebro län;2015;2,03
Trafikolycka;Örebro län;2016;1,94
Trafikolycka;Örebro län;2017;2,19
Trafikolycka;Örebro län;2018;1,93
Trafikolycka;Örebro län;2019;1,71
Trafikolycka;Örebro län;2020;1,61
Trafikolycka;Örebro län;2021;1,88
Trafikolycka;Örebro län;2022;1,88
Trafikolycka;Örebro län;2023;1,88
Trafikolycka;Örebro län;2024;1,58
Trafikolycka;Örebro län;2025;1,56
Drunkning;Örebro;2010;0,1
Drunkning;Örebro;2011;0,04
Drunkning;Örebro;2012;0,04
Drunkning;Örebro;2013;0,09
Drunkning;Örebro;2014;0,06
Drunkning;Örebro;2015;0,03
Drunkning;Örebro;2016;0,04
Drunkning;Örebro;2017;0,04
Drunkning;Örebro;2018;0,05
Drunkning;Örebro;2019;0,01
Drunkning;Örebro;2020;0,03
Drunkning;Örebro;2021;0,04
Drunkning;Örebro;2022;0,02
Drunkning;Örebro;2023;0,04
Drunkning;Örebro;2024;0,02
Drunkning;Örebro;2025;0,04
Drunkning;Uppsala;2010;0
Drunkning;Uppsala;2011;0,01
Drunkning;Uppsala;2012;0,01
Drunkning;Uppsala;2013;0,02
Drunkning;Uppsala;2014;0,06
Drunkning;Uppsala;2015;0,04
Drunkning;Uppsala;2016;0,03
Drunkning;Uppsala;2017;0,03
Drunkning;Uppsala;2018;0,02
Drunkning;Uppsala;2019;0,02
Drunkning;Uppsala;2020;0,03
Drunkning;Uppsala;2021;0,03
Drunkning;Uppsala;2022;0,03
Drunkning;Uppsala;2023;0,01
Drunkning;Uppsala;2024;0,02
Drunkning;Uppsala;2025;0,01
Drunkning;Linköping;2010;0,01
Drunkning;Linköping;2011;0,01
Drunkning;Linköping;2012;0,02
Drunkning;Linköping;2013;0,01
Drunkning;Linköping;2014;0
Drunkning;Linköping;2015;0,01
Drunkning;Linköping;2016;0,01
Drunkning;Linköping;2017;0,01
Drunkning;Linköping;2018;0,01
Drunkning;Linköping;2019;0,01
Drunkning;Linköping;2020;0,01
Drunkning;Linköping;2021;0,01
Drunkning;Linköping;2022;0,01
Drunkning;Linköping;2023;0,02
Drunkning;Linköping;2024;0,02
Drunkning;Linköping;2025;0,02
Drunkning;Västerås;2010;0,01
Drunkning;Västerås;2011;0,01
Drunkning;Västerås;2012;0,03
Drunkning;Västerås;2013;0,05
Drunkning;Västerås;2014;0,04
Drunkning;Västerås;2015;0,02
Drunkning;Västerås;2016;0,05
Drunkning;Västerås;2017;0,05
Drunkning;Västerås;2018;0,07
Drunkning;Västerås;2019;0,06
Drunkning;Västerås;2020;0,05
Drunkning;Västerås;2021;0,07
Drunkning;Västerås;2022;0
Drunkning;Västerås;2023;0,06
Drunkning;Västerås;2024;0,02
Drunkning;Västerås;2025;0,03
Drunkning;Norrköping;2010;0,02
Drunkning;Norrköping;2011;0,04
Drunkning;Norrköping;2012;0,06
Drunkning;Norrköping;2013;0,04
Drunkning;Norrköping;2014;0
Drunkning;Norrköping;2015;0,05
Drunkning;Norrköping;2016;0,04
Drunkning;Norrköping;2017;0,02
Drunkning;Norrköping;2018;0,04
Drunkning;Norrköping;2019;0,01
Drunkning;Norrköping;2020;0,02
Drunkning;Norrköping;2021;0,03
Drunkning;Norrköping;2022;0,03
Drunkning;Norrköping;2023;0,06
Drunkning;Norrköping;2024;0,03
Drunkning;Norrköping;2025;0,01
Drunkning;Jönköping;2010;0,02
Drunkning;Jönköping;2011;0,05
Drunkning;Jönköping;2012;0,03
Drunkning;Jönköping;2013;0,02
Drunkning;Jönköping;2014;0,04
Drunkning;Jönköping;2015;0,03
Drunkning;Jönköping;2016;0,06
Drunkning;Jönköping;2017;0,04
Drunkning;Jönköping;2018;0,06
Drunkning;Jönköping;2019;0,06
Drunkning;Jönköping;2020;0,07
Drunkning;Jönköping;2021;0,03
Drunkning;Jönköping;2022;0,07
Drunkning;Jönköping;2023;0,02
Drunkning;Jönköping;2024;0,03
Drunkning;Jönköping;2025;0,06
Drunkning;Helsingborg;2010;0,05
Drunkning;Helsingborg;2011;0,03
Drunkning;Helsingborg;2012;0,05
Drunkning;Helsingborg;2013;0,05
Drunkning;Helsingborg;2014;0,09
Drunkning;Helsingborg;2015;0,04
Drunkning;Helsingborg;2016;0,09
Drunkning;Helsingborg;2017;0,16
Drunkning;Helsingborg;2018;0,08
Drunkning;Helsingborg;2019;0,05
Drunkning;Helsingborg;2020;0,03
Drunkning;Helsingborg;2021;0,03
Drunkning;Helsingborg;2022;0,08
Drunkning;Helsingborg;2023;0,04
Drunkning;Helsingborg;2024;0,06
Drunkning;Helsingborg;2025;0,03
Drunkning;Umeå;2010;0,03
Drunkning;Umeå;2011;0,03
Drunkning;Umeå;2012;0,05
Drunkning;Umeå;2013;0,04
Drunkning;Umeå;2014;0,03
Drunkning;Umeå;2015;0,07
Drunkning;Umeå;2016;0,06
Drunkning;Umeå;2017;0,07
Drunkning;Umeå;2018;0,15
Drunkning;Umeå;2019;0,1
Drunkning;Umeå;2020;0,12
Drunkning;Umeå;2021;0,1
Drunkning;Umeå;2022;0,05
Drunkning;Umeå;2023;0,04
Drunkning;Umeå;2024;0,03
Drunkning;Umeå;2025;0,06
Drunkning;Hela Sverige;2010;0,04
Drunkning;Hela Sverige;2011;0,04
Drunkning;Hela Sverige;2012;0,04
Drunkning;Hela Sverige;2013;0,04
Drunkning;Hela Sverige;2014;0,04
Drunkning;Hela Sverige;2015;0,05
Drunkning;Hela Sverige;2016;0,06
Drunkning;Hela Sverige;2017;0,06
Drunkning;Hela Sverige;2018;0,07
Drunkning;Hela Sverige;2019;0,06
Drunkning;Hela Sverige;2020;0,07
Drunkning;Hela Sverige;2021;0,06
Drunkning;Hela Sverige;2022;0,04
Drunkning;Hela Sverige;2023;0,04
Drunkning;Hela Sverige;2024;0,04
Drunkning;Hela Sverige;2025;0,04
Drunkning;Örebro län;2010;0,06
Drunkning;Örebro län;2011;0,06
Drunkning;Örebro län;2012;0,02
Drunkning;Örebro län;2013;0,07
Drunkning;Örebro län;2014;0,04
Drunkning;Örebro län;2015;0,05
Drunkning;Örebro län;2016;0,05
Drunkning;Örebro län;2017;0,03
Drunkning;Örebro län;2018;0,07
Drunkning;Örebro län;2019;0,02
Drunkning;Örebro län;2020;0,04
Drunkning;Örebro län;2021;0,05
Drunkning;Örebro län;2022;0,04
Drunkning;Örebro län;2023;0,03
Drunkning;Örebro län;2024;0,02
Drunkning;Örebro län;2025;0,04
Automatlarm;Örebro;2010;4,28
Automatlarm;Örebro;2011;4,19
Automatlarm;Örebro;2012;3,69
Automatlarm;Örebro;2013;3,41
Automatlarm;Örebro;2014;3,54
Automatlarm;Örebro;2015;3,97
Automatlarm;Örebro;2016;3,31
Automatlarm;Örebro;2017;3,54
Automatlarm;Örebro;2018;3,83
Automatlarm;Örebro;2019;3,57
Automatlarm;Örebro;2020;3,2
Automatlarm;Örebro;2021;4,01
Automatlarm;Örebro;2022;3,83
Automatlarm;Örebro;2023;4,05
Automatlarm;Örebro;2024;3,96
Automatlarm;Örebro;2025;3,85
Automatlarm;Uppsala;2010;2,59
Automatlarm;Uppsala;2011;2,91
Automatlarm;Uppsala;2012;3
Automatlarm;Uppsala;2013;2,39
Automatlarm;Uppsala;2014;2,42
Automatlarm;Uppsala;2015;2,46
Automatlarm;Uppsala;2016;2,29
Automatlarm;Uppsala;2017;2,32
Automatlarm;Uppsala;2018;2,51
Automatlarm;Uppsala;2019;2,18
Automatlarm;Uppsala;2020;1,88
Automatlarm;Uppsala;2021;2,02
Automatlarm;Uppsala;2022;2,26
Automatlarm;Uppsala;2023;1,99
Automatlarm;Uppsala;2024;1,89
Automatlarm;Uppsala;2025;1,94
Automatlarm;Linköping;2010;5,77
Automatlarm;Linköping;2011;5,22
Automatlarm;Linköping;2012;5,1
Automatlarm;Linköping;2013;5,34
Automatlarm;Linköping;2014;5,46
Automatlarm;Linköping;2015;5,38
Automatlarm;Linköping;2016;6,17
Automatlarm;Linköping;2017;5,85
Automatlarm;Linköping;2018;5,45
Automatlarm;Linköping;2019;5,15
Automatlarm;Linköping;2020;4,27
Automatlarm;Linköping;2021;4,48
Automatlarm;Linköping;2022;4,55
Automatlarm;Linköping;2023;4,14
Automatlarm;Linköping;2024;4,1
Automatlarm;Linköping;2025;4,25
Automatlarm;Västerås;2010;4,4
Automatlarm;Västerås;2011;4,32
Automatlarm;Västerås;2012;3,52
Automatlarm;Västerås;2013;3,46
Automatlarm;Västerås;2014;3,16
Automatlarm;Västerås;2015;3,2
Automatlarm;Västerås;2016;3,63
Automatlarm;Västerås;2017;3,42
Automatlarm;Västerås;2018;3,74
Automatlarm;Västerås;2019;3,82
Automatlarm;Västerås;2020;3,6
Automatlarm;Västerås;2021;3,57
Automatlarm;Västerås;2022;4,08
Automatlarm;Västerås;2023;3,56
Automatlarm;Västerås;2024;3,6
Automatlarm;Västerås;2025;3,65
Automatlarm;Norrköping;2010;4,98
Automatlarm;Norrköping;2011;5,06
Automatlarm;Norrköping;2012;4,48
Automatlarm;Norrköping;2013;4,72
Automatlarm;Norrköping;2014;4,73
Automatlarm;Norrköping;2015;5,07
Automatlarm;Norrköping;2016;5,75
Automatlarm;Norrköping;2017;5,49
Automatlarm;Norrköping;2018;5,73
Automatlarm;Norrköping;2019;5,29
Automatlarm;Norrköping;2020;4,69
Automatlarm;Norrköping;2021;4,92
Automatlarm;Norrköping;2022;5,39
Automatlarm;Norrköping;2023;4,82
Automatlarm;Norrköping;2024;4,9
Automatlarm;Norrköping;2025;4,25
Automatlarm;Jönköping;2010;4,73
Automatlarm;Jönköping;2011;4,76
Automatlarm;Jönköping;2012;4,26
Automatlarm;Jönköping;2013;4,44
Automatlarm;Jönköping;2014;4,79
Automatlarm;Jönköping;2015;4,81
Automatlarm;Jönköping;2016;5,13
Automatlarm;Jönköping;2017;5,3
Automatlarm;Jönköping;2018;5,03
Automatlarm;Jönköping;2019;4,77
Automatlarm;Jönköping;2020;4,38
Automatlarm;Jönköping;2021;4,82
Automatlarm;Jönköping;2022;4,97
Automatlarm;Jönköping;2023;5,27
Automatlarm;Jönköping;2024;4,83
Automatlarm;Jönköping;2025;4,04
Automatlarm;Helsingborg;2010;4,82
Automatlarm;Helsingborg;2011;4,84
Automatlarm;Helsingborg;2012;4,65
Automatlarm;Helsingborg;2013;5,16
Automatlarm;Helsingborg;2014;5,08
Automatlarm;Helsingborg;2015;5,09
Automatlarm;Helsingborg;2016;4,92
Automatlarm;Helsingborg;2017;5,14
Automatlarm;Helsingborg;2018;4,63
Automatlarm;Helsingborg;2019;4,06
Automatlarm;Helsingborg;2020;4,1
Automatlarm;Helsingborg;2021;4,34
Automatlarm;Helsingborg;2022;4,71
Automatlarm;Helsingborg;2023;4,62
Automatlarm;Helsingborg;2024;4,67
Automatlarm;Helsingborg;2025;4,17
Automatlarm;Umeå;2010;2,3
Automatlarm;Umeå;2011;2,54
Automatlarm;Umeå;2012;2,53
Automatlarm;Umeå;2013;2,63
Automatlarm;Umeå;2014;2,91
Automatlarm;Umeå;2015;2,95
Automatlarm;Umeå;2016;3,68
Automatlarm;Umeå;2017;3,06
Automatlarm;Umeå;2018;3,01
Automatlarm;Umeå;2019;2,45
Automatlarm;Umeå;2020;2,11
Automatlarm;Umeå;2021;1,91
Automatlarm;Umeå;2022;2,54
Automatlarm;Umeå;2023;3,44
Automatlarm;Umeå;2024;3,34
Automatlarm;Umeå;2025;2,78
Automatlarm;Hela Sverige;2010;3,63
Automatlarm;Hela Sverige;2011;3,64
Automatlarm;Hela Sverige;2012;3,46
Automatlarm;Hela Sverige;2013;3,41
Automatlarm;Hela Sverige;2014;3,43
Automatlarm;Hela Sverige;2015;3,65
Automatlarm;Hela Sverige;2016;3,96
Automatlarm;Hela Sverige;2017;3,71
Automatlarm;Hela Sverige;2018;3,7
Automatlarm;Hela Sverige;2019;3,52
Automatlarm;Hela Sverige;2020;3,13
Automatlarm;Hela Sverige;2021;3,31
Automatlarm;Hela Sverige;2022;3,53
Automatlarm;Hela Sverige;2023;3,64
Automatlarm;Hela Sverige;2024;3,49
Automatlarm;Hela Sverige;2025;3,31
Automatlarm;Örebro län;2010;3,97
Automatlarm;Örebro län;2011;3,91
Automatlarm;Örebro län;2012;3,73
Automatlarm;Örebro län;2013;3,6
Automatlarm;Örebro län;2014;3,49
Automatlarm;Örebro län;2015;4,16
Automatlarm;Örebro län;2016;3,91
Automatlarm;Örebro län;2017;3,74
Automatlarm;Örebro län;2018;3,83
Automatlarm;Örebro län;2019;3,66
Automatlarm;Örebro län;2020;3,45
Automatlarm;Örebro län;2021;3,82
Automatlarm;Örebro län;2022;3,98
Automatlarm;Örebro län;2023;4,37
Automatlarm;Örebro län;2024;4,18
Automatlarm;Örebro län;2025;4,01
Nödställd person;Örebro;2010;0,07
Nödställd person;Örebro;2011;0,12
Nödställd person;Örebro;2012;0,08
Nödställd person;Örebro;2013;0,06
Nödställd person;Örebro;2014;0,07
Nödställd person;Örebro;2015;0,09
Nödställd person;Örebro;2016;0,1
Nödställd person;Örebro;2017;0,16
Nödställd person;Örebro;2018;0,15
Nödställd person;Örebro;2019;0,13
Nödställd person;Örebro;2020;0,19
Nödställd person;Örebro;2021;0,34
Nödställd person;Örebro;2022;0,24
Nödställd person;Örebro;2023;0,27
Nödställd person;Örebro;2024;0,33
Nödställd person;Örebro;2025;0,4
Nödställd person;Uppsala;2010;0,12
Nödställd person;Uppsala;2011;0,11
Nödställd person;Uppsala;2012;0,16
Nödställd person;Uppsala;2013;0,12
Nödställd person;Uppsala;2014;0,15
Nödställd person;Uppsala;2015;0,13
Nödställd person;Uppsala;2016;0,15
Nödställd person;Uppsala;2017;0,2
Nödställd person;Uppsala;2018;0,18
Nödställd person;Uppsala;2019;0,2
Nödställd person;Uppsala;2020;0,14
Nödställd person;Uppsala;2021;0,23
Nödställd person;Uppsala;2022;0,09
Nödställd person;Uppsala;2023;0,14
Nödställd person;Uppsala;2024;0,13
Nödställd person;Uppsala;2025;0,14
Nödställd person;Linköping;2010;0,07
Nödställd person;Linköping;2011;0,1
Nödställd person;Linköping;2012;0,09
Nödställd person;Linköping;2013;0,05
Nödställd person;Linköping;2014;0,06
Nödställd person;Linköping;2015;0,07
Nödställd person;Linköping;2016;0,13
Nödställd person;Linköping;2017;0,34
Nödställd person;Linköping;2018;0,37
Nödställd person;Linköping;2019;0,41
Nödställd person;Linköping;2020;0,34
Nödställd person;Linköping;2021;0,44
Nödställd person;Linköping;2022;0,57
Nödställd person;Linköping;2023;0,54
Nödställd person;Linköping;2024;0,49
Nödställd person;Linköping;2025;0,43
Nödställd person;Västerås;2010;0,07
Nödställd person;Västerås;2011;0,04
Nödställd person;Västerås;2012;0,02
Nödställd person;Västerås;2013;0,06
Nödställd person;Västerås;2014;0,07
Nödställd person;Västerås;2015;0,06
Nödställd person;Västerås;2016;0,17
Nödställd person;Västerås;2017;0,14
Nödställd person;Västerås;2018;0,15
Nödställd person;Västerås;2019;0,17
Nödställd person;Västerås;2020;0,19
Nödställd person;Västerås;2021;0,12
Nödställd person;Västerås;2022;0,11
Nödställd person;Västerås;2023;0,18
Nödställd person;Västerås;2024;0,12
Nödställd person;Västerås;2025;0,21
Nödställd person;Norrköping;2010;0,23
Nödställd person;Norrköping;2011;0,28
Nödställd person;Norrköping;2012;0,3
Nödställd person;Norrköping;2013;0,18
Nödställd person;Norrköping;2014;0,24
Nödställd person;Norrköping;2015;0,11
Nödställd person;Norrköping;2016;0,08
Nödställd person;Norrköping;2017;0,69
Nödställd person;Norrköping;2018;0,93
Nödställd person;Norrköping;2019;0,76
Nödställd person;Norrköping;2020;0,81
Nödställd person;Norrköping;2021;0,91
Nödställd person;Norrköping;2022;0,7
Nödställd person;Norrköping;2023;0,82
Nödställd person;Norrköping;2024;0,71
Nödställd person;Norrköping;2025;0,74
Nödställd person;Jönköping;2010;0,32
Nödställd person;Jönköping;2011;0,47
Nödställd person;Jönköping;2012;0,34
Nödställd person;Jönköping;2013;0,46
Nödställd person;Jönköping;2014;0,65
Nödställd person;Jönköping;2015;0,66
Nödställd person;Jönköping;2016;0,57
Nödställd person;Jönköping;2017;0,91
Nödställd person;Jönköping;2018;0,87
Nödställd person;Jönköping;2019;0,93
Nödställd person;Jönköping;2020;0,97
Nödställd person;Jönköping;2021;0,98
Nödställd person;Jönköping;2022;0,89
Nödställd person;Jönköping;2023;0,71
Nödställd person;Jönköping;2024;0,96
Nödställd person;Jönköping;2025;1,07
Nödställd person;Helsingborg;2010;0,15
Nödställd person;Helsingborg;2011;0,06
Nödställd person;Helsingborg;2012;0,12
Nödställd person;Helsingborg;2013;0,19
Nödställd person;Helsingborg;2014;0,23
Nödställd person;Helsingborg;2015;0,16
Nödställd person;Helsingborg;2016;0,26
Nödställd person;Helsingborg;2017;0,3
Nödställd person;Helsingborg;2018;0,32
Nödställd person;Helsingborg;2019;0,4
Nödställd person;Helsingborg;2020;0,38
Nödställd person;Helsingborg;2021;0,21
Nödställd person;Helsingborg;2022;0,25
Nödställd person;Helsingborg;2023;0,24
Nödställd person;Helsingborg;2024;0,34
Nödställd person;Helsingborg;2025;0,39
Nödställd person;Umeå;2010;0,15
Nödställd person;Umeå;2011;0,08
Nödställd person;Umeå;2012;0,16
Nödställd person;Umeå;2013;0,13
Nödställd person;Umeå;2014;0,05
Nödställd person;Umeå;2015;0,03
Nödställd person;Umeå;2016;0,11
Nödställd person;Umeå;2017;0,1
Nödställd person;Umeå;2018;0,21
Nödställd person;Umeå;2019;0,16
Nödställd person;Umeå;2020;0,17
Nödställd person;Umeå;2021;0,26
Nödställd person;Umeå;2022;0,27
Nödställd person;Umeå;2023;0,29
Nödställd person;Umeå;2024;0,25
Nödställd person;Umeå;2025;0,27
Nödställd person;Hela Sverige;2010;0,16
Nödställd person;Hela Sverige;2011;0,15
Nödställd person;Hela Sverige;2012;0,15
Nödställd person;Hela Sverige;2013;0,16
Nödställd person;Hela Sverige;2014;0,17
Nödställd person;Hela Sverige;2015;0,18
Nödställd person;Hela Sverige;2016;0,25
Nödställd person;Hela Sverige;2017;0,31
Nödställd person;Hela Sverige;2018;0,36
Nödställd person;Hela Sverige;2019;0,37
Nödställd person;Hela Sverige;2020;0,35
Nödställd person;Hela Sverige;2021;0,35
Nödställd person;Hela Sverige;2022;0,31
Nödställd person;Hela Sverige;2023;0,34
Nödställd person;Hela Sverige;2024;0,36
Nödställd person;Hela Sverige;2025;0,36
Nödställd person;Örebro län;2010;0,09
Nödställd person;Örebro län;2011;0,09
Nödställd person;Örebro län;2012;0,09
Nödställd person;Örebro län;2013;0,1
Nödställd person;Örebro län;2014;0,08
Nödställd person;Örebro län;2015;0,14
Nödställd person;Örebro län;2016;0,13
Nödställd person;Örebro län;2017;0,17
Nödställd person;Örebro län;2018;0,17
Nödställd person;Örebro län;2019;0,17
Nödställd person;Örebro län;2020;0,2
Nödställd person;Örebro län;2021;0,3
Nödställd person;Örebro län;2022;0,31
Nödställd person;Örebro län;2023;0,31
Nödställd person;Örebro län;2024;0,39
Nödställd person;Örebro län;2025;0,45
Farligt ämne;Örebro;2010;0,13
Farligt ämne;Örebro;2011;0,18
Farligt ämne;Örebro;2012;0,12
Farligt ämne;Örebro;2013;0,16
Farligt ämne;Örebro;2014;0,16
Farligt ämne;Örebro;2015;0,25
Farligt ämne;Örebro;2016;0,3
Farligt ämne;Örebro;2017;0,37
Farligt ämne;Örebro;2018;0,31
Farligt ämne;Örebro;2019;0,33
Farligt ämne;Örebro;2020;0,33
Farligt ämne;Örebro;2021;0,21
Farligt ämne;Örebro;2022;0,24
Farligt ämne;Örebro;2023;0,23
Farligt ämne;Örebro;2024;0,15
Farligt ämne;Örebro;2025;0,19
Farligt ämne;Uppsala;2010;0,15
Farligt ämne;Uppsala;2011;0,23
Farligt ämne;Uppsala;2012;0,24
Farligt ämne;Uppsala;2013;0,3
Farligt ämne;Uppsala;2014;0,25
Farligt ämne;Uppsala;2015;0,18
Farligt ämne;Uppsala;2016;0,14
Farligt ämne;Uppsala;2017;0,14
Farligt ämne;Uppsala;2018;0,17
Farligt ämne;Uppsala;2019;0,17
Farligt ämne;Uppsala;2020;0,12
Farligt ämne;Uppsala;2021;0,15
Farligt ämne;Uppsala;2022;0,1
Farligt ämne;Uppsala;2023;0,14
Farligt ämne;Uppsala;2024;0,17
Farligt ämne;Uppsala;2025;0,13
Farligt ämne;Linköping;2010;0,12
Farligt ämne;Linköping;2011;0,21
Farligt ämne;Linköping;2012;0,2
Farligt ämne;Linköping;2013;0,25
Farligt ämne;Linköping;2014;0,15
Farligt ämne;Linköping;2015;0,18
Farligt ämne;Linköping;2016;0,22
Farligt ämne;Linköping;2017;0,15
Farligt ämne;Linköping;2018;0,26
Farligt ämne;Linköping;2019;0,2
Farligt ämne;Linköping;2020;0,29
Farligt ämne;Linköping;2021;0,13
Farligt ämne;Linköping;2022;0,19
Farligt ämne;Linköping;2023;0,16
Farligt ämne;Linköping;2024;0,21
Farligt ämne;Linköping;2025;0,14
Farligt ämne;Västerås;2010;0,15
Farligt ämne;Västerås;2011;0,11
Farligt ämne;Västerås;2012;0,1
Farligt ämne;Västerås;2013;0,2
Farligt ämne;Västerås;2014;0,14
Farligt ämne;Västerås;2015;0,21
Farligt ämne;Västerås;2016;0,31
Farligt ämne;Västerås;2017;0,3
Farligt ämne;Västerås;2018;0,46
Farligt ämne;Västerås;2019;0,31
Farligt ämne;Västerås;2020;0,26
Farligt ämne;Västerås;2021;0,31
Farligt ämne;Västerås;2022;0,18
Farligt ämne;Västerås;2023;0,21
Farligt ämne;Västerås;2024;0,24
Farligt ämne;Västerås;2025;0,13
Farligt ämne;Norrköping;2010;0,23
Farligt ämne;Norrköping;2011;0,16
Farligt ämne;Norrköping;2012;0,23
Farligt ämne;Norrköping;2013;0,16
Farligt ämne;Norrköping;2014;0,17
Farligt ämne;Norrköping;2015;0,29
Farligt ämne;Norrköping;2016;0,21
Farligt ämne;Norrköping;2017;0,22
Farligt ämne;Norrköping;2018;0,34
Farligt ämne;Norrköping;2019;0,29
Farligt ämne;Norrköping;2020;0,31
Farligt ämne;Norrköping;2021;0,39
Farligt ämne;Norrköping;2022;0,29
Farligt ämne;Norrköping;2023;0,36
Farligt ämne;Norrköping;2024;0,28
Farligt ämne;Norrköping;2025;0,26
Farligt ämne;Jönköping;2010;0,66
Farligt ämne;Jönköping;2011;0,7
Farligt ämne;Jönköping;2012;0,67
Farligt ämne;Jönköping;2013;0,82
Farligt ämne;Jönköping;2014;0,68
Farligt ämne;Jönköping;2015;0,57
Farligt ämne;Jönköping;2016;0,72
Farligt ämne;Jönköping;2017;0,59
Farligt ämne;Jönköping;2018;0,8
Farligt ämne;Jönköping;2019;0,88
Farligt ämne;Jönköping;2020;0,71
Farligt ämne;Jönköping;2021;0,77
Farligt ämne;Jönköping;2022;0,6
Farligt ämne;Jönköping;2023;0,58
Farligt ämne;Jönköping;2024;0,51
Farligt ämne;Jönköping;2025;0,62
Farligt ämne;Helsingborg;2010;0,29
Farligt ämne;Helsingborg;2011;0,28
Farligt ämne;Helsingborg;2012;0,46
Farligt ämne;Helsingborg;2013;0,35
Farligt ämne;Helsingborg;2014;0,34
Farligt ämne;Helsingborg;2015;0,3
Farligt ämne;Helsingborg;2016;0,34
Farligt ämne;Helsingborg;2017;0,35
Farligt ämne;Helsingborg;2018;0,29
Farligt ämne;Helsingborg;2019;0,35
Farligt ämne;Helsingborg;2020;0,24
Farligt ämne;Helsingborg;2021;0,34
Farligt ämne;Helsingborg;2022;0,25
Farligt ämne;Helsingborg;2023;0,19
Farligt ämne;Helsingborg;2024;0,22
Farligt ämne;Helsingborg;2025;0,19
Farligt ämne;Umeå;2010;0,16
Farligt ämne;Umeå;2011;0,29
Farligt ämne;Umeå;2012;0,21
Farligt ämne;Umeå;2013;0,12
Farligt ämne;Umeå;2014;0,17
Farligt ämne;Umeå;2015;0,3
Farligt ämne;Umeå;2016;0,18
Farligt ämne;Umeå;2017;0,1
Farligt ämne;Umeå;2018;0,14
Farligt ämne;Umeå;2019;0,11
Farligt ämne;Umeå;2020;0,32
Farligt ämne;Umeå;2021;0,25
Farligt ämne;Umeå;2022;0,26
Farligt ämne;Umeå;2023;0,2
Farligt ämne;Umeå;2024;0,21
Farligt ämne;Umeå;2025;0,3
Farligt ämne;Hela Sverige;2010;0,25
Farligt ämne;Hela Sverige;2011;0,27
Farligt ämne;Hela Sverige;2012;0,26
Farligt ämne;Hela Sverige;2013;0,27
Farligt ämne;Hela Sverige;2014;0,28
Farligt ämne;Hela Sverige;2015;0,28
Farligt ämne;Hela Sverige;2016;0,29
Farligt ämne;Hela Sverige;2017;0,29
Farligt ämne;Hela Sverige;2018;0,32
Farligt ämne;Hela Sverige;2019;0,32
Farligt ämne;Hela Sverige;2020;0,32
Farligt ämne;Hela Sverige;2021;0,3
Farligt ämne;Hela Sverige;2022;0,27
Farligt ämne;Hela Sverige;2023;0,27
Farligt ämne;Hela Sverige;2024;0,28
Farligt ämne;Hela Sverige;2025;0,27
Farligt ämne;Örebro län;2010;0,21
Farligt ämne;Örebro län;2011;0,3
Farligt ämne;Örebro län;2012;0,2
Farligt ämne;Örebro län;2013;0,24
Farligt ämne;Örebro län;2014;0,24
Farligt ämne;Örebro län;2015;0,35
Farligt ämne;Örebro län;2016;0,42
Farligt ämne;Örebro län;2017;0,43
Farligt ämne;Örebro län;2018;0,37
Farligt ämne;Örebro län;2019;0,35
Farligt ämne;Örebro län;2020;0,41
Farligt ämne;Örebro län;2021;0,26
Farligt ämne;Örebro län;2022;0,23
Farligt ämne;Örebro län;2023;0,27
Farligt ämne;Örebro län;2024;0,28
Farligt ämne;Örebro län;2025;0,26
Nödställt djur;Örebro;2010;0,07
Nödställt djur;Örebro;2011;0,05
Nödställt djur;Örebro;2012;0,02
Nödställt djur;Örebro;2013;0,09
Nödställt djur;Örebro;2014;0,03
Nödställt djur;Örebro;2015;0,01
Nödställt djur;Örebro;2016;0,05
Nödställt djur;Örebro;2017;0,01
Nödställt djur;Örebro;2018;0,03
Nödställt djur;Örebro;2019;0,03
Nödställt djur;Örebro;2020;0,04
Nödställt djur;Örebro;2021;0,04
Nödställt djur;Örebro;2022;0,02
Nödställt djur;Örebro;2023;0,01
Nödställt djur;Örebro;2024;0,04
Nödställt djur;Örebro;2025;0,03
Nödställt djur;Uppsala;2010;0,06
Nödställt djur;Uppsala;2011;0,03
Nödställt djur;Uppsala;2012;0,02
Nödställt djur;Uppsala;2013;0,04
Nödställt djur;Uppsala;2014;0,03
Nödställt djur;Uppsala;2015;0,02
Nödställt djur;Uppsala;2016;0
Nödställt djur;Uppsala;2017;0,03
Nödställt djur;Uppsala;2018;0,06
Nödställt djur;Uppsala;2019;0,04
Nödställt djur;Uppsala;2020;0,03
Nödställt djur;Uppsala;2021;0,02
Nödställt djur;Uppsala;2022;0,01
Nödställt djur;Uppsala;2023;0,02
Nödställt djur;Uppsala;2024;0,02
Nödställt djur;Uppsala;2025;0,02
Nödställt djur;Linköping;2010;0,05
Nödställt djur;Linköping;2011;0,03
Nödställt djur;Linköping;2012;0,01
Nödställt djur;Linköping;2013;0,04
Nödställt djur;Linköping;2014;0,01
Nödställt djur;Linköping;2015;0,05
Nödställt djur;Linköping;2016;0,05
Nödställt djur;Linköping;2017;0,03
Nödställt djur;Linköping;2018;0,06
Nödställt djur;Linköping;2019;0,03
Nödställt djur;Linköping;2020;0,02
Nödställt djur;Linköping;2021;0,01
Nödställt djur;Linköping;2022;0,04
Nödställt djur;Linköping;2023;0,02
Nödställt djur;Linköping;2024;0,01
Nödställt djur;Linköping;2025;0,02
Nödställt djur;Västerås;2010;0,01
Nödställt djur;Västerås;2011;0,01
Nödställt djur;Västerås;2012;0,03
Nödställt djur;Västerås;2013;0,04
Nödställt djur;Västerås;2014;0,01
Nödställt djur;Västerås;2015;0,01
Nödställt djur;Västerås;2016;0,04
Nödställt djur;Västerås;2017;0,04
Nödställt djur;Västerås;2018;0,02
Nödställt djur;Västerås;2019;0,01
Nödställt djur;Västerås;2020;0,01
Nödställt djur;Västerås;2021;0,01
Nödställt djur;Västerås;2022;0,02
Nödställt djur;Västerås;2023;0
Nödställt djur;Västerås;2024;0,02
Nödställt djur;Västerås;2025;0,01
Nödställt djur;Norrköping;2010;0,04
Nödställt djur;Norrköping;2011;0,02
Nödställt djur;Norrköping;2012;0,02
Nödställt djur;Norrköping;2013;0,04
Nödställt djur;Norrköping;2014;0,03
Nödställt djur;Norrköping;2015;0,02
Nödställt djur;Norrköping;2016;0,03
Nödställt djur;Norrköping;2017;0,02
Nödställt djur;Norrköping;2018;0,07
Nödställt djur;Norrköping;2019;0,05
Nödställt djur;Norrköping;2020;0,03
Nödställt djur;Norrköping;2021;0,01
Nödställt djur;Norrköping;2022;0,04
Nödställt djur;Norrköping;2023;0,03
Nödställt djur;Norrköping;2024;0
Nödställt djur;Norrköping;2025;0,02
Nödställt djur;Jönköping;2010;0,15
Nödställt djur;Jönköping;2011;0,1
Nödställt djur;Jönköping;2012;0,22
Nödställt djur;Jönköping;2013;0,16
Nödställt djur;Jönköping;2014;0,05
Nödställt djur;Jönköping;2015;0,05
Nödställt djur;Jönköping;2016;0,06
Nödställt djur;Jönköping;2017;0,07
Nödställt djur;Jönköping;2018;0,14
Nödställt djur;Jönköping;2019;0,09
Nödställt djur;Jönköping;2020;0,04
Nödställt djur;Jönköping;2021;0,1
Nödställt djur;Jönköping;2022;0,06
Nödställt djur;Jönköping;2023;0,05
Nödställt djur;Jönköping;2024;0,06
Nödställt djur;Jönköping;2025;0,03
Nödställt djur;Helsingborg;2010;0,06
Nödställt djur;Helsingborg;2011;0,04
Nödställt djur;Helsingborg;2012;0,04
Nödställt djur;Helsingborg;2013;0,06
Nödställt djur;Helsingborg;2014;0,09
Nödställt djur;Helsingborg;2015;0,04
Nödställt djur;Helsingborg;2016;0,03
Nödställt djur;Helsingborg;2017;0,03
Nödställt djur;Helsingborg;2018;0,06
Nödställt djur;Helsingborg;2019;0,01
Nödställt djur;Helsingborg;2020;0,01
Nödställt djur;Helsingborg;2021;0,03
Nödställt djur;Helsingborg;2022;0,05
Nödställt djur;Helsingborg;2023;0,02
Nödställt djur;Helsingborg;2024;0,01
Nödställt djur;Helsingborg;2025;0,02
Nödställt djur;Umeå;2010;0,04
Nödställt djur;Umeå;2011;0,02
Nödställt djur;Umeå;2012;0,05
Nödställt djur;Umeå;2013;0,02
Nödställt djur;Umeå;2014;0,01
Nödställt djur;Umeå;2015;0,05
Nödställt djur;Umeå;2016;0,02
Nödställt djur;Umeå;2017;0,05
Nödställt djur;Umeå;2018;0,02
Nödställt djur;Umeå;2019;0,02
Nödställt djur;Umeå;2020;0,04
Nödställt djur;Umeå;2021;0,03
Nödställt djur;Umeå;2022;0,02
Nödställt djur;Umeå;2023;0
Nödställt djur;Umeå;2024;0,04
Nödställt djur;Umeå;2025;0,03
Nödställt djur;Hela Sverige;2010;0,07
Nödställt djur;Hela Sverige;2011;0,06
Nödställt djur;Hela Sverige;2012;0,06
Nödställt djur;Hela Sverige;2013;0,07
Nödställt djur;Hela Sverige;2014;0,05
Nödställt djur;Hela Sverige;2015;0,05
Nödställt djur;Hela Sverige;2016;0,06
Nödställt djur;Hela Sverige;2017;0,05
Nödställt djur;Hela Sverige;2018;0,06
Nödställt djur;Hela Sverige;2019;0,05
Nödställt djur;Hela Sverige;2020;0,04
Nödställt djur;Hela Sverige;2021;0,04
Nödställt djur;Hela Sverige;2022;0,04
Nödställt djur;Hela Sverige;2023;0,04
Nödställt djur;Hela Sverige;2024;0,04
Nödställt djur;Hela Sverige;2025;0,03
Nödställt djur;Örebro län;2010;0,06
Nödställt djur;Örebro län;2011;0,08
Nödställt djur;Örebro län;2012;0,07
Nödställt djur;Örebro län;2013;0,08
Nödställt djur;Örebro län;2014;0,06
Nödställt djur;Örebro län;2015;0,02
Nödställt djur;Örebro län;2016;0,04
Nödställt djur;Örebro län;2017;0,02
Nödställt djur;Örebro län;2018;0,04
Nödställt djur;Örebro län;2019;0,03
Nödställt djur;Örebro län;2020;0,05
Nödställt djur;Örebro län;2021;0,03
Nödställt djur;Örebro län;2022;0,03
Nödställt djur;Örebro län;2023;0,02
Nödställt djur;Örebro län;2024;0,06
Nödställt djur;Örebro län;2025;0,05
Storm;Örebro;2010;0
Storm;Örebro;2011;0,1
Storm;Örebro;2012;0,01
Storm;Örebro;2013;0
Storm;Örebro;2014;0,01
Storm;Örebro;2015;0,05
Storm;Örebro;2016;0,03
Storm;Örebro;2017;0,01
Storm;Örebro;2018;0,01
Storm;Örebro;2019;0,01
Storm;Örebro;2020;0,02
Storm;Örebro;2021;0,01
Storm;Örebro;2022;0,01
Storm;Örebro;2023;0
Storm;Örebro;2024;0,02
Storm;Örebro;2025;0,01
Storm;Uppsala;2010;0,01
Storm;Uppsala;2011;0,05
Storm;Uppsala;2012;0,01
Storm;Uppsala;2013;0,03
Storm;Uppsala;2014;0,02
Storm;Uppsala;2015;0,02
Storm;Uppsala;2016;0,01
Storm;Uppsala;2017;0
Storm;Uppsala;2018;0
Storm;Uppsala;2019;0,03
Storm;Uppsala;2020;0,04
Storm;Uppsala;2021;0,02
Storm;Uppsala;2022;0,02
Storm;Uppsala;2023;0,01
Storm;Uppsala;2024;0,03
Storm;Uppsala;2025;0,06
Storm;Linköping;2010;0,01
Storm;Linköping;2011;0,03
Storm;Linköping;2012;0
Storm;Linköping;2013;0
Storm;Linköping;2014;0
Storm;Linköping;2015;0,1
Storm;Linköping;2016;0,01
Storm;Linköping;2017;0
Storm;Linköping;2018;0,04
Storm;Linköping;2019;0,02
Storm;Linköping;2020;0,05
Storm;Linköping;2021;0,02
Storm;Linköping;2022;0,14
Storm;Linköping;2023;0,04
Storm;Linköping;2024;0,05
Storm;Linköping;2025;0,01
Storm;Västerås;2010;0
Storm;Västerås;2011;0,01
Storm;Västerås;2012;0,01
Storm;Västerås;2013;0,02
Storm;Västerås;2014;0,01
Storm;Västerås;2015;0,03
Storm;Västerås;2016;0,05
Storm;Västerås;2017;0
Storm;Västerås;2018;0
Storm;Västerås;2019;0,02
Storm;Västerås;2020;0,1
Storm;Västerås;2021;0,02
Storm;Västerås;2022;0,01
Storm;Västerås;2023;0,01
Storm;Västerås;2024;0,02
Storm;Västerås;2025;0,05
Storm;Norrköping;2010;0
Storm;Norrköping;2011;0,05
Storm;Norrköping;2012;0,01
Storm;Norrköping;2013;0
Storm;Norrköping;2014;0
Storm;Norrköping;2015;0,14
Storm;Norrköping;2016;0,03
Storm;Norrköping;2017;0,03
Storm;Norrköping;2018;0,04
Storm;Norrköping;2019;0,08
Storm;Norrköping;2020;0,2
Storm;Norrköping;2021;0,05
Storm;Norrköping;2022;0,16
Storm;Norrköping;2023;0,16
Storm;Norrköping;2024;0,13
Storm;Norrköping;2025;0,07
Storm;Jönköping;2010;0,02
Storm;Jönköping;2011;0,18
Storm;Jönköping;2012;0,02
Storm;Jönköping;2013;0,03
Storm;Jönköping;2014;0,04
Storm;Jönköping;2015;0,23
Storm;Jönköping;2016;0,02
Storm;Jönköping;2017;0,04
Storm;Jönköping;2018;0,09
Storm;Jönköping;2019;0,21
Storm;Jönköping;2020;0,18
Storm;Jönköping;2021;0,08
Storm;Jönköping;2022;0,26
Storm;Jönköping;2023;0,12
Storm;Jönköping;2024;0,17
Storm;Jönköping;2025;0,21
Storm;Helsingborg;2010;0,05
Storm;Helsingborg;2011;0,25
Storm;Helsingborg;2012;0,03
Storm;Helsingborg;2013;0,11
Storm;Helsingborg;2014;0,08
Storm;Helsingborg;2015;0,12
Storm;Helsingborg;2016;0,01
Storm;Helsingborg;2017;0,04
Storm;Helsingborg;2018;0,01
Storm;Helsingborg;2019;0,01
Storm;Helsingborg;2020;0,03
Storm;Helsingborg;2021;0,01
Storm;Helsingborg;2022;0,02
Storm;Helsingborg;2023;0,05
Storm;Helsingborg;2024;0,01
Storm;Helsingborg;2025;0,01
Storm;Umeå;2010;0
Storm;Umeå;2011;0,01
Storm;Umeå;2012;0
Storm;Umeå;2013;0,01
Storm;Umeå;2014;0,01
Storm;Umeå;2015;0,02
Storm;Umeå;2016;0,03
Storm;Umeå;2017;0,02
Storm;Umeå;2018;0,01
Storm;Umeå;2019;0,02
Storm;Umeå;2020;0,22
Storm;Umeå;2021;0,02
Storm;Umeå;2022;0,01
Storm;Umeå;2023;0
Storm;Umeå;2024;0,02
Storm;Umeå;2025;0,08
Storm;Hela Sverige;2010;0,03
Storm;Hela Sverige;2011;0,12
Storm;Hela Sverige;2012;0,02
Storm;Hela Sverige;2013;0,08
Storm;Hela Sverige;2014;0,03
Storm;Hela Sverige;2015;0,14
Storm;Hela Sverige;2016;0,03
Storm;Hela Sverige;2017;0,03
Storm;Hela Sverige;2018;0,05
Storm;Hela Sverige;2019;0,06
Storm;Hela Sverige;2020;0,1
Storm;Hela Sverige;2021;0,03
Storm;Hela Sverige;2022;0,07
Storm;Hela Sverige;2023;0,06
Storm;Hela Sverige;2024;0,06
Storm;Hela Sverige;2025;0,06
Storm;Örebro län;2010;0
Storm;Örebro län;2011;0,17
Storm;Örebro län;2012;0,04
Storm;Örebro län;2013;0,04
Storm;Örebro län;2014;0,03
Storm;Örebro län;2015;0,14
Storm;Örebro län;2016;0,03
Storm;Örebro län;2017;0,04
Storm;Örebro län;2018;0,04
Storm;Örebro län;2019;0,04
Storm;Örebro län;2020;0,07
Storm;Örebro län;2021;0,02
Storm;Örebro län;2022;0,02
Storm;Örebro län;2023;0,02
Storm;Örebro län;2024;0,05
Storm;Örebro län;2025;0,03
Ras eller skred;Örebro;2010;0
Ras eller skred;Örebro;2011;0
Ras eller skred;Örebro;2012;0
Ras eller skred;Örebro;2013;0,01
Ras eller skred;Örebro;2014;0
Ras eller skred;Örebro;2015;0
Ras eller skred;Örebro;2016;0
Ras eller skred;Örebro;2017;0
Ras eller skred;Örebro;2018;0,01
Ras eller skred;Örebro;2019;0
Ras eller skred;Örebro;2020;0
Ras eller skred;Örebro;2021;0
Ras eller skred;Örebro;2022;0
Ras eller skred;Örebro;2023;0
Ras eller skred;Örebro;2024;0
Ras eller skred;Örebro;2025;0
Ras eller skred;Uppsala;2010;0,01
Ras eller skred;Uppsala;2011;0
Ras eller skred;Uppsala;2012;0,01
Ras eller skred;Uppsala;2013;0,01
Ras eller skred;Uppsala;2014;0
Ras eller skred;Uppsala;2015;0
Ras eller skred;Uppsala;2016;0
Ras eller skred;Uppsala;2017;0
Ras eller skred;Uppsala;2018;0
Ras eller skred;Uppsala;2019;0,01
Ras eller skred;Uppsala;2020;0
Ras eller skred;Uppsala;2021;0
Ras eller skred;Uppsala;2022;0
Ras eller skred;Uppsala;2023;0
Ras eller skred;Uppsala;2024;0
Ras eller skred;Uppsala;2025;0
Ras eller skred;Linköping;2010;0,01
Ras eller skred;Linköping;2011;0,01
Ras eller skred;Linköping;2012;0
Ras eller skred;Linköping;2013;0
Ras eller skred;Linköping;2014;0
Ras eller skred;Linköping;2015;0
Ras eller skred;Linköping;2016;0
Ras eller skred;Linköping;2017;0
Ras eller skred;Linköping;2018;0
Ras eller skred;Linköping;2019;0,01
Ras eller skred;Linköping;2020;0
Ras eller skred;Linköping;2021;0
Ras eller skred;Linköping;2022;0
Ras eller skred;Linköping;2023;0,01
Ras eller skred;Linköping;2024;0
Ras eller skred;Linköping;2025;0
Ras eller skred;Västerås;2010;0
Ras eller skred;Västerås;2011;0,01
Ras eller skred;Västerås;2012;0,01
Ras eller skred;Västerås;2013;0
Ras eller skred;Västerås;2014;0
Ras eller skred;Västerås;2015;0
Ras eller skred;Västerås;2016;0
Ras eller skred;Västerås;2017;0
Ras eller skred;Västerås;2018;0,01
Ras eller skred;Västerås;2019;0
Ras eller skred;Västerås;2020;0
Ras eller skred;Västerås;2021;0
Ras eller skred;Västerås;2022;0
Ras eller skred;Västerås;2023;0
Ras eller skred;Västerås;2024;0
Ras eller skred;Västerås;2025;0,01
Ras eller skred;Norrköping;2010;0,02
Ras eller skred;Norrköping;2011;0,01
Ras eller skred;Norrköping;2012;0
Ras eller skred;Norrköping;2013;0
Ras eller skred;Norrköping;2014;0
Ras eller skred;Norrköping;2015;0,01
Ras eller skred;Norrköping;2016;0
Ras eller skred;Norrköping;2017;0,01
Ras eller skred;Norrköping;2018;0
Ras eller skred;Norrköping;2019;0,01
Ras eller skred;Norrköping;2020;0
Ras eller skred;Norrköping;2021;0,01
Ras eller skred;Norrköping;2022;0
Ras eller skred;Norrköping;2023;0,01
Ras eller skred;Norrköping;2024;0,01
Ras eller skred;Norrköping;2025;0,01
Ras eller skred;Jönköping;2010;0,09
Ras eller skred;Jönköping;2011;0,05
Ras eller skred;Jönköping;2012;0,02
Ras eller skred;Jönköping;2013;0,02
Ras eller skred;Jönköping;2014;0,02
Ras eller skred;Jönköping;2015;0,02
Ras eller skred;Jönköping;2016;0,01
Ras eller skred;Jönköping;2017;0,01
Ras eller skred;Jönköping;2018;0,01
Ras eller skred;Jönköping;2019;0,02
Ras eller skred;Jönköping;2020;0
Ras eller skred;Jönköping;2021;0,01
Ras eller skred;Jönköping;2022;0,01
Ras eller skred;Jönköping;2023;0,01
Ras eller skred;Jönköping;2024;0,03
Ras eller skred;Jönköping;2025;0
Ras eller skred;Helsingborg;2010;0,02
Ras eller skred;Helsingborg;2011;0,01
Ras eller skred;Helsingborg;2012;0
Ras eller skred;Helsingborg;2013;0,03
Ras eller skred;Helsingborg;2014;0,01
Ras eller skred;Helsingborg;2015;0
Ras eller skred;Helsingborg;2016;0
Ras eller skred;Helsingborg;2017;0
Ras eller skred;Helsingborg;2018;0
Ras eller skred;Helsingborg;2019;0,02
Ras eller skred;Helsingborg;2020;0,01
Ras eller skred;Helsingborg;2021;0,01
Ras eller skred;Helsingborg;2022;0,01
Ras eller skred;Helsingborg;2023;0,01
Ras eller skred;Helsingborg;2024;0,03
Ras eller skred;Helsingborg;2025;0,01
Ras eller skred;Umeå;2010;0,02
Ras eller skred;Umeå;2011;0,01
Ras eller skred;Umeå;2012;0,01
Ras eller skred;Umeå;2013;0
Ras eller skred;Umeå;2014;0
Ras eller skred;Umeå;2015;0
Ras eller skred;Umeå;2016;0
Ras eller skred;Umeå;2017;0,01
Ras eller skred;Umeå;2018;0,03
Ras eller skred;Umeå;2019;0
Ras eller skred;Umeå;2020;0,02
Ras eller skred;Umeå;2021;0,03
Ras eller skred;Umeå;2022;0
Ras eller skred;Umeå;2023;0
Ras eller skred;Umeå;2024;0
Ras eller skred;Umeå;2025;0
Ras eller skred;Hela Sverige;2010;0,02
Ras eller skred;Hela Sverige;2011;0,01
Ras eller skred;Hela Sverige;2012;0,01
Ras eller skred;Hela Sverige;2013;0,01
Ras eller skred;Hela Sverige;2014;0,01
Ras eller skred;Hela Sverige;2015;0
Ras eller skred;Hela Sverige;2016;0,01
Ras eller skred;Hela Sverige;2017;0,01
Ras eller skred;Hela Sverige;2018;0,01
Ras eller skred;Hela Sverige;2019;0,01
Ras eller skred;Hela Sverige;2020;0,01
Ras eller skred;Hela Sverige;2021;0,01
Ras eller skred;Hela Sverige;2022;0,01
Ras eller skred;Hela Sverige;2023;0,01
Ras eller skred;Hela Sverige;2024;0,01
Ras eller skred;Hela Sverige;2025;0,01
Ras eller skred;Örebro län;2010;0,01
Ras eller skred;Örebro län;2011;0
Ras eller skred;Örebro län;2012;0
Ras eller skred;Örebro län;2013;0
Ras eller skred;Örebro län;2014;0,01
Ras eller skred;Örebro län;2015;0
Ras eller skred;Örebro län;2016;0
Ras eller skred;Örebro län;2017;0
Ras eller skred;Örebro län;2018;0
Ras eller skred;Örebro län;2019;0
Ras eller skred;Örebro län;2020;0
Ras eller skred;Örebro län;2021;0
Ras eller skred;Örebro län;2022;0
Ras eller skred;Örebro län;2023;0
Ras eller skred;Örebro län;2024;0
Ras eller skred;Örebro län;2025;0
Översvämning;Örebro;2010;0
Översvämning;Örebro;2011;0
Översvämning;Örebro;2012;0
Översvämning;Örebro;2013;0,01
Översvämning;Örebro;2014;0
Översvämning;Örebro;2015;0
Översvämning;Örebro;2016;0
Översvämning;Örebro;2017;0
Översvämning;Örebro;2018;0
Översvämning;Örebro;2019;0
Översvämning;Örebro;2020;0
Översvämning;Örebro;2021;0,01
Översvämning;Örebro;2022;0
Översvämning;Örebro;2023;0,1
Översvämning;Örebro;2024;0
Översvämning;Örebro;2025;0
Översvämning;Uppsala;2010;0,02
Översvämning;Uppsala;2011;0,02
Översvämning;Uppsala;2012;0,03
Översvämning;Uppsala;2013;0
Översvämning;Uppsala;2014;0
Översvämning;Uppsala;2015;0
Översvämning;Uppsala;2016;0
Översvämning;Uppsala;2017;0
Översvämning;Uppsala;2018;0,01
Översvämning;Uppsala;2019;0
Översvämning;Uppsala;2020;0
Översvämning;Uppsala;2021;0
Översvämning;Uppsala;2022;0
Översvämning;Uppsala;2023;0
Översvämning;Uppsala;2024;0
Översvämning;Uppsala;2025;0
Översvämning;Linköping;2010;0,01
Översvämning;Linköping;2011;0,05
Översvämning;Linköping;2012;0
Översvämning;Linköping;2013;0
Översvämning;Linköping;2014;0
Översvämning;Linköping;2015;0
Översvämning;Linköping;2016;0
Översvämning;Linköping;2017;0
Översvämning;Linköping;2018;0
Översvämning;Linköping;2019;0
Översvämning;Linköping;2020;0
Översvämning;Linköping;2021;0
Översvämning;Linköping;2022;0
Översvämning;Linköping;2023;0
Översvämning;Linköping;2024;0,01
Översvämning;Linköping;2025;0
Översvämning;Västerås;2010;0,01
Översvämning;Västerås;2011;0
Översvämning;Västerås;2012;0
Översvämning;Västerås;2013;0
Översvämning;Västerås;2014;0
Översvämning;Västerås;2015;0,01
Översvämning;Västerås;2016;0
Översvämning;Västerås;2017;0
Översvämning;Västerås;2018;0
Översvämning;Västerås;2019;0
Översvämning;Västerås;2020;0
Översvämning;Västerås;2021;0,01
Översvämning;Västerås;2022;0
Översvämning;Västerås;2023;0,01
Översvämning;Västerås;2024;0
Översvämning;Västerås;2025;0
Översvämning;Norrköping;2010;0,04
Översvämning;Norrköping;2011;0,05
Översvämning;Norrköping;2012;0
Översvämning;Norrköping;2013;0
Översvämning;Norrköping;2014;0
Översvämning;Norrköping;2015;0
Översvämning;Norrköping;2016;0
Översvämning;Norrköping;2017;0
Översvämning;Norrköping;2018;0
Översvämning;Norrköping;2019;0
Översvämning;Norrköping;2020;0,01
Översvämning;Norrköping;2021;0,01
Översvämning;Norrköping;2022;0,01
Översvämning;Norrköping;2023;0,01
Översvämning;Norrköping;2024;0,01
Översvämning;Norrköping;2025;0
Översvämning;Jönköping;2010;0,08
Översvämning;Jönköping;2011;0,02
Översvämning;Jönköping;2012;0,08
Översvämning;Jönköping;2013;0,08
Översvämning;Jönköping;2014;0,01
Översvämning;Jönköping;2015;0
Översvämning;Jönköping;2016;0
Översvämning;Jönköping;2017;0
Översvämning;Jönköping;2018;0
Översvämning;Jönköping;2019;0,01
Översvämning;Jönköping;2020;0,04
Översvämning;Jönköping;2021;0
Översvämning;Jönköping;2022;0
Översvämning;Jönköping;2023;0,03
Översvämning;Jönköping;2024;0,05
Översvämning;Jönköping;2025;0
Översvämning;Helsingborg;2010;0,01
Översvämning;Helsingborg;2011;0,01
Översvämning;Helsingborg;2012;0
Översvämning;Helsingborg;2013;0,02
Översvämning;Helsingborg;2014;0
Översvämning;Helsingborg;2015;0,01
Översvämning;Helsingborg;2016;0
Översvämning;Helsingborg;2017;0
Översvämning;Helsingborg;2018;0
Översvämning;Helsingborg;2019;0
Översvämning;Helsingborg;2020;0
Översvämning;Helsingborg;2021;0,01
Översvämning;Helsingborg;2022;0
Översvämning;Helsingborg;2023;0
Översvämning;Helsingborg;2024;0
Översvämning;Helsingborg;2025;0
Översvämning;Umeå;2010;0,01
Översvämning;Umeå;2011;0
Översvämning;Umeå;2012;0
Översvämning;Umeå;2013;0,03
Översvämning;Umeå;2014;0,01
Översvämning;Umeå;2015;0
Översvämning;Umeå;2016;0,02
Översvämning;Umeå;2017;0
Översvämning;Umeå;2018;0
Översvämning;Umeå;2019;0
Översvämning;Umeå;2020;0,03
Översvämning;Umeå;2021;0
Översvämning;Umeå;2022;0
Översvämning;Umeå;2023;0
Översvämning;Umeå;2024;0
Översvämning;Umeå;2025;0
Översvämning;Hela Sverige;2010;0,04
Översvämning;Hela Sverige;2011;0,02
Översvämning;Hela Sverige;2012;0,03
Översvämning;Hela Sverige;2013;0,01
Översvämning;Hela Sverige;2014;0,02
Översvämning;Hela Sverige;2015;0,01
Översvämning;Hela Sverige;2016;0
Översvämning;Hela Sverige;2017;0
Översvämning;Hela Sverige;2018;0,01
Översvämning;Hela Sverige;2019;0
Översvämning;Hela Sverige;2020;0,01
Översvämning;Hela Sverige;2021;0,01
Översvämning;Hela Sverige;2022;0
Översvämning;Hela Sverige;2023;0,02
Översvämning;Hela Sverige;2024;0,01
Översvämning;Hela Sverige;2025;0
Översvämning;Örebro län;2010;0,01
Översvämning;Örebro län;2011;0
Översvämning;Örebro län;2012;0
Översvämning;Örebro län;2013;0,01
Översvämning;Örebro län;2014;0
Översvämning;Örebro län;2015;0
Översvämning;Örebro län;2016;0
Översvämning;Örebro län;2017;0,01
Översvämning;Örebro län;2018;0
Översvämning;Örebro län;2019;0
Översvämning;Örebro län;2020;0
Översvämning;Örebro län;2021;0,01
Översvämning;Örebro län;2022;0
Översvämning;Örebro län;2023;0,1
Översvämning;Örebro län;2024;0,02
Översvämning;Örebro län;2025;0,01
Vattenskada;Örebro;2010;0,19
Vattenskada;Örebro;2011;0,06
Vattenskada;Örebro;2012;0,05
Vattenskada;Örebro;2013;0,06
Vattenskada;Örebro;2014;0,04
Vattenskada;Örebro;2015;0,02
Vattenskada;Örebro;2016;0,08
Vattenskada;Örebro;2017;0,11
Vattenskada;Örebro;2018;0,03
Vattenskada;Örebro;2019;0,07
Vattenskada;Örebro;2020;0
Vattenskada;Örebro;2021;0,11
Vattenskada;Örebro;2022;0,1
Vattenskada;Örebro;2023;0,24
Vattenskada;Örebro;2024;0,17
Vattenskada;Örebro;2025;0,11
Vattenskada;Uppsala;2010;0,09
Vattenskada;Uppsala;2011;0,03
Vattenskada;Uppsala;2012;0,02
Vattenskada;Uppsala;2013;0,02
Vattenskada;Uppsala;2014;0,07
Vattenskada;Uppsala;2015;0,06
Vattenskada;Uppsala;2016;0,08
Vattenskada;Uppsala;2017;0,03
Vattenskada;Uppsala;2018;0,09
Vattenskada;Uppsala;2019;0,06
Vattenskada;Uppsala;2020;0,04
Vattenskada;Uppsala;2021;0,02
Vattenskada;Uppsala;2022;0,09
Vattenskada;Uppsala;2023;0,07
Vattenskada;Uppsala;2024;0,06
Vattenskada;Uppsala;2025;0,07
Vattenskada;Linköping;2010;0,13
Vattenskada;Linköping;2011;0,04
Vattenskada;Linköping;2012;0,05
Vattenskada;Linköping;2013;0,08
Vattenskada;Linköping;2014;0,11
Vattenskada;Linköping;2015;0,09
Vattenskada;Linköping;2016;0,15
Vattenskada;Linköping;2017;0,09
Vattenskada;Linköping;2018;0,06
Vattenskada;Linköping;2019;0,09
Vattenskada;Linköping;2020;0,06
Vattenskada;Linköping;2021;0,1
Vattenskada;Linköping;2022;0,13
Vattenskada;Linköping;2023;0,11
Vattenskada;Linköping;2024;0,27
Vattenskada;Linköping;2025;0,11
Vattenskada;Västerås;2010;0,03
Vattenskada;Västerås;2011;0,09
Vattenskada;Västerås;2012;0,06
Vattenskada;Västerås;2013;0,05
Vattenskada;Västerås;2014;0,01
Vattenskada;Västerås;2015;0,04
Vattenskada;Västerås;2016;0,11
Vattenskada;Västerås;2017;0,09
Vattenskada;Västerås;2018;0,11
Vattenskada;Västerås;2019;0,1
Vattenskada;Västerås;2020;0,08
Vattenskada;Västerås;2021;0,12
Vattenskada;Västerås;2022;0,11
Vattenskada;Västerås;2023;0,13
Vattenskada;Västerås;2024;0,07
Vattenskada;Västerås;2025;0,1
Vattenskada;Norrköping;2010;0,15
Vattenskada;Norrköping;2011;0,2
Vattenskada;Norrköping;2012;0,09
Vattenskada;Norrköping;2013;0,09
Vattenskada;Norrköping;2014;0,09
Vattenskada;Norrköping;2015;0,11
Vattenskada;Norrköping;2016;0,18
Vattenskada;Norrköping;2017;0,11
Vattenskada;Norrköping;2018;0,16
Vattenskada;Norrköping;2019;0,11
Vattenskada;Norrköping;2020;0,08
Vattenskada;Norrköping;2021;0,17
Vattenskada;Norrköping;2022;0,29
Vattenskada;Norrköping;2023;0,22
Vattenskada;Norrköping;2024;0,15
Vattenskada;Norrköping;2025;0,1
Vattenskada;Jönköping;2010;0,58
Vattenskada;Jönköping;2011;0,34
Vattenskada;Jönköping;2012;0,32
Vattenskada;Jönköping;2013;0,32
Vattenskada;Jönköping;2014;0,3
Vattenskada;Jönköping;2015;0,2
Vattenskada;Jönköping;2016;0,31
Vattenskada;Jönköping;2017;0,31
Vattenskada;Jönköping;2018;0,31
Vattenskada;Jönköping;2019;0,33
Vattenskada;Jönköping;2020;0,29
Vattenskada;Jönköping;2021;0,3
Vattenskada;Jönköping;2022;0,33
Vattenskada;Jönköping;2023;0,36
Vattenskada;Jönköping;2024;0,82
Vattenskada;Jönköping;2025;0,22
Vattenskada;Helsingborg;2010;0,31
Vattenskada;Helsingborg;2011;0,18
Vattenskada;Helsingborg;2012;0,26
Vattenskada;Helsingborg;2013;0,39
Vattenskada;Helsingborg;2014;0,1
Vattenskada;Helsingborg;2015;0,15
Vattenskada;Helsingborg;2016;0,09
Vattenskada;Helsingborg;2017;0,18
Vattenskada;Helsingborg;2018;0,09
Vattenskada;Helsingborg;2019;0,09
Vattenskada;Helsingborg;2020;0,1
Vattenskada;Helsingborg;2021;0,09
Vattenskada;Helsingborg;2022;0,11
Vattenskada;Helsingborg;2023;0,11
Vattenskada;Helsingborg;2024;0,2
Vattenskada;Helsingborg;2025;0,14
Vattenskada;Umeå;2010;0,03
Vattenskada;Umeå;2011;0,03
Vattenskada;Umeå;2012;0,06
Vattenskada;Umeå;2013;0,02
Vattenskada;Umeå;2014;0,09
Vattenskada;Umeå;2015;0,05
Vattenskada;Umeå;2016;0,07
Vattenskada;Umeå;2017;0,12
Vattenskada;Umeå;2018;0,03
Vattenskada;Umeå;2019;0,07
Vattenskada;Umeå;2020;0,15
Vattenskada;Umeå;2021;0,11
Vattenskada;Umeå;2022;0,07
Vattenskada;Umeå;2023;0,08
Vattenskada;Umeå;2024;0,1
Vattenskada;Umeå;2025;0,06
Vattenskada;Hela Sverige;2010;0,22
Vattenskada;Hela Sverige;2011;0,16
Vattenskada;Hela Sverige;2012;0,15
Vattenskada;Hela Sverige;2013;0,12
Vattenskada;Hela Sverige;2014;0,18
Vattenskada;Hela Sverige;2015;0,11
Vattenskada;Hela Sverige;2016;0,12
Vattenskada;Hela Sverige;2017;0,12
Vattenskada;Hela Sverige;2018;0,13
Vattenskada;Hela Sverige;2019;0,12
Vattenskada;Hela Sverige;2020;0,1
Vattenskada;Hela Sverige;2021;0,18
Vattenskada;Hela Sverige;2022;0,13
Vattenskada;Hela Sverige;2023;0,17
Vattenskada;Hela Sverige;2024;0,19
Vattenskada;Hela Sverige;2025;0,12
Vattenskada;Örebro län;2010;0,21
Vattenskada;Örebro län;2011;0,14
Vattenskada;Örebro län;2012;0,27
Vattenskada;Örebro län;2013;0,09
Vattenskada;Örebro län;2014;0,12
Vattenskada;Örebro län;2015;0,07
Vattenskada;Örebro län;2016;0,1
Vattenskada;Örebro län;2017;0,14
Vattenskada;Örebro län;2018;0,16
Vattenskada;Örebro län;2019;0,08
Vattenskada;Örebro län;2020;0,03
Vattenskada;Örebro län;2021;0,24
Vattenskada;Örebro län;2022;0,12
Vattenskada;Örebro län;2023;0,44
Vattenskada;Örebro län;2024;0,24
Vattenskada;Örebro län;2025;0,15
Annan olycka;Örebro;2010;0,08
Annan olycka;Örebro;2011;0
Annan olycka;Örebro;2012;0,03
Annan olycka;Örebro;2013;0,02
Annan olycka;Örebro;2014;0,05
Annan olycka;Örebro;2015;0,25
Annan olycka;Örebro;2016;0,06
Annan olycka;Örebro;2017;0,03
Annan olycka;Örebro;2018;0,04
Annan olycka;Örebro;2019;0,01
Annan olycka;Örebro;2020;0,02
Annan olycka;Örebro;2021;0,04
Annan olycka;Örebro;2022;0,02
Annan olycka;Örebro;2023;0,03
Annan olycka;Örebro;2024;0,05
Annan olycka;Örebro;2025;0,12
Annan olycka;Uppsala;2010;0,09
Annan olycka;Uppsala;2011;0,11
Annan olycka;Uppsala;2012;0,11
Annan olycka;Uppsala;2013;0,15
Annan olycka;Uppsala;2014;0,1
Annan olycka;Uppsala;2015;0,11
Annan olycka;Uppsala;2016;0,24
Annan olycka;Uppsala;2017;0,16
Annan olycka;Uppsala;2018;0,18
Annan olycka;Uppsala;2019;0,15
Annan olycka;Uppsala;2020;0,17
Annan olycka;Uppsala;2021;0,11
Annan olycka;Uppsala;2022;0,03
Annan olycka;Uppsala;2023;0,05
Annan olycka;Uppsala;2024;0,04
Annan olycka;Uppsala;2025;0,04
Annan olycka;Linköping;2010;0,12
Annan olycka;Linköping;2011;0,03
Annan olycka;Linköping;2012;0,08
Annan olycka;Linköping;2013;0,15
Annan olycka;Linköping;2014;0,12
Annan olycka;Linköping;2015;0,3
Annan olycka;Linköping;2016;0,28
Annan olycka;Linköping;2017;0,04
Annan olycka;Linköping;2018;0,18
Annan olycka;Linköping;2019;0,28
Annan olycka;Linköping;2020;0,13
Annan olycka;Linköping;2021;0,11
Annan olycka;Linköping;2022;0,11
Annan olycka;Linköping;2023;0,14
Annan olycka;Linköping;2024;0,1
Annan olycka;Linköping;2025;0,14
Annan olycka;Västerås;2010;0,15
Annan olycka;Västerås;2011;0,14
Annan olycka;Västerås;2012;0,06
Annan olycka;Västerås;2013;0,08
Annan olycka;Västerås;2014;0,03
Annan olycka;Västerås;2015;0,12
Annan olycka;Västerås;2016;0,18
Annan olycka;Västerås;2017;0,17
Annan olycka;Västerås;2018;0,15
Annan olycka;Västerås;2019;0,22
Annan olycka;Västerås;2020;0,24
Annan olycka;Västerås;2021;0,28
Annan olycka;Västerås;2022;0,11
Annan olycka;Västerås;2023;0,08
Annan olycka;Västerås;2024;0,09
Annan olycka;Västerås;2025;0,12
Annan olycka;Norrköping;2010;0,06
Annan olycka;Norrköping;2011;0,08
Annan olycka;Norrköping;2012;0,11
Annan olycka;Norrköping;2013;0,2
Annan olycka;Norrköping;2014;0,14
Annan olycka;Norrköping;2015;0,43
Annan olycka;Norrköping;2016;0,42
Annan olycka;Norrköping;2017;0,09
Annan olycka;Norrköping;2018;0,16
Annan olycka;Norrköping;2019;0,34
Annan olycka;Norrköping;2020;0,16
Annan olycka;Norrköping;2021;0,19
Annan olycka;Norrköping;2022;0,19
Annan olycka;Norrköping;2023;0,18
Annan olycka;Norrköping;2024;0,13
Annan olycka;Norrköping;2025;0,23
Annan olycka;Jönköping;2010;0,4
Annan olycka;Jönköping;2011;0,27
Annan olycka;Jönköping;2012;0,49
Annan olycka;Jönköping;2013;0,2
Annan olycka;Jönköping;2014;0,3
Annan olycka;Jönköping;2015;0,31
Annan olycka;Jönköping;2016;0,56
Annan olycka;Jönköping;2017;0,51
Annan olycka;Jönköping;2018;0,8
Annan olycka;Jönköping;2019;0,66
Annan olycka;Jönköping;2020;0,51
Annan olycka;Jönköping;2021;0,55
Annan olycka;Jönköping;2022;0,33
Annan olycka;Jönköping;2023;0,32
Annan olycka;Jönköping;2024;0,34
Annan olycka;Jönköping;2025;0,39
Annan olycka;Helsingborg;2010;0,16
Annan olycka;Helsingborg;2011;0,19
Annan olycka;Helsingborg;2012;0,18
Annan olycka;Helsingborg;2013;0,35
Annan olycka;Helsingborg;2014;0,36
Annan olycka;Helsingborg;2015;0,61
Annan olycka;Helsingborg;2016;0,2
Annan olycka;Helsingborg;2017;0,05
Annan olycka;Helsingborg;2018;0,11
Annan olycka;Helsingborg;2019;0,18
Annan olycka;Helsingborg;2020;0,15
Annan olycka;Helsingborg;2021;0,17
Annan olycka;Helsingborg;2022;0,13
Annan olycka;Helsingborg;2023;0,13
Annan olycka;Helsingborg;2024;0,08
Annan olycka;Helsingborg;2025;0,14
Annan olycka;Umeå;2010;0,52
Annan olycka;Umeå;2011;0,49
Annan olycka;Umeå;2012;0,39
Annan olycka;Umeå;2013;0,55
Annan olycka;Umeå;2014;0,34
Annan olycka;Umeå;2015;0,22
Annan olycka;Umeå;2016;0,25
Annan olycka;Umeå;2017;0,31
Annan olycka;Umeå;2018;0,2
Annan olycka;Umeå;2019;0,1
Annan olycka;Umeå;2020;0,15
Annan olycka;Umeå;2021;0,08
Annan olycka;Umeå;2022;0,05
Annan olycka;Umeå;2023;0,02
Annan olycka;Umeå;2024;0,03
Annan olycka;Umeå;2025;0,08
Annan olycka;Hela Sverige;2010;0,32
Annan olycka;Hela Sverige;2011;0,28
Annan olycka;Hela Sverige;2012;0,26
Annan olycka;Hela Sverige;2013;0,25
Annan olycka;Hela Sverige;2014;0,23
Annan olycka;Hela Sverige;2015;0,28
Annan olycka;Hela Sverige;2016;0,26
Annan olycka;Hela Sverige;2017;0,22
Annan olycka;Hela Sverige;2018;0,24
Annan olycka;Hela Sverige;2019;0,24
Annan olycka;Hela Sverige;2020;0,21
Annan olycka;Hela Sverige;2021;0,2
Annan olycka;Hela Sverige;2022;0,09
Annan olycka;Hela Sverige;2023;0,11
Annan olycka;Hela Sverige;2024;0,09
Annan olycka;Hela Sverige;2025;0,1
Annan olycka;Örebro län;2010;0,08
Annan olycka;Örebro län;2011;0,04
Annan olycka;Örebro län;2012;0,07
Annan olycka;Örebro län;2013;0,05
Annan olycka;Örebro län;2014;0,09
Annan olycka;Örebro län;2015;0,23
Annan olycka;Örebro län;2016;0,08
Annan olycka;Örebro län;2017;0,04
Annan olycka;Örebro län;2018;0,05
Annan olycka;Örebro län;2019;0,03
Annan olycka;Örebro län;2020;0,02
Annan olycka;Örebro län;2021;0,04
Annan olycka;Örebro län;2022;0,02
Annan olycka;Örebro län;2023;0,03
Annan olycka;Örebro län;2024;0,05
Annan olycka;Örebro län;2025;0,09
Ingen risk för skada;Örebro;2010;0,66
Ingen risk för skada;Örebro;2011;0,61
Ingen risk för skada;Örebro;2012;0,69
Ingen risk för skada;Örebro;2013;0,75
Ingen risk för skada;Örebro;2014;0,71
Ingen risk för skada;Örebro;2015;0,93
Ingen risk för skada;Örebro;2016;0,74
Ingen risk för skada;Örebro;2017;1,02
Ingen risk för skada;Örebro;2018;1,02
Ingen risk för skada;Örebro;2019;0,87
Ingen risk för skada;Örebro;2020;0,65
Ingen risk för skada;Örebro;2021;0,68
Ingen risk för skada;Örebro;2022;0,94
Ingen risk för skada;Örebro;2023;0,84
Ingen risk för skada;Örebro;2024;0,82
Ingen risk för skada;Örebro;2025;0,81
Ingen risk för skada;Uppsala;2010;0,82
Ingen risk för skada;Uppsala;2011;0,59
Ingen risk för skada;Uppsala;2012;0,73
Ingen risk för skada;Uppsala;2013;0,71
Ingen risk för skada;Uppsala;2014;0,58
Ingen risk för skada;Uppsala;2015;0,64
Ingen risk för skada;Uppsala;2016;0,49
Ingen risk för skada;Uppsala;2017;0,45
Ingen risk för skada;Uppsala;2018;0,53
Ingen risk för skada;Uppsala;2019;0,39
Ingen risk för skada;Uppsala;2020;0,39
Ingen risk för skada;Uppsala;2021;0,45
Ingen risk för skada;Uppsala;2022;0,58
Ingen risk för skada;Uppsala;2023;0,43
Ingen risk för skada;Uppsala;2024;0,49
Ingen risk för skada;Uppsala;2025;0,54
Ingen risk för skada;Linköping;2010;0,8
Ingen risk för skada;Linköping;2011;0,93
Ingen risk för skada;Linköping;2012;0,95
Ingen risk för skada;Linköping;2013;0,72
Ingen risk för skada;Linköping;2014;0,98
Ingen risk för skada;Linköping;2015;1,13
Ingen risk för skada;Linköping;2016;1,34
Ingen risk för skada;Linköping;2017;1,06
Ingen risk för skada;Linköping;2018;0,84
Ingen risk för skada;Linköping;2019;1,08
Ingen risk för skada;Linköping;2020;0,91
Ingen risk för skada;Linköping;2021;0,9
Ingen risk för skada;Linköping;2022;0,44
Ingen risk för skada;Linköping;2023;0,41
Ingen risk för skada;Linköping;2024;0,48
Ingen risk för skada;Linköping;2025;0,45
Ingen risk för skada;Västerås;2010;1,42
Ingen risk för skada;Västerås;2011;1,48
Ingen risk för skada;Västerås;2012;1,58
Ingen risk för skada;Västerås;2013;1,71
Ingen risk för skada;Västerås;2014;1,42
Ingen risk för skada;Västerås;2015;1,36
Ingen risk för skada;Västerås;2016;1,38
Ingen risk för skada;Västerås;2017;1,16
Ingen risk för skada;Västerås;2018;1,31
Ingen risk för skada;Västerås;2019;0,82
Ingen risk för skada;Västerås;2020;0,78
Ingen risk för skada;Västerås;2021;0,6
Ingen risk för skada;Västerås;2022;0,6
Ingen risk för skada;Västerås;2023;0,59
Ingen risk för skada;Västerås;2024;0,49
Ingen risk för skada;Västerås;2025;0,5
Ingen risk för skada;Norrköping;2010;1,43
Ingen risk för skada;Norrköping;2011;1,7
Ingen risk för skada;Norrköping;2012;1,56
Ingen risk för skada;Norrköping;2013;1,44
Ingen risk för skada;Norrköping;2014;1,51
Ingen risk för skada;Norrköping;2015;1,62
Ingen risk för skada;Norrköping;2016;1,95
Ingen risk för skada;Norrköping;2017;1,55
Ingen risk för skada;Norrköping;2018;1,21
Ingen risk för skada;Norrköping;2019;1,43
Ingen risk för skada;Norrköping;2020;1,68
Ingen risk för skada;Norrköping;2021;1,6
Ingen risk för skada;Norrköping;2022;0,82
Ingen risk för skada;Norrköping;2023;0,7
Ingen risk för skada;Norrköping;2024;0,68
Ingen risk för skada;Norrköping;2025;0,7
Ingen risk för skada;Jönköping;2010;1,49
Ingen risk för skada;Jönköping;2011;1,47
Ingen risk för skada;Jönköping;2012;1,4
Ingen risk för skada;Jönköping;2013;1,63
Ingen risk för skada;Jönköping;2014;1,57
Ingen risk för skada;Jönköping;2015;1,73
Ingen risk för skada;Jönköping;2016;1,6
Ingen risk för skada;Jönköping;2017;1,73
Ingen risk för skada;Jönköping;2018;1,94
Ingen risk för skada;Jönköping;2019;2,05
Ingen risk för skada;Jönköping;2020;1,62
Ingen risk för skada;Jönköping;2021;1,61
Ingen risk för skada;Jönköping;2022;1,41
Ingen risk för skada;Jönköping;2023;1,33
Ingen risk för skada;Jönköping;2024;1,03
Ingen risk för skada;Jönköping;2025;1,35
Ingen risk för skada;Helsingborg;2010;0,65
Ingen risk för skada;Helsingborg;2011;0,62
Ingen risk för skada;Helsingborg;2012;0,84
Ingen risk för skada;Helsingborg;2013;0,82
Ingen risk för skada;Helsingborg;2014;0,8
Ingen risk för skada;Helsingborg;2015;0,8
Ingen risk för skada;Helsingborg;2016;0,45
Ingen risk för skada;Helsingborg;2017;0,71
Ingen risk för skada;Helsingborg;2018;0,7
Ingen risk för skada;Helsingborg;2019;0,5
Ingen risk för skada;Helsingborg;2020;0,65
Ingen risk för skada;Helsingborg;2021;0,59
Ingen risk för skada;Helsingborg;2022;0,42
Ingen risk för skada;Helsingborg;2023;0,35
Ingen risk för skada;Helsingborg;2024;0,57
Ingen risk för skada;Helsingborg;2025;0,51
Ingen risk för skada;Umeå;2010;1,02
Ingen risk för skada;Umeå;2011;1,02
Ingen risk för skada;Umeå;2012;0,63
Ingen risk för skada;Umeå;2013;0,86
Ingen risk för skada;Umeå;2014;0,84
Ingen risk för skada;Umeå;2015;0,78
Ingen risk för skada;Umeå;2016;0,81
Ingen risk för skada;Umeå;2017;0,98
Ingen risk för skada;Umeå;2018;0,54
Ingen risk för skada;Umeå;2019;0,45
Ingen risk för skada;Umeå;2020;0,61
Ingen risk för skada;Umeå;2021;0,41
Ingen risk för skada;Umeå;2022;0,6
Ingen risk för skada;Umeå;2023;0,59
Ingen risk för skada;Umeå;2024;0,54
Ingen risk för skada;Umeå;2025;0,53
Ingen risk för skada;Hela Sverige;2010;0,93
Ingen risk för skada;Hela Sverige;2011;0,87
Ingen risk för skada;Hela Sverige;2012;0,91
Ingen risk för skada;Hela Sverige;2013;0,95
Ingen risk för skada;Hela Sverige;2014;0,97
Ingen risk för skada;Hela Sverige;2015;0,99
Ingen risk för skada;Hela Sverige;2016;0,89
Ingen risk för skada;Hela Sverige;2017;0,81
Ingen risk för skada;Hela Sverige;2018;0,82
Ingen risk för skada;Hela Sverige;2019;0,77
Ingen risk för skada;Hela Sverige;2020;0,76
Ingen risk för skada;Hela Sverige;2021;0,74
Ingen risk för skada;Hela Sverige;2022;0,7
Ingen risk för skada;Hela Sverige;2023;0,72
Ingen risk för skada;Hela Sverige;2024;0,69
Ingen risk för skada;Hela Sverige;2025;0,71
Ingen risk för skada;Örebro län;2010;0,69
Ingen risk för skada;Örebro län;2011;0,79
Ingen risk för skada;Örebro län;2012;0,72
Ingen risk för skada;Örebro län;2013;0,71
Ingen risk för skada;Örebro län;2014;0,76
Ingen risk för skada;Örebro län;2015;0,82
Ingen risk för skada;Örebro län;2016;0,74
Ingen risk för skada;Örebro län;2017;0,93
Ingen risk för skada;Örebro län;2018;1,04
Ingen risk för skada;Örebro län;2019;0,81
Ingen risk för skada;Örebro län;2020;0,7
Ingen risk för skada;Örebro län;2021;0,73
Ingen risk för skada;Örebro län;2022;0,88
Ingen risk för skada;Örebro län;2023;0,94
Ingen risk för skada;Örebro län;2024;0,87
Ingen risk för skada;Örebro län;2025;0,86
Totalt;Örebro;2010;9,8
Totalt;Örebro;2011;9,13
Totalt;Örebro;2012;8,62
Totalt;Örebro;2013;8,48
Totalt;Örebro;2014;8,75
Totalt;Örebro;2015;9,59
Totalt;Örebro;2016;9
Totalt;Örebro;2017;10,16
Totalt;Örebro;2018;9,18
Totalt;Örebro;2019;8,28
Totalt;Örebro;2020;7,7
Totalt;Örebro;2021;8,71
Totalt;Örebro;2022;8,39
Totalt;Örebro;2023;8,93
Totalt;Örebro;2024;8,38
Totalt;Örebro;2025;8,25
Totalt;Uppsala;2010;7
Totalt;Uppsala;2011;6,96
Totalt;Uppsala;2012;8,16
Totalt;Uppsala;2013;7,65
Totalt;Uppsala;2014;7,24
Totalt;Uppsala;2015;6,79
Totalt;Uppsala;2016;7,09
Totalt;Uppsala;2017;7,11
Totalt;Uppsala;2018;7,36
Totalt;Uppsala;2019;6,27
Totalt;Uppsala;2020;5,3
Totalt;Uppsala;2021;5,35
Totalt;Uppsala;2022;5,47
Totalt;Uppsala;2023;5,11
Totalt;Uppsala;2024;4,99
Totalt;Uppsala;2025;4,6
Totalt;Linköping;2010;9,82
Totalt;Linköping;2011;9,35
Totalt;Linköping;2012;9,33
Totalt;Linköping;2013;9,49
Totalt;Linköping;2014;9,81
Totalt;Linköping;2015;10,34
Totalt;Linköping;2016;11,91
Totalt;Linköping;2017;11,09
Totalt;Linköping;2018;10,89
Totalt;Linköping;2019;10,69
Totalt;Linköping;2020;9,26
Totalt;Linköping;2021;9,43
Totalt;Linköping;2022;9,13
Totalt;Linköping;2023;8,38
Totalt;Linköping;2024;8,32
Totalt;Linköping;2025;8,27
Totalt;Västerås;2010;9,29
Totalt;Västerås;2011;9,67
Totalt;Västerås;2012;9,2
Totalt;Västerås;2013;9,03
Totalt;Västerås;2014;8,13
Totalt;Västerås;2015;8,27
Totalt;Västerås;2016;10,27
Totalt;Västerås;2017;10,34
Totalt;Västerås;2018;10,5
Totalt;Västerås;2019;9,82
Totalt;Västerås;2020;9,07
Totalt;Västerås;2021;8,78
Totalt;Västerås;2022;8,35
Totalt;Västerås;2023;8,24
Totalt;Västerås;2024;7,13
Totalt;Västerås;2025;7,8
Totalt;Norrköping;2010;11,21
Totalt;Norrköping;2011;11,35
Totalt;Norrköping;2012;11,02
Totalt;Norrköping;2013;10,82
Totalt;Norrköping;2014;11,02
Totalt;Norrköping;2015;12,21
Totalt;Norrköping;2016;13,96
Totalt;Norrköping;2017;14,08
Totalt;Norrköping;2018;14,85
Totalt;Norrköping;2019;13,58
Totalt;Norrköping;2020;13,25
Totalt;Norrköping;2021;13,53
Totalt;Norrköping;2022;13,25
Totalt;Norrköping;2023;11,86
Totalt;Norrköping;2024;10,74
Totalt;Norrköping;2025;10,61
Totalt;Jönköping;2010;14,71
Totalt;Jönköping;2011;13,92
Totalt;Jönköping;2012;13,15
Totalt;Jönköping;2013;13,35
Totalt;Jönköping;2014;13,64
Totalt;Jönköping;2015;14,12
Totalt;Jönköping;2016;15,23
Totalt;Jönköping;2017;15,44
Totalt;Jönköping;2018;16,34
Totalt;Jönköping;2019;16,51
Totalt;Jönköping;2020;14,1
Totalt;Jönköping;2021;15,04
Totalt;Jönköping;2022;14,35
Totalt;Jönköping;2023;14,3
Totalt;Jönköping;2024;13,66
Totalt;Jönköping;2025;12,77
Totalt;Helsingborg;2010;12,67
Totalt;Helsingborg;2011;11,69
Totalt;Helsingborg;2012;12,21
Totalt;Helsingborg;2013;12,91
Totalt;Helsingborg;2014;12,04
Totalt;Helsingborg;2015;12,27
Totalt;Helsingborg;2016;11,45
Totalt;Helsingborg;2017;12,87
Totalt;Helsingborg;2018;12,29
Totalt;Helsingborg;2019;10,88
Totalt;Helsingborg;2020;10,33
Totalt;Helsingborg;2021;9,48
Totalt;Helsingborg;2022;10,07
Totalt;Helsingborg;2023;9,43
Totalt;Helsingborg;2024;9,53
Totalt;Helsingborg;2025;9,5
Totalt;Umeå;2010;6,94
Totalt;Umeå;2011;6,8
Totalt;Umeå;2012;6,34
Totalt;Umeå;2013;6,52
Totalt;Umeå;2014;6,99
Totalt;Umeå;2015;7,36
Totalt;Umeå;2016;8,27
Totalt;Umeå;2017;8,11
Totalt;Umeå;2018;7,61
Totalt;Umeå;2019;6,52
Totalt;Umeå;2020;6,71
Totalt;Umeå;2021;5,96
Totalt;Umeå;2022;6,48
Totalt;Umeå;2023;6,97
Totalt;Umeå;2024;6,86
Totalt;Umeå;2025;6,04
Totalt;Hela Sverige;2010;10,03
Totalt;Hela Sverige;2011;9,76
Totalt;Hela Sverige;2012;9,49
Totalt;Hela Sverige;2013;9,64
Totalt;Hela Sverige;2014;9,57
Totalt;Hela Sverige;2015;9,92
Totalt;Hela Sverige;2016;10,73
Totalt;Hela Sverige;2017;10,43
Totalt;Hela Sverige;2018;10,85
Totalt;Hela Sverige;2019;10,05
Totalt;Hela Sverige;2020;9,18
Totalt;Hela Sverige;2021;9,17
Totalt;Hela Sverige;2022;9,03
Totalt;Hela Sverige;2023;9,17
Totalt;Hela Sverige;2024;8,61
Totalt;Hela Sverige;2025;8,41
Totalt;Örebro län;2010;10,37
Totalt;Örebro län;2011;10,32
Totalt;Örebro län;2012;9,76
Totalt;Örebro län;2013;9,55
Totalt;Örebro län;2014;9,43
Totalt;Örebro län;2015;10,41
Totalt;Örebro län;2016;10,43
Totalt;Örebro län;2017;10,81
Totalt;Örebro län;2018;10,56
Totalt;Örebro län;2019;9,32
Totalt;Örebro län;2020;9,16
Totalt;Örebro län;2021;9,71
Totalt;Örebro län;2022;9,54
Totalt;Örebro län;2023;10,71
Totalt;Örebro län;2024;9,78
Totalt;Örebro län;2025;9,44
