verksamhet;innehall;kr_per_invanare;andel_pct
Grundskola;förskoleklass och grundskola åk 1–9;13935;20,32
Äldreomsorg;hemtjänst, särskilda boenden och korttidsvård;12739;18,58
Stöd vid funktionsnedsättning;LSS, personlig assistans och insatser enligt SoL;9235;13,47
Förskola och fritidshem;förskola, fritidshem och pedagogisk omsorg;9223;13,45
Individ- och familjeomsorg;ekonomiskt bistånd, barn och unga, missbruksvård;7352;10,72
Gymnasieskola;gymnasieutbildning för kommunens ungdomar;4282;6,24
Gator, parker, räddningstjänst och miljö;gator, parker, planering, miljö- och hälsoskydd, räddningstjänst;3849;5,61
Kultur och fritid;bibliotek, kulturskola, idrottsanläggningar och fritidsgårdar;3415;4,98
Vuxenutbildning och anpassad skola;komvux, sfi, anpassad grund- och gymnasieskola;2553;3,72
Arbetsmarknad och näringsliv;arbetsmarknadsåtgärder och näringslivsfrämjande;959;1,4
Politik och revision;fullmäktige, nämnder, partistöd och revision;788;1,15
Övrigt;bland annat färdtjänst, flyktingmottagande, affärsverksamhet och gemensamma kostnader;241;0,35
