skolenhetskod;skola;huvudman;organisation;skolformer;adress;lat;lon;webb
47684564;Adolfsbergsskolan 7-9;Kommunal;Örebro kommun;grundskola (7-9);Halltorpsvägen 13 Örebro;59,23907;15,18565;http://www.orebro.se/adolfsbergsskolan
73667404;Adolfsbergsskolan 7-9 resursskola;Kommunal;Örebro kommun;grundskola (7-9);Halltorpsvägen 11-13 Örebro;59,23912;15,18672;https://skolor.orebro.se/adolfsbergsskolan.html
48863032;Adolfsbergsskolan anpassad grundskola;Kommunal;Örebro kommun;grundskola (1-9), anpassad grundskola (1-9);Halltorpsvägen 13 Örebro;59,2257;15,15917;http://www.orebro.se/adolfsbergsskolan
28337496;Adolfsbergsskolan F-6;Kommunal;Örebro kommun;förskoleklass (0), grundskola (1-6);Halltorpsvägen 13 Örebro;59,23942;15,18707;http://www.orebro.se/adolfsbergsskolan
74001219;Adolfsbergsskolan F-6 resursskola;Kommunal;Örebro kommun;förskoleklass (0), grundskola (1-6);Halltorpsvägen 11-13 Örebro;59,23896;15,18564;https://skolor.orebro.se/adolfsbergsskolan.html
26823670;Adolfsbergsskolan F-9 resursskola;Kommunal;Örebro kommun;förskoleklass (0), grundskola (1-9);Halltorpsvägen 11-13 Örebro;59,23897;15,18569;https://skolor.orebro.se/adolfsbergsskolan.html
72071234;Affärsgymnasiet Örebro;Fristående;Edukatus Alliance AB;gymnasieskola;Östra Nobelgatan 9 Örebro;59,27883;15,21512;http://www.affarsgymnasiet.se
20662016;Almbro skola;Kommunal;Örebro kommun;förskoleklass (0), grundskola (1-5);Forngårdsvägen 1 Örebro;59,19339;15,24702;http://www.orebro.se/almbroskola
22049573;Almby skola F-9;Kommunal;Örebro kommun;förskoleklass (0), grundskola (1-9), anpassad grundskola (1-9);Prostvägen 10A Örebro;59,25994;15,24552;http://www.orebro.se/skolor/almbyskola
65667634;Anpassad gymnasieskola;Kommunal;Örebro kommun;anpassad gymnasieskola;Tullängsgatan 7 Örebro;59,26011;15,20707;http://www.orebro.se/tullangsgymnasiet
19058719;Anpassad gymnasieskola DH;Kommunal;Örebro kommun;anpassad gymnasieskola;Tullängsgatan 7 Örebro;59,26008;15,20711;http://www.orebro.se/tullangsgymnasiet
30738069;Askers skola;Kommunal;Örebro kommun;förskoleklass (0), grundskola (1-3);Askers Kyrkväg 4 Odensbacken;59,15022;15,47156;http://www.orebro.se/askersskola
26642139;Birgittaskolan;Specialskola;Specialpedagogiska Skolmyndigheten;förskoleklass (0), specialskola (1-10);Lagmansgatan 19 Örebro;59,26805;15,23277;http://www.spsm.se/birgittaskolan
61730546;Björkhagaskolan;Kommunal;Örebro kommun;förskoleklass (0), grundskola (1-3);Frimärksgatan 2 Örebro;59,2861;15,14884;http://www.orebro.se/bjorkhagaskolan
43531553;Brickebackens anpassade grundskola;Kommunal;Örebro kommun;anpassad grundskola (1-9);Björkrisvägen 18 Örebro;59,23906;15,24254;http://www.orebro.se/brickebackensskolaf_3
52031697;Brickebackens skola;Kommunal;Örebro kommun;förskoleklass (0), grundskola (1-6);Björkrisvägen 18 Örebro;59,23906;15,24254;http://www.orebro.se/brickebackensskolaf_3
97446503;Brickebackens skola resursskola;Kommunal;Örebro kommun;förskoleklass (0), grundskola (1-6);Björkrisvägen 18 Örebro;59,23907;15,24255;https://skolor.orebro.se/brickebackensskola.html
30929461;Brukets skola;Kommunal;Örebro kommun;förskoleklass (0), grundskola (1-3);Lertagsgatan 12 Örebro;59,28144;15,18895;http://www.orebro.se/bruketsskola
50047434;Brunnsskolan;Kommunal;Örebro kommun;förskoleklass (0), grundskola (1-6);Brunnsgärdesgatan 14 Örebro;59,245;15,16615;http://www.orebro.se/brunnsskolan
82801230;Drakenbergsskolan;Kommunal;Örebro kommun;förskoleklass (0), grundskola (1-6);Drakenbergsgatan 77 Örebro;59,25699;15,23429;https://skolor.orebro.se/drakenbergsskolan
64648566;Drottning Blankas Gymnasieskola Örebro;Fristående;DBGY Juvelen AB;gymnasieskola;Västra Bangatan 21 Örebro;59,27643;15,2084;https://drottningblanka.se/
40415044;EFF;Kommunal;Örebro kommun;grundskola (1-9);Wadköpingsvägen 19 Örebro;59,27194;15,23696;
67959518;Ekeskolan;Specialskola;Specialpedagogiska Skolmyndigheten;specialskola (2-10);Eriksbergsgatan 3 Örebro;59,239;15,16725;http://www.spsm.se/ekeskolan
82807694;Engelbrektsskolan;Kommunal;Örebro kommun;grundskola (4-9), anpassad grundskola (7-9);Wadköpingsvägen 15 Örebro;59,27246;15,23784;http://www.orebro.se/engelbrektsskolan
76192118;Entréskolan Örebro;Fristående;Amisgo AB;grundskola (4-9);Hagagatan 51 A Örebro;59,27042;15,16981;http://www.entreskolan.se
40703394;Ervalla skola;Kommunal;Örebro kommun;förskoleklass (0), grundskola (1-6);Frövivägen 4 Ervalla;59,43796;15,2407;http://www.orebro.se/ervallaskola
98267471;Fridhems friskola;Fristående;Fridhems Friskolas Ekonomiska Förening;förskoleklass (0), grundskola (1-5);Hidingsta 549 Örebro;59,2162;15,34502;http://www.fridhemsskolan.se
35718563;Fyren Ekalmens skola;Fristående;Fyren Ekalmen AB;förskoleklass (0), grundskola (1-6);Braxenvägen 5 Örebro;59,26159;15,32721;http://www.fyrenekalmen.se
88115091;Föräldrakoop. Tysslinge skola;Fristående;Föräldrakooperativet Tysslinge Skola, Ekonomisk Förening;förskoleklass (0), grundskola (1-6);Tysslinge 256 Vintrosa;59,28499;15,02064;http://www.tysslingefriskola.se
89477947;Garphyttans skola;Kommunal;Örebro kommun;förskoleklass (0), grundskola (1-6);Tysslingevägen 2 Garphyttan;59,30331;14,94934;http://www.orebro.se/garphyttansskola
17183375;Glanshammars skola;Kommunal;Örebro kommun;förskoleklass (0), grundskola (1-6);Skolvägen 1 Glanshammar;59,31988;15,39964;http://www.orebro.se/glanshammarsskola
36409468;Grenadjärskolan;Fristående;Stiftelsen Grenadjärskolan;förskoleklass (0), grundskola (1-9);Pionjärgatan 3 Örebro;59,2838;15,2393;http://www.grenadjarskolan.se
49739986;Grillska Gymnasiet Örebro;Fristående;Stadsmissionens Skolstiftelse;gymnasieskola;Bettorpsgatan 12 Örebro;59,3021;15,23112;https://grillska.se/grillska-gymnasiet-orebro
74902204;Gumaeliusskolan;Kommunal;Örebro kommun;grundskola (7-9);Karlslundsgatan 32 Örebro;59,27508;15,19679;http://www.orebro.se/gumaeliusskolan
15527821;Gumaeliusskolan resursskola;Kommunal;Örebro kommun;grundskola (7-9);Karlslundsgatan 32–40 Örebro;59,2735;15,20182;https://skolor.orebro.se/gumaeliusskolan.html
17643323;Hagaskolan;Kommunal;Örebro kommun;förskoleklass (0), grundskola (1-6);Blåmesvägen 1 Örebro;59,27854;15,1704;http://www.orebro.se/hagaskolan
57519823;Hampetorps skola;Kommunal;Örebro kommun;förskoleklass (0), grundskola (1-6);Sjömansvägen 1 Odensbacken;59,13752;15,66645;http://www.orebro.se/hampetorpsskola
13390547;Hannaskolan;Fristående;Stiftelsen Hannaskolan;förskoleklass (0), grundskola (1-9);Egnahemsgatan 2 Örebro;59,2752;15,19422;http://www.hannaskolan.nu
18382183;Hovstaskolan F-6;Kommunal;Örebro kommun;förskoleklass (0), grundskola (1-6);Lundhagsvägen 5 Örebro;59,34507;15,23273;https://skolor.orebro.se/hovstaskolan.html
29237698;International School of Örebro;Kommunal;Örebro kommun;grundskola (5-9);Wadköpingsvägen 15 Örebro;59,27253;15,23901;
23908629;Internationella Engelska Skolan Örebro;Fristående;Internationella Engelska Skolan i Sverige AB;grundskola (4-9);Hagmarksgatan 39 Örebro;59,26497;15,23466;http://www.engelska.se
39827453;Introduktionsprogrammen;Kommunal;Örebro kommun;gymnasieskola;Fabriksgatan 52 Örebro;59,26665;15,20042;http://www.orebro.se/virginska%20gymnasiet
48616914;JENSEN grundskola Ormesta;Fristående;Jensen Education College AB;förskoleklass (0), grundskola (1-6);Lilla Nygatan 13 Stockholm;59,3238;18,06876;www.jensengrundskola.se
94248837;JENSEN grundskola Örebro;Fristående;Jensen Education College AB;grundskola (4-9);Södra Allén 43 Örebro;59,26434;15,20892;http://www.jensengrundskola.se/orebro
92192566;JENSEN Gymnasium Örebro;Fristående;Jensen Education College AB;gymnasieskola;Kungsgatan 4 Örebro;59,27218;15,21527;http://www.jensengymnasium.se/orebro
11909268;Johannaskolan Örebro Waldorfskola;Fristående;Stiftelsen Johannaskolan, Örebro Waldorfskola;förskoleklass (0), grundskola (1-9);Glomman 94 Örebro;59,24271;15,19515;http://www.orebrowaldorfskola.se
91287311;Karlslundsskolan;Fristående;Karlslunds IF FK;förskoleklass (0), grundskola (1-6);Hagagatan 57 Örebro;59,27065;15,16288;http://www.karlslundsskolan.se
17482735;Karolinska gymnasiet ES;Kommunal;Örebro kommun;gymnasieskola;Olaigatan 25 Örebro;59,27462;15,21807;https://gymnasieskolor.orebro.se/karolinskagymnasiet
83979426;Karolinska gymnasiet NA;Kommunal;Örebro kommun;gymnasieskola;Olaigatan 25 Örebro;59,27462;15,21807;https://gymnasieskolor.orebro.se/karolinskagymnasiet
49174017;Karolinska gymnasiet NB;Kommunal;Örebro kommun;gymnasieskola;Olaigatan 25 Örebro;59,27462;15,21807;https://gymnasieskolor.orebro.se/karolinskagymnasiet
56956709;Karolinska gymnasiet SA;Kommunal;Örebro kommun;gymnasieskola;Olaigatan 25 Örebro;59,27462;15,21807;https://gymnasieskolor.orebro.se/karolinskagymnasiet
76018506;Kunskapsskolan Örebro;Fristående;Kunskapsskolan i Sverige Aktiebolag;grundskola (4-9);Åstadalsvägen 4 Örebro;59,25145;15,24261;https://www.kunskapsskolan.se/skolor/orebro
66004397;Latorps skola;Kommunal;Örebro kommun;förskoleklass (0), grundskola (1-3);Åsvägen 17 Vintrosa;59,27649;14,98523;http://www.orebro.se/latorpsskola
94207720;LBS Kreativa Gymnasiet Örebro;Fristående;LBS Kreativa Gymnasiet AB;gymnasieskola;Rudbecksgatan 56 Örebro;59,2665;15,22738;http://www.lbs.se
11213147;LIA-skolan Örebro;Fristående;LIA-Skolan Örebro AB;anpassad gymnasieskola;Karlsgatan 32D Örebro;59,2775;15,19187;http://www.liagymnasiet.se
26831439;Lillåns skola F-9;Kommunal;Örebro kommun;förskoleklass (0), grundskola (1-9);Kyrkvägen 3-5 Örebro;59,3087;15,23382;https://skolor.orebro.se/lillans-skola
31288135;Lillåns Södra skola;Kommunal;Örebro kommun;förskoleklass (0), grundskola (1-6);Åkervägen 37 Örebro;59,31324;15,23215;http://www.orebro.se/lillanssodraskola
69293291;Lundbyskolan;Kommunal;Örebro kommun;förskoleklass (0), grundskola (1-6);Bärnstensvägen 4 Örebro;59,30914;15,18659;http://www.orebro.se/lundbyskolan
27319904;Magelungens Grundskola Örebro;Fristående;Magelungen Utveckling AB;grundskola (4-9);Skolgatan 26 /Magelungen Örebro;59,27526;15,21339;http://www.magelungen.com
49973795;Mariebergsskolan;Kommunal;Örebro kommun;förskoleklass (0), grundskola (1-6);Drottning Kristinas väg 4 Örebro;59,22475;15,15211;http://www.orebro.se/mariebergsskolan
65887080;Mellringeskolan F-9;Kommunal;Örebro kommun;förskoleklass (0), grundskola (1-9);Mellringevägen 120A Örebro;59,29732;15,15852;https://skolor.orebro.se/mellringeskolan.html
64184647;Mellringeskolan F-9 resursskola;Kommunal;Örebro kommun;förskoleklass (0), grundskola (1-9);Mellringevägen 120A Örebro;59,29732;15,15852;https://skolor.orebro.se/mellringeskolan.html
29032881;Mosjö skola;Kommunal;Örebro kommun;förskoleklass (0), grundskola (1-6);Bodekullsvägen 14 Örebro;59,1969;15,15116;http://www.orebro.se/mosjoskola
12248380;Navet;Kommunal;Örebro kommun;grundskola (7-9);Loftbodsgatan 1 Örebro;59,25624;15,21035;http://www.orebro.se/navetsskola
14513548;Norrbyskolan;Kommunal;Örebro kommun;förskoleklass (0), grundskola (1-6);Majorsgatan 7 Örebro;59,28834;15,23542;http://www.orebro.se/norrbyskolan
29225010;NTI Gymnasiet Örebro;Fristående;NTI Gymnasiet Ellips AB;gymnasieskola;Karlsgatan 30 Örebro;59,27788;15,19325;https://www.ntigymnasiet.se/
73709415;Närkes Kils skola;Kommunal;Örebro kommun;förskoleklass (0), grundskola (1-6);Hammarbygatan 4 Örebro;59,37152;15,08654;http://www.orebro.se/narkeskilsskola
66382532;Odenskolan;Kommunal;Örebro kommun;förskoleklass (0), grundskola (1-9);Örebrovägen 27 Odensbacken;59,15763;15,52844;http://www.orebro.se/odenskolan7_9
54364658;Olaus Petriskolan 7-9;Kommunal;Örebro kommun;grundskola (7-9);Oskarsparken 10 Örebro;59,26999;15,21971;http://www.orebro.se/olauspetriskolan
93918784;Olaus Petriskolan F-6;Kommunal;Örebro kommun;förskoleklass (0), grundskola (1-6);Mäster Larsgatan 1 Örebro;59,284;15,22138;http://www.orebro.se/olauspetriskolan
33380258;Olaus Petriskolan F-6 resursskola;Kommunal;Örebro kommun;förskoleklass (0), grundskola (1-6);Mäster Larsgatan 1 Örebro;59,28366;15,22107;https://skolor.orebro.se/opskolan.html
28067210;Pops Academy Karl Johan;Fristående;Pops Academy AB;grundskola (4-9);Älvtomtagatan 56 Örebro;59,28032;15,19632;https://popsacademy.se/karljohan/
18691102;Praktiska Gymnasiet Örebro;Fristående;Praktiska Sverige AB;gymnasieskola;Hagagatan 51 Örebro;59,27031;15,1705;https://praktiska.se/skolor/orebro
70302356;Proffsgymnasiet;Fristående;Proffsgymnasiet Örebro AB;gymnasieskola;Berglundavägen 3B Örebro;59,23855;15,12441;http://www.proffsgymnasiet.se
28482422;Realgymnasiet Örebro;Fristående;Lärande i Sverige AB;gymnasieskola;Aspholmsvägen 4 Örebro;59,26239;15,18953;http://www.realgymnasiet.se
43321733;Riksgymnasiet DH;Kommunal;Örebro kommun;gymnasieskola;Kungsgatan 31 Örebro;59,26847;15,21285;https://gymnasieskolor.orebro.se/riksgymnasiet
18324124;Rostaskolan F-6;Kommunal;Örebro kommun;förskoleklass (0), grundskola (1-6);Otto E Andersens gata 7 Örebro;59,2736;15,18382;http://www.orebro.se/rostaskolan
90561488;Rudbecksgymnasiet EK;Kommunal;Örebro kommun;gymnasieskola;Kungsgatan 31 Örebro;59,26847;15,21285;http://www.orebro.se/rudbecksgymnasiet
40428860;Rudbecksgymnasiet FS;Kommunal;Örebro kommun;gymnasieskola;Kungsgatan 31 Örebro;59,26847;15,21285;http://www.orebro.se/rudbecksgymnasiet
81153809;Rudbecksgymnasiet NA;Kommunal;Örebro kommun;gymnasieskola;Kungsgatan 31 Örebro;59,26847;15,21285;http://www.orebro.se/rudbecksgymnasiet
97247216;Rudbecksgymnasiet SA;Kommunal;Örebro kommun;gymnasieskola;Kungsgatan 31 Örebro;59,26847;15,21285;http://www.orebro.se/rudbecksgymnasiet
75030652;Rudbecksgymnasiet VO;Kommunal;Örebro kommun;gymnasieskola;Kungsgatan 31 Örebro;59,26847;15,21285;http://www.orebro.se/rudbecksgymnasiet
67908927;Rytmus Örebro;Fristående;Rytmus AB;gymnasieskola;Rudbecksgatan 56 Örebro;59,2665;15,22738;http://www.rytmus.se
61320743;Stora Mellösa skola;Kommunal;Örebro kommun;förskoleklass (0), grundskola (1-6);Skolvägen 11 Stora Mellösa;59,21407;15,50074;http://www.orebro.se/storamellosaskola
18025305;Stureskolan;Kommunal;Örebro kommun;förskoleklass (0), grundskola (1-3);Floragatan 5 Örebro;59,27145;15,22465;http://www.orebro.se/stureskolan
68276614;Svealundsskolan;Kommunal;Örebro kommun;förskoleklass (0), grundskola (1-6), anpassad grundskola (1-6);Hagmarksgatan 1 Örebro;59,26298;15,21984;http://orebro.se/svealundsskolan
19204501;Tegnérskolan;Kommunal;Örebro kommun;förskoleklass (0), grundskola (1-3);Ullavigatan 27B Örebro;59,28218;15,204;http://www.orebro.se/tegnerskolan
20699797;Thoren Innovation School Örebro;Fristående;Tekniska Gymnasiet i Sverige AB;gymnasieskola;Stora Nygatan 52 Malmö;55,60346;13,00298;https://www.tekniskagymnasiet.se/
34277789;Tullängsgymnasiet BA;Kommunal;Örebro kommun;gymnasieskola;Tullängsgatan 7 Örebro;59,26011;15,20711;http://www.orebro.se/tullangsgymnasiet
76500381;Tullängsgymnasiet EE;Kommunal;Örebro kommun;gymnasieskola;Tullängsgatan 7 Örebro;59,26011;15,20707;http://www.orebro.se/tullangsgymnasiet
94432887;Tullängsgymnasiet FT;Kommunal;Örebro kommun;gymnasieskola;Tullängsgatan 7 Örebro;59,26012;15,20705;http://www.orebro.se/tullangsgymnasiet
21779531;Tullängsgymnasiet IN;Kommunal;Örebro kommun;gymnasieskola;Tullängsgatan 7 Örebro;59,26025;15,20833;http://www.orebro.se/tullangsgymnasiet
69953983;Tullängsgymnasiet TE;Kommunal;Örebro kommun;gymnasieskola;Tullängsgatan 7 Örebro;59,26011;15,20708;http://www.orebro.se/tullangsgymnasiet
68360133;Tullängsgymnasiet VF;Kommunal;Örebro kommun;gymnasieskola;Tullängsgatan 7 Örebro;59,26011;15,20707;http://www.orebro.se/tullangsgymnasiet
51948478;Tybblelundsskolan;Kommunal;Örebro kommun;förskoleklass (0), grundskola (1-6);Tybblelundsvägen 3 Örebro;59,25473;15,26245;http://orebro.se
19742982;Viktoriaskolan;Fristående;Brickebergskyrkans Skolstiftelse;förskoleklass (0), grundskola (1-9);Granrisvägen 33 Örebro;59,24008;15,2462;http://www.viktoriaskolan.se
38054320;Vintrosa skola;Kommunal;Örebro kommun;förskoleklass (0), grundskola (1-6);Skolgatan 32 Vintrosa;59,25588;14,95234;http://www.orebro.se/vintrosaskola
58889746;Virginska gymnasiet BF;Kommunal;Örebro kommun;gymnasieskola;Fabriksgatan 52 Örebro;59,26665;15,20042;http://www.orebro.se/virginska%20gymnasiet
28423551;Virginska gymnasiet EK;Kommunal;Örebro kommun;gymnasieskola;Fabriksgatan 52 Örebro;59,26665;15,20042;http://www.orebro.se/virginska%20gymnasiet
20120846;Virginska gymnasiet FR;Kommunal;Örebro kommun;gymnasieskola;Fabriksgatan 52 Örebro;59,26665;15,20042;http://www.orebro.se/virginska%20gymnasiet
24004954;Virginska gymnasiet HT;Kommunal;Örebro kommun;gymnasieskola;Fabriksgatan 52 Örebro;59,26665;15,20042;http://www.orebro.se/virginska%20gymnasiet
61267291;Virginska gymnasiet NA;Kommunal;Örebro kommun;gymnasieskola;Fabriksgatan 52 Örebro;59,26665;15,20042;http://www.orebro.se/virginska%20gymnasiet
34790814;Virginska gymnasiet RL;Kommunal;Örebro kommun;gymnasieskola;Fabriksgatan 52 Örebro;59,26665;15,20042;http://www.orebro.se/virginska%20gymnasiet
75153401;Virginska gymnasiet SA;Kommunal;Örebro kommun;gymnasieskola;Fabriksgatan 52 Örebro;59,26665;15,20042;http://www.orebro.se/virginska%20gymnasiet
55597667;Vittra Örebro;Fristående;Vittraskolorna AB;grundskola (6-9);Karlsgatan 30 Örebro;59,27788;15,19326;http://www.vittra.se/orebro/
64644807;Vivallaskolan;Kommunal;Örebro kommun;förskoleklass (0), grundskola (1-6), anpassad grundskola (1-4);Diktargatan 25 Örebro;59,29761;15,18809;https://skolor.orebro.se/vivallaskolan/om-skolan/kontakta-oss.html
57966953;Västra Engelbrektsskolan;Kommunal;Örebro kommun;förskoleklass (0), grundskola (1-9);Hjalmar Bergmans väg 3 Örebro;59,28822;15,20133;http://www.orebro.se/vastraengelbrektsskolan
61540405;Wallerska skolan;Kommunal;Örebro kommun;förskoleklass (0), grundskola (1-6);Färdemansgatan 103 Örebro;59,29345;15,17338;http://www.orebro.se/wallerskaskolan
47692481;Yrkesgymnasiet Örebro;Fristående;Edukatus Alliance AB;gymnasieskola;Stubbengatan 2 Örebro;59,26854;15,17755;http://www.yrkesgymnasiet.se/orebro/
81108513;Änglandaskolan 4-6;Kommunal;Örebro kommun;grundskola (4-6);Termikgatan 101 Örebro;59,25388;15,21011;https://skolor.orebro.se/anglandaskolan.html
20174295;Änglandaskolan F-3;Kommunal;Örebro kommun;förskoleklass (0), grundskola (1-3);Termikgatan 101 Örebro;59,25388;15,21011;https://www.orebro.se/anglandaskolan
71084877;Åsbackaskolan;Specialskola;Specialpedagogiska Skolmyndigheten;förskoleklass (0), specialskola (1-10);Lagmansgatan 19 Örebro;59,26805;15,23277;http://www.spsm.se/asbackaskolan
13824623;Ölmbrotorps skola;Kommunal;Örebro kommun;förskoleklass (0), grundskola (1-6);Skolvägen 4 Dyltabruk;59,3891;15,24573;http://www.orebro.se/wallerskaskolan
