id;forskola;ar;barn;barn_per_arsarbetare;barn_per_grupp;legitimerade_forskollarare_pct
V11E972713;Adolfsbergsskolans Förskola;2025;111;5,7;15,9;51
V11E560200;Allégården;2025;30;4,1;15;47,3
V11E503680;Almby Förskola;2025;52;5;13;50,4
V11E646807;Almgården;2025;33;4,9;16,5;29,6
V11E100823;Alnängarnas Förskola;2025;77;5;15,4;55,6
V11E587170;Askers Förskola;2025;26;3,5;13;54,4
V11E727294;Backagården;2025;43;5,5;14,3;38,7
V11E575499;Basilikan;2025;36;3,8;9;16,2
V11E775852;Beckasinen;2025;46;5,7;15,3;53,7
V11E531767;Bettorps Förskola;2025;75;5;15;46,4
V11E337959;Björkhaga Förskola;2025;44;4,3;14,7;32
V11E669804;Blåklinten;2025;40;4,6;13,3;43,4
V11E984512;Blåmesen;2025;37;4,6;12,3;37,5
V11E353619;Blåsippan;2025;35;5,6;17,5;16,1
V11E342871;Brolyckans Förskola;2025;54;5,1;18;47,6
V11E213807;Brukets Förskola;2025;74;5,2;14,8;47,4
V11E703936;Byggklossen;2025;41;4,6;13,7;24,3
V11E187115;Dibber Kottebo Förskola;2025;74;5,9;14,8;16
V11E254819;Dibber Valpebo Förskola;2025;43;5;14,3;32,7
V11E632517;Dibber Västra Mark Förskola;2025;42;5,4;14;36
V11E721172;Ekebergabacken;2025;73;6,1;18,3;44,5
V11E402197;Ekängens Förskola;2025;88;4,7;17,6;42,1
V11E558948;Emil;2025;52;4,5;17,3;17,2
V11E443787;Emilia;2025;61;3,7;15,3;15,5
V11E715892;Ervalla Förskola;2025;51;5,4;17;49,7
V11E505870;Fantasia;2025;68;4,4;17;31,3
V11E884562;Fasanen;2025;72;4,3;14,4;41,8
V11E769871;Forskaren;2025;42;4,6;14;30,6
V11E444546;Framtidens Förskola;2025;19;6,2;19;90,2
V11E883309;Fridensberg;2025;46;5,3;15,3;51,4
V11E139984;Fridhem Förskola;2025;24;4,2;12;35,4
V11E391977;Fruktgården;2025;21;5,2;10,5;24,7
V11E305758;Fåraherden;2025;32;4,6;16;42,9
V11E439607;Författaren;2025;63;4,3;15,8;46,4
V11E981405;Förskolan Fiskgjusen;2025;83;5,2;16,6;45,4
V11E885446;Förskolan Klätterträdet;2025;47;5;15,7;42,8
V11E589472;Försprånget;2025;30;6,9;15;77
V11E305277;Föräldrakooperativet Ängen;2025;24;4,1;24;39,7
V11E424967;Galaxen;2025;45;4,7;15;60,7
V11E384351;Garphyttans Förskola;2025;80;5,7;16;58,1
V11E114514;Glommagården;2025;70;6,2;17,5;43,2
V11E123122;Grenadjärskolans Förskola;2025;31;5,3;15,5;38,4
V11E146907;Grönvallska Förskolan;2025;51;5,5;17;30,1
V11E742674;Gunghästen;2025;46;3,9;15,3;39,4
V11E605887;Gåsapigan;2025;23;4,1;11,5;32,2
V11E742492;Hagvidson Marieberg;2025;39;5,1;6,5;30,1
V11E534793;Hagvidson Nyponlunden;2025;46;6,8;9,2;47,1
V11E329460;Hanna Förskola;2025;78;4,7;19,5;40,8
V11E927991;Hasselmusen;2025;43;3,7;14,3;32,1
V11E705469;Heimdal;2025;91;5,8;18,2;37,8
V11E418450;Hästskon;2025;75;4,6;15;33
V11E995706;Junibacken;2025;52;5,7;17,3;53,5
V11E842634;Järle Förskola;2025;19;6,3;19;33,3
V11E998280;Kameleonten;2025;50;5,8;16,7;63,4
V11E468169;Karlslunds Förskola;2025;75;5,2;15;42,8
V11E361129;Kastanjegården;2025;68;4,4;17;41,6
V11E818182;Kastanjen;2025;28;5;14;72,6
V11E237379;Killevigge Förskola;2025;26;4,8;8,7;40,2
V11E702108;Klockargården;2025;19;3,3;19;30,4
V11E838499;Klöverängens Förskola;2025;71;4,1;14,2;51,2
V11E928211;Knagglabacke;2025;40;6,9;13,3;69
V11E938318;Kristinaskolans Förskola;2025;56;5,3;18,7;64,3
V11E480635;Kryddgården;2025;49;4,2;12,3;33,9
V11E767247;Kuben;2025;55;4,6;18,3;41,7
V11E831948;Kullen;2025;52;5,8;17,3;55,6
V11E953833;Kårstaängen;2025;60;5,5;15;48,3
V11E849681;Lagan;2025;36;7,2;18;60
V11E949525;Lars Wivallius Förskola;2025;46;4,8;15,3;43
V11E295291;Larsgården;2025;23;4,9;11,5;43
V11E540401;Latorps Förskola;2025;63;5,7;15,8;47,2
V11E444378;Lavendelgården;2025;55;4,4;13,8;50
V11E774951;Leklunden;2025;90;5,8;18;46,2
V11E295895;Leklustan;2025;111;5,1;15,9;42
V11E226453;Lergöken;2025;35;4,5;17,5;36,3
V11E946996;Lillkyrka Förskola;2025;58;4,2;14,5;27,1
V11E768830;Lillstugan;2025;30;4,5;15;41,5
V11E541721;Lillåns Förskola;2025;88;4,7;17,6;62,3
V11E216981;Lindens Förskola;2025;80;4,6;16;47,1
V11E482328;Mariebergs Förskola;2025;158;4,4;17,6;39,2
V11E975315;Marklyckans Förskola;2025;34;5,9;17;52,2
V11E566133;Mejeriet;2025;70;5;17,5;43,1
V11E362581;Mosjö Förskola;2025;55;5,6;18,3;20,2
V11E539186;Murgrönan;2025;36;4,4;18;58,5
V11E897201;Nejlikans Förkola;2025;26;4,3;13;21
V11E480926;Norrstjärnan;2025;115;3,7;14,4;29,8
V11E561042;Nybackens Förskola;2025;21;4,2;21;51
V11E644529;Nyckelpigan;2025;33;5,2;16,5;40,9
V11E189731;Näsby Förskola;2025;69;3,3;13,8;48,3
V11E986494;Opalen;2025;47;4,9;15,7;41,5
V11E386281;Oskarstorgets Förskola;2025;54;5,7;18;57,1
V11E963873;Pepparn;2025;36;6,2;;31
V11E255331;Per Andersgården;2025;48;7,4;16;30,8
V11E385143;Pärlan;2025;49;4,9;16,3;38,6
V11E842070;Regnbågen;2025;89;4,8;17,8;40,8
V11E135251;Ringblomman;2025;86;5,3;17,2;11,8
V11E792921;Rinkaby Förskola;2025;44;6,2;11;52,8
V11E519382;Rynningeåsens Förskola;2025;89;5,5;17,8;59,8
V11E825381;Sagan;2025;42;4,6;14;27,6
V11E678397;Sagogården;2025;65;5,2;16,3;40,2
V11E839714;Satelliten;2025;77;4,8;15,4;58,4
V11E923847;Silva;2025;84;5,3;16,8;50
V11E718363;Sjögården;2025;15;4,2;15;50
V11E637194;Skeppet;2025;95;6,2;19;50,2
V11E385158;Skogsbrynet;2025;88;5,8;17,6;39
V11E442227;Skutan;2025;62;4,7;15,5;58,3
V11E813505;Snökristallens Barnakademi;2025;35;4,8;17,5;69
V11E147998;Solskenet;2025;42;4,9;14;60,3
V11E135247;Sotterngården;2025;12;3,7;12;69,1
V11E511923;Stallbacken;2025;36;5,1;18;57,1
V11E383933;Södra Gården;2025;51;4;12,8;34
V11E931260;Sörgården;2025;33;3,9;16,5;88,2
V11E556659;Tellus;2025;23;5,3;23;42,2
V11E608871;Terra Nova;2025;17;3,8;5,7;62,2
V11E857780;Trollbacken;2025;24;5,1;12;21,1
V11E438971;Tybblelunds Förskola;2025;88;5,8;11;65
V11E350254;Tysslinge Förskola Asken;2025;19;3,7;19;53,9
V11E234396;Törsjö Förskola;2025;90;3,9;18;35
V11E304051;Utforskaren;2025;58;3,2;14,5;42,5
V11E496277;Villekulla;2025;130;5,4;16,3;56,5
V11E765156;Vingens Förskola;2025;37;3,5;12,3;54,6
V11E716430;Vintrosa Förskola;2025;92;5,8;18,4;65,5
V11E512711;Väster Parks Förskola ,Dag,;2025;74;4;14,8;42,1
V11E955316;Växthuset;2025;85;4,6;17;33,2
V11E918984;Wadköpings Förskola;2025;35;4,9;17,5;54,9
V11E967458;Waldorfförskolan Linden;2025;35;4,5;11,7;25,5
V11E749811;Waldorfförskolan Viljan;2025;39;3,6;9,8;0
V11E167621;Ädelstenen;2025;50;4,7;12,5;52,7
V11E462566;Änglagård;2025;54;6,6;18;41,5
V11E289255;Änglunda;2025;12;6;12;0
V11E432560;Äventyret;2025;106;5;17,7;43,8
V11E170303;Ökna Förskola;2025;67;5,2;16,8;53,8
V11E329430;Österängens Förskola;2025;65;4,3;16,3;59
