skolenhetskod;skola;enkat;termin;fraga;varde
47684564;Adolfsbergsskolan 7-9;elever_ak8;VT25;svar;141
47684564;Adolfsbergsskolan 7-9;elever_ak8;VT25;nojd;58
47684564;Adolfsbergsskolan 7-9;elever_ak8;VT25;trygg;80
47684564;Adolfsbergsskolan 7-9;elever_ak8;VT25;stod;56
47684564;Adolfsbergsskolan 7-9;elever_ak8;VT25;arbetsro;32
47684564;Adolfsbergsskolan 7-9;elever_ak8;VT25;intresse;19
47684564;Adolfsbergsskolan 7-9;vh_gr;VT25;svar;132
47684564;Adolfsbergsskolan 7-9;vh_gr;VT25;nojd;73
47684564;Adolfsbergsskolan 7-9;vh_gr;VT25;trygg;74
47684564;Adolfsbergsskolan 7-9;vh_gr;VT25;stod;63
47684564;Adolfsbergsskolan 7-9;vh_gr;VT25;arbetsro;33
47684564;Adolfsbergsskolan 7-9;vh_gr;VT25;intresse;43
28337496;Adolfsbergsskolan F-6;elever_ak5;VT25;svar;48
28337496;Adolfsbergsskolan F-6;elever_ak5;VT25;nojd;88
28337496;Adolfsbergsskolan F-6;elever_ak5;VT25;trygg;85
28337496;Adolfsbergsskolan F-6;elever_ak5;VT25;stod;90
28337496;Adolfsbergsskolan F-6;elever_ak5;VT25;arbetsro;63
28337496;Adolfsbergsskolan F-6;elever_ak5;VT25;intresse;46
28337496;Adolfsbergsskolan F-6;vh_gr;VT25;svar;83
28337496;Adolfsbergsskolan F-6;vh_gr;VT25;nojd;92
28337496;Adolfsbergsskolan F-6;vh_gr;VT25;trygg;94
28337496;Adolfsbergsskolan F-6;vh_gr;VT25;stod;85
28337496;Adolfsbergsskolan F-6;vh_gr;VT25;arbetsro;64
28337496;Adolfsbergsskolan F-6;vh_gr;VT25;intresse;81
72071234;Affärsgymnasiet Örebro;elever_gy2;VT26;svar;139
72071234;Affärsgymnasiet Örebro;elever_gy2;VT26;nojd;68
72071234;Affärsgymnasiet Örebro;elever_gy2;VT26;trygg;82
72071234;Affärsgymnasiet Örebro;elever_gy2;VT26;stod;59
72071234;Affärsgymnasiet Örebro;elever_gy2;VT26;arbetsro;29
72071234;Affärsgymnasiet Örebro;elever_gy2;VT26;intresse;23
20662016;Almbro skola;elever_ak5;VT25;svar;21
20662016;Almbro skola;elever_ak5;VT25;nojd;29
20662016;Almbro skola;elever_ak5;VT25;trygg;48
20662016;Almbro skola;elever_ak5;VT25;stod;43
20662016;Almbro skola;elever_ak5;VT25;arbetsro;29
20662016;Almbro skola;elever_ak5;VT25;intresse;29
22049573;Almby skola F-9;elever_ak5;VT25;svar;80
22049573;Almby skola F-9;elever_ak5;VT25;nojd;84
22049573;Almby skola F-9;elever_ak5;VT25;trygg;92
22049573;Almby skola F-9;elever_ak5;VT25;stod;79
22049573;Almby skola F-9;elever_ak5;VT25;arbetsro;46
22049573;Almby skola F-9;elever_ak5;VT25;intresse;26
22049573;Almby skola F-9;elever_ak8;VT25;svar;117
22049573;Almby skola F-9;elever_ak8;VT25;nojd;78
22049573;Almby skola F-9;elever_ak8;VT25;trygg;82
22049573;Almby skola F-9;elever_ak8;VT25;stod;72
22049573;Almby skola F-9;elever_ak8;VT25;arbetsro;60
22049573;Almby skola F-9;elever_ak8;VT25;intresse;21
22049573;Almby skola F-9;vh_fsk;VT25;svar;20
22049573;Almby skola F-9;vh_fsk;VT25;nojd;100
22049573;Almby skola F-9;vh_fsk;VT25;trygg;100
22049573;Almby skola F-9;vh_fsk;VT25;stod;50
22049573;Almby skola F-9;vh_fsk;VT25;arbetsro;80
22049573;Almby skola F-9;vh_fsk;VT25;intresse;60
22049573;Almby skola F-9;vh_gr;VT25;svar;108
22049573;Almby skola F-9;vh_gr;VT25;nojd;93
22049573;Almby skola F-9;vh_gr;VT25;trygg;83
22049573;Almby skola F-9;vh_gr;VT25;stod;79
22049573;Almby skola F-9;vh_gr;VT25;arbetsro;49
22049573;Almby skola F-9;vh_gr;VT25;intresse;67
61730546;Björkhagaskolan;vh_gr;VT25;svar;42
61730546;Björkhagaskolan;vh_gr;VT25;nojd;71
61730546;Björkhagaskolan;vh_gr;VT25;trygg;85
61730546;Björkhagaskolan;vh_gr;VT25;stod;55
61730546;Björkhagaskolan;vh_gr;VT25;arbetsro;76
61730546;Björkhagaskolan;vh_gr;VT25;intresse;85
52031697;Brickebackens skola;elever_ak5;VT25;svar;34
52031697;Brickebackens skola;elever_ak5;VT25;nojd;73
52031697;Brickebackens skola;elever_ak5;VT25;trygg;91
52031697;Brickebackens skola;elever_ak5;VT25;stod;82
52031697;Brickebackens skola;elever_ak5;VT25;arbetsro;15
52031697;Brickebackens skola;elever_ak5;VT25;intresse;59
52031697;Brickebackens skola;vh_gr;VT25;svar;21
52031697;Brickebackens skola;vh_gr;VT25;nojd;77
52031697;Brickebackens skola;vh_gr;VT25;trygg;48
52031697;Brickebackens skola;vh_gr;VT25;stod;67
52031697;Brickebackens skola;vh_gr;VT25;arbetsro;43
52031697;Brickebackens skola;vh_gr;VT25;intresse;91
50047434;Brunnsskolan;elever_ak5;VT25;svar;63
50047434;Brunnsskolan;elever_ak5;VT25;nojd;81
50047434;Brunnsskolan;elever_ak5;VT25;trygg;57
50047434;Brunnsskolan;elever_ak5;VT25;stod;94
50047434;Brunnsskolan;elever_ak5;VT25;arbetsro;18
50047434;Brunnsskolan;elever_ak5;VT25;intresse;29
50047434;Brunnsskolan;vh_fsk;VT25;svar;33
50047434;Brunnsskolan;vh_fsk;VT25;nojd;64
50047434;Brunnsskolan;vh_fsk;VT25;trygg;82
50047434;Brunnsskolan;vh_fsk;VT25;stod;66
50047434;Brunnsskolan;vh_fsk;VT25;arbetsro;63
50047434;Brunnsskolan;vh_fsk;VT25;intresse;85
50047434;Brunnsskolan;vh_gr;VT25;svar;170
50047434;Brunnsskolan;vh_gr;VT25;nojd;80
50047434;Brunnsskolan;vh_gr;VT25;trygg;76
50047434;Brunnsskolan;vh_gr;VT25;stod;68
50047434;Brunnsskolan;vh_gr;VT25;arbetsro;38
50047434;Brunnsskolan;vh_gr;VT25;intresse;66
82801230;Drakenbergsskolan;elever_ak5;VT25;svar;39
82801230;Drakenbergsskolan;elever_ak5;VT25;nojd;67
82801230;Drakenbergsskolan;elever_ak5;VT25;trygg;79
82801230;Drakenbergsskolan;elever_ak5;VT25;stod;80
82801230;Drakenbergsskolan;elever_ak5;VT25;arbetsro;49
82801230;Drakenbergsskolan;elever_ak5;VT25;intresse;49
82801230;Drakenbergsskolan;vh_gr;VT25;svar;121
82801230;Drakenbergsskolan;vh_gr;VT25;nojd;78
82801230;Drakenbergsskolan;vh_gr;VT25;trygg;81
82801230;Drakenbergsskolan;vh_gr;VT25;stod;70
82801230;Drakenbergsskolan;vh_gr;VT25;arbetsro;36
82801230;Drakenbergsskolan;vh_gr;VT25;intresse;67
64648566;Drottning Blankas Gymnasieskola Örebro;elever_gy2;VT25;svar;71
64648566;Drottning Blankas Gymnasieskola Örebro;elever_gy2;VT25;nojd;62
64648566;Drottning Blankas Gymnasieskola Örebro;elever_gy2;VT25;trygg;72
64648566;Drottning Blankas Gymnasieskola Örebro;elever_gy2;VT25;stod;60
64648566;Drottning Blankas Gymnasieskola Örebro;elever_gy2;VT25;arbetsro;31
64648566;Drottning Blankas Gymnasieskola Örebro;elever_gy2;VT25;intresse;27
82807694;Engelbrektsskolan;elever_ak5;VT25;svar;31
82807694;Engelbrektsskolan;elever_ak5;VT25;nojd;74
82807694;Engelbrektsskolan;elever_ak5;VT25;trygg;80
82807694;Engelbrektsskolan;elever_ak5;VT25;stod;84
82807694;Engelbrektsskolan;elever_ak5;VT25;arbetsro;23
82807694;Engelbrektsskolan;elever_ak5;VT25;intresse;36
82807694;Engelbrektsskolan;elever_ak8;VT25;svar;137
82807694;Engelbrektsskolan;elever_ak8;VT25;nojd;65
82807694;Engelbrektsskolan;elever_ak8;VT25;trygg;82
82807694;Engelbrektsskolan;elever_ak8;VT25;stod;64
82807694;Engelbrektsskolan;elever_ak8;VT25;arbetsro;34
82807694;Engelbrektsskolan;elever_ak8;VT25;intresse;16
82807694;Engelbrektsskolan;vh_gr;VT25;svar;40
82807694;Engelbrektsskolan;vh_gr;VT25;nojd;73
82807694;Engelbrektsskolan;vh_gr;VT25;trygg;48
82807694;Engelbrektsskolan;vh_gr;VT25;stod;43
82807694;Engelbrektsskolan;vh_gr;VT25;arbetsro;40
82807694;Engelbrektsskolan;vh_gr;VT25;intresse;58
76192118;Entréskolan Örebro;elever_ak5;VT26;svar;22
76192118;Entréskolan Örebro;elever_ak5;VT26;nojd;36
76192118;Entréskolan Örebro;elever_ak5;VT26;trygg;27
76192118;Entréskolan Örebro;elever_ak5;VT26;stod;41
76192118;Entréskolan Örebro;elever_ak5;VT26;arbetsro;0
76192118;Entréskolan Örebro;elever_ak5;VT26;intresse;0
76192118;Entréskolan Örebro;elever_ak8;VT26;svar;34
76192118;Entréskolan Örebro;elever_ak8;VT26;nojd;68
76192118;Entréskolan Örebro;elever_ak8;VT26;trygg;88
76192118;Entréskolan Örebro;elever_ak8;VT26;stod;62
76192118;Entréskolan Örebro;elever_ak8;VT26;arbetsro;32
76192118;Entréskolan Örebro;elever_ak8;VT26;intresse;0
76192118;Entréskolan Örebro;vh_gr;VT26;svar;49
76192118;Entréskolan Örebro;vh_gr;VT26;nojd;51
76192118;Entréskolan Örebro;vh_gr;VT26;trygg;78
76192118;Entréskolan Örebro;vh_gr;VT26;stod;37
76192118;Entréskolan Örebro;vh_gr;VT26;arbetsro;20
76192118;Entréskolan Örebro;vh_gr;VT26;intresse;41
35718563;Fyren Ekalmens skola;elever_ak5;VT25;svar;41
35718563;Fyren Ekalmens skola;elever_ak5;VT25;nojd;90
35718563;Fyren Ekalmens skola;elever_ak5;VT25;trygg;76
35718563;Fyren Ekalmens skola;elever_ak5;VT25;stod;95
35718563;Fyren Ekalmens skola;elever_ak5;VT25;arbetsro;54
35718563;Fyren Ekalmens skola;elever_ak5;VT25;intresse;54
35718563;Fyren Ekalmens skola;vh_gr;VT25;svar;74
35718563;Fyren Ekalmens skola;vh_gr;VT25;nojd;87
35718563;Fyren Ekalmens skola;vh_gr;VT25;trygg;85
35718563;Fyren Ekalmens skola;vh_gr;VT25;stod;78
35718563;Fyren Ekalmens skola;vh_gr;VT25;arbetsro;49
35718563;Fyren Ekalmens skola;vh_gr;VT25;intresse;70
88115091;Föräldrakoop. Tysslinge skola;vh_gr;VT25;svar;31
88115091;Föräldrakoop. Tysslinge skola;vh_gr;VT25;nojd;84
88115091;Föräldrakoop. Tysslinge skola;vh_gr;VT25;trygg;45
88115091;Föräldrakoop. Tysslinge skola;vh_gr;VT25;stod;84
88115091;Föräldrakoop. Tysslinge skola;vh_gr;VT25;arbetsro;52
88115091;Föräldrakoop. Tysslinge skola;vh_gr;VT25;intresse;74
89477947;Garphyttans skola;elever_ak5;VT25;svar;26
89477947;Garphyttans skola;elever_ak5;VT25;nojd;66
89477947;Garphyttans skola;elever_ak5;VT25;trygg;78
89477947;Garphyttans skola;elever_ak5;VT25;stod;66
89477947;Garphyttans skola;elever_ak5;VT25;arbetsro;23
89477947;Garphyttans skola;elever_ak5;VT25;intresse;27
89477947;Garphyttans skola;vh_gr;VT25;svar;33
89477947;Garphyttans skola;vh_gr;VT25;nojd;61
89477947;Garphyttans skola;vh_gr;VT25;trygg;73
89477947;Garphyttans skola;vh_gr;VT25;stod;73
89477947;Garphyttans skola;vh_gr;VT25;arbetsro;27
89477947;Garphyttans skola;vh_gr;VT25;intresse;64
17183375;Glanshammars skola;elever_ak5;VT25;svar;26
17183375;Glanshammars skola;elever_ak5;VT25;nojd;35
17183375;Glanshammars skola;elever_ak5;VT25;trygg;62
17183375;Glanshammars skola;elever_ak5;VT25;stod;42
17183375;Glanshammars skola;elever_ak5;VT25;arbetsro;0
17183375;Glanshammars skola;elever_ak5;VT25;intresse;0
17183375;Glanshammars skola;vh_gr;VT25;svar;26
17183375;Glanshammars skola;vh_gr;VT25;nojd;62
17183375;Glanshammars skola;vh_gr;VT25;trygg;50
17183375;Glanshammars skola;vh_gr;VT25;stod;77
17183375;Glanshammars skola;vh_gr;VT25;arbetsro;58
17183375;Glanshammars skola;vh_gr;VT25;intresse;58
36409468;Grenadjärskolan;elever_ak5;VT25;svar;23
36409468;Grenadjärskolan;elever_ak5;VT25;nojd;65
36409468;Grenadjärskolan;elever_ak5;VT25;trygg;87
36409468;Grenadjärskolan;elever_ak5;VT25;stod;74
36409468;Grenadjärskolan;elever_ak5;VT25;arbetsro;48
36409468;Grenadjärskolan;elever_ak5;VT25;intresse;22
36409468;Grenadjärskolan;vh_gr;VT25;svar;143
36409468;Grenadjärskolan;vh_gr;VT25;nojd;92
36409468;Grenadjärskolan;vh_gr;VT25;trygg;93
36409468;Grenadjärskolan;vh_gr;VT25;stod;85
36409468;Grenadjärskolan;vh_gr;VT25;arbetsro;59
36409468;Grenadjärskolan;vh_gr;VT25;intresse;72
49739986;Grillska Gymnasiet Örebro;elever_gy2;VT26;svar;112
49739986;Grillska Gymnasiet Örebro;elever_gy2;VT26;nojd;79
49739986;Grillska Gymnasiet Örebro;elever_gy2;VT26;trygg;84
49739986;Grillska Gymnasiet Örebro;elever_gy2;VT26;stod;78
49739986;Grillska Gymnasiet Örebro;elever_gy2;VT26;arbetsro;59
49739986;Grillska Gymnasiet Örebro;elever_gy2;VT26;intresse;42
74902204;Gumaeliusskolan;elever_ak8;VT25;svar;191
74902204;Gumaeliusskolan;elever_ak8;VT25;nojd;70
74902204;Gumaeliusskolan;elever_ak8;VT25;trygg;82
74902204;Gumaeliusskolan;elever_ak8;VT25;stod;61
74902204;Gumaeliusskolan;elever_ak8;VT25;arbetsro;37
74902204;Gumaeliusskolan;elever_ak8;VT25;intresse;18
74902204;Gumaeliusskolan;vh_gr;VT25;svar;102
74902204;Gumaeliusskolan;vh_gr;VT25;nojd;85
74902204;Gumaeliusskolan;vh_gr;VT25;trygg;82
74902204;Gumaeliusskolan;vh_gr;VT25;stod;72
74902204;Gumaeliusskolan;vh_gr;VT25;arbetsro;36
74902204;Gumaeliusskolan;vh_gr;VT25;intresse;50
17643323;Hagaskolan;elever_ak5;VT25;svar;48
17643323;Hagaskolan;elever_ak5;VT25;nojd;83
17643323;Hagaskolan;elever_ak5;VT25;trygg;92
17643323;Hagaskolan;elever_ak5;VT25;stod;100
17643323;Hagaskolan;elever_ak5;VT25;arbetsro;52
17643323;Hagaskolan;elever_ak5;VT25;intresse;48
13390547;Hannaskolan;elever_ak5;VT25;svar;26
13390547;Hannaskolan;elever_ak5;VT25;nojd;89
13390547;Hannaskolan;elever_ak5;VT25;trygg;85
13390547;Hannaskolan;elever_ak5;VT25;stod;62
13390547;Hannaskolan;elever_ak5;VT25;arbetsro;39
13390547;Hannaskolan;elever_ak5;VT25;intresse;42
13390547;Hannaskolan;elever_ak8;VT25;svar;30
13390547;Hannaskolan;elever_ak8;VT25;nojd;90
13390547;Hannaskolan;elever_ak8;VT25;trygg;94
13390547;Hannaskolan;elever_ak8;VT25;stod;90
13390547;Hannaskolan;elever_ak8;VT25;arbetsro;37
13390547;Hannaskolan;vh_fsk;VT25;svar;20
13390547;Hannaskolan;vh_fsk;VT25;trygg;100
13390547;Hannaskolan;vh_fsk;VT25;stod;75
13390547;Hannaskolan;vh_fsk;VT25;arbetsro;85
13390547;Hannaskolan;vh_fsk;VT25;intresse;60
13390547;Hannaskolan;vh_gr;VT25;svar;159
13390547;Hannaskolan;vh_gr;VT25;nojd;80
13390547;Hannaskolan;vh_gr;VT25;trygg;93
13390547;Hannaskolan;vh_gr;VT25;stod;88
13390547;Hannaskolan;vh_gr;VT25;arbetsro;69
13390547;Hannaskolan;vh_gr;VT25;intresse;80
18382183;Hovstaskolan F-6;elever_ak5;VT25;svar;41
18382183;Hovstaskolan F-6;elever_ak5;VT25;nojd;68
18382183;Hovstaskolan F-6;elever_ak5;VT25;trygg;79
18382183;Hovstaskolan F-6;elever_ak5;VT25;stod;73
18382183;Hovstaskolan F-6;elever_ak5;VT25;intresse;20
18382183;Hovstaskolan F-6;vh_fsk;VT25;svar;22
18382183;Hovstaskolan F-6;vh_fsk;VT25;nojd;87
18382183;Hovstaskolan F-6;vh_fsk;VT25;trygg;46
18382183;Hovstaskolan F-6;vh_fsk;VT25;stod;87
18382183;Hovstaskolan F-6;vh_fsk;VT25;arbetsro;41
18382183;Hovstaskolan F-6;vh_fsk;VT25;intresse;64
18382183;Hovstaskolan F-6;vh_gr;VT25;svar;120
18382183;Hovstaskolan F-6;vh_gr;VT25;nojd;82
18382183;Hovstaskolan F-6;vh_gr;VT25;trygg;79
18382183;Hovstaskolan F-6;vh_gr;VT25;stod;72
18382183;Hovstaskolan F-6;vh_gr;VT25;arbetsro;41
18382183;Hovstaskolan F-6;vh_gr;VT25;intresse;71
23908629;Internationella Engelska Skolan Örebro;elever_ak5;VT25;svar;55
23908629;Internationella Engelska Skolan Örebro;elever_ak5;VT25;nojd;44
23908629;Internationella Engelska Skolan Örebro;elever_ak5;VT25;trygg;84
23908629;Internationella Engelska Skolan Örebro;elever_ak5;VT25;stod;66
23908629;Internationella Engelska Skolan Örebro;elever_ak5;VT25;arbetsro;36
23908629;Internationella Engelska Skolan Örebro;elever_ak5;VT25;intresse;20
23908629;Internationella Engelska Skolan Örebro;elever_ak8;VT25;svar;100
23908629;Internationella Engelska Skolan Örebro;elever_ak8;VT25;nojd;75
23908629;Internationella Engelska Skolan Örebro;elever_ak8;VT25;trygg;88
23908629;Internationella Engelska Skolan Örebro;elever_ak8;VT25;stod;79
23908629;Internationella Engelska Skolan Örebro;elever_ak8;VT25;arbetsro;53
23908629;Internationella Engelska Skolan Örebro;elever_ak8;VT25;intresse;26
23908629;Internationella Engelska Skolan Örebro;vh_gr;VT25;svar;277
23908629;Internationella Engelska Skolan Örebro;vh_gr;VT25;nojd;90
23908629;Internationella Engelska Skolan Örebro;vh_gr;VT25;trygg;90
23908629;Internationella Engelska Skolan Örebro;vh_gr;VT25;stod;85
23908629;Internationella Engelska Skolan Örebro;vh_gr;VT25;arbetsro;67
23908629;Internationella Engelska Skolan Örebro;vh_gr;VT25;intresse;72
94248837;JENSEN grundskola Örebro;elever_ak5;VT26;svar;28
94248837;JENSEN grundskola Örebro;elever_ak5;VT26;nojd;54
94248837;JENSEN grundskola Örebro;elever_ak5;VT26;trygg;82
94248837;JENSEN grundskola Örebro;elever_ak5;VT26;stod;75
94248837;JENSEN grundskola Örebro;elever_ak5;VT26;arbetsro;54
94248837;JENSEN grundskola Örebro;elever_ak5;VT26;intresse;50
94248837;JENSEN grundskola Örebro;elever_ak8;VT26;svar;52
94248837;JENSEN grundskola Örebro;elever_ak8;VT26;nojd;60
94248837;JENSEN grundskola Örebro;elever_ak8;VT26;trygg;90
94248837;JENSEN grundskola Örebro;elever_ak8;VT26;stod;69
94248837;JENSEN grundskola Örebro;elever_ak8;VT26;arbetsro;63
94248837;JENSEN grundskola Örebro;elever_ak8;VT26;intresse;15
92192566;JENSEN Gymnasium Örebro;elever_gy2;VT26;svar;64
92192566;JENSEN Gymnasium Örebro;elever_gy2;VT26;nojd;69
92192566;JENSEN Gymnasium Örebro;elever_gy2;VT26;trygg;80
92192566;JENSEN Gymnasium Örebro;elever_gy2;VT26;stod;78
92192566;JENSEN Gymnasium Örebro;elever_gy2;VT26;arbetsro;78
92192566;JENSEN Gymnasium Örebro;elever_gy2;VT26;intresse;42
11909268;Johannaskolan Örebro Waldorfskola;elever_ak8;VT25;svar;21
11909268;Johannaskolan Örebro Waldorfskola;elever_ak8;VT25;nojd;48
11909268;Johannaskolan Örebro Waldorfskola;elever_ak8;VT25;trygg;57
11909268;Johannaskolan Örebro Waldorfskola;elever_ak8;VT25;stod;38
11909268;Johannaskolan Örebro Waldorfskola;elever_ak8;VT25;arbetsro;48
11909268;Johannaskolan Örebro Waldorfskola;elever_ak8;VT25;intresse;33
11909268;Johannaskolan Örebro Waldorfskola;vh_gr;VT25;svar;54
11909268;Johannaskolan Örebro Waldorfskola;vh_gr;VT25;nojd;84
11909268;Johannaskolan Örebro Waldorfskola;vh_gr;VT25;trygg;87
11909268;Johannaskolan Örebro Waldorfskola;vh_gr;VT25;stod;69
11909268;Johannaskolan Örebro Waldorfskola;vh_gr;VT25;arbetsro;43
11909268;Johannaskolan Örebro Waldorfskola;vh_gr;VT25;intresse;59
91287311;Karlslundsskolan;elever_ak5;VT25;svar;23
91287311;Karlslundsskolan;elever_ak5;VT25;nojd;70
91287311;Karlslundsskolan;elever_ak5;VT25;trygg;79
91287311;Karlslundsskolan;elever_ak5;VT25;stod;52
91287311;Karlslundsskolan;elever_ak5;VT25;intresse;26
91287311;Karlslundsskolan;vh_fsk;VT25;svar;22
91287311;Karlslundsskolan;vh_fsk;VT25;nojd;46
91287311;Karlslundsskolan;vh_fsk;VT25;trygg;50
91287311;Karlslundsskolan;vh_fsk;VT25;stod;36
91287311;Karlslundsskolan;vh_fsk;VT25;arbetsro;41
91287311;Karlslundsskolan;vh_fsk;VT25;intresse;78
91287311;Karlslundsskolan;vh_gr;VT25;svar;105
91287311;Karlslundsskolan;vh_gr;VT25;nojd;94
91287311;Karlslundsskolan;vh_gr;VT25;trygg;92
91287311;Karlslundsskolan;vh_gr;VT25;stod;91
91287311;Karlslundsskolan;vh_gr;VT25;arbetsro;63
91287311;Karlslundsskolan;vh_gr;VT25;intresse;82
76018506;Kunskapsskolan Örebro;elever_ak8;VT25;svar;104
76018506;Kunskapsskolan Örebro;elever_ak8;VT25;nojd;71
76018506;Kunskapsskolan Örebro;elever_ak8;VT25;trygg;81
76018506;Kunskapsskolan Örebro;elever_ak8;VT25;stod;63
76018506;Kunskapsskolan Örebro;elever_ak8;VT25;arbetsro;55
76018506;Kunskapsskolan Örebro;elever_ak8;VT25;intresse;14
76018506;Kunskapsskolan Örebro;vh_gr;VT25;svar;120
76018506;Kunskapsskolan Örebro;vh_gr;VT25;nojd;95
76018506;Kunskapsskolan Örebro;vh_gr;VT25;trygg;88
76018506;Kunskapsskolan Örebro;vh_gr;VT25;stod;81
76018506;Kunskapsskolan Örebro;vh_gr;VT25;arbetsro;58
76018506;Kunskapsskolan Örebro;vh_gr;VT25;intresse;59
94207720;LBS Kreativa Gymnasiet Örebro;elever_gy2;VT26;svar;29
94207720;LBS Kreativa Gymnasiet Örebro;elever_gy2;VT26;nojd;83
94207720;LBS Kreativa Gymnasiet Örebro;elever_gy2;VT26;trygg;66
94207720;LBS Kreativa Gymnasiet Örebro;elever_gy2;VT26;stod;79
94207720;LBS Kreativa Gymnasiet Örebro;elever_gy2;VT26;arbetsro;66
94207720;LBS Kreativa Gymnasiet Örebro;elever_gy2;VT26;intresse;31
26831439;Lillåns skola F-9;elever_ak5;VT25;svar;48
26831439;Lillåns skola F-9;elever_ak5;VT25;nojd;88
26831439;Lillåns skola F-9;elever_ak5;VT25;trygg;56
26831439;Lillåns skola F-9;elever_ak5;VT25;stod;87
26831439;Lillåns skola F-9;elever_ak5;VT25;arbetsro;38
26831439;Lillåns skola F-9;elever_ak5;VT25;intresse;13
26831439;Lillåns skola F-9;elever_ak8;VT25;svar;160
26831439;Lillåns skola F-9;elever_ak8;VT25;nojd;63
26831439;Lillåns skola F-9;elever_ak8;VT25;trygg;87
26831439;Lillåns skola F-9;elever_ak8;VT25;stod;67
26831439;Lillåns skola F-9;elever_ak8;VT25;arbetsro;53
26831439;Lillåns skola F-9;elever_ak8;VT25;intresse;14
26831439;Lillåns skola F-9;vh_gr;VT25;svar;118
26831439;Lillåns skola F-9;vh_gr;VT25;nojd;77
26831439;Lillåns skola F-9;vh_gr;VT25;trygg;80
26831439;Lillåns skola F-9;vh_gr;VT25;stod;66
26831439;Lillåns skola F-9;vh_gr;VT25;arbetsro;38
26831439;Lillåns skola F-9;vh_gr;VT25;intresse;58
31288135;Lillåns Södra skola;elever_ak5;VT25;svar;40
31288135;Lillåns Södra skola;elever_ak5;VT25;nojd;30
31288135;Lillåns Södra skola;elever_ak5;VT25;trygg;83
31288135;Lillåns Södra skola;elever_ak5;VT25;stod;83
31288135;Lillåns Södra skola;elever_ak5;VT25;arbetsro;28
31288135;Lillåns Södra skola;elever_ak5;VT25;intresse;13
31288135;Lillåns Södra skola;vh_gr;VT25;svar;58
31288135;Lillåns Södra skola;vh_gr;VT25;nojd;74
31288135;Lillåns Södra skola;vh_gr;VT25;trygg;78
31288135;Lillåns Södra skola;vh_gr;VT25;stod;78
31288135;Lillåns Södra skola;vh_gr;VT25;arbetsro;45
31288135;Lillåns Södra skola;vh_gr;VT25;intresse;72
69293291;Lundbyskolan;elever_ak5;VT25;svar;45
69293291;Lundbyskolan;elever_ak5;VT25;nojd;66
69293291;Lundbyskolan;elever_ak5;VT25;trygg;80
69293291;Lundbyskolan;elever_ak5;VT25;stod;80
69293291;Lundbyskolan;elever_ak5;VT25;arbetsro;16
69293291;Lundbyskolan;elever_ak5;VT25;intresse;43
49973795;Mariebergsskolan;elever_ak5;VT25;svar;40
49973795;Mariebergsskolan;elever_ak5;VT25;nojd;78
49973795;Mariebergsskolan;elever_ak5;VT25;trygg;63
49973795;Mariebergsskolan;elever_ak5;VT25;stod;76
49973795;Mariebergsskolan;elever_ak5;VT25;arbetsro;33
49973795;Mariebergsskolan;elever_ak5;VT25;intresse;15
29032881;Mosjö skola;elever_ak5;VT25;svar;26
29032881;Mosjö skola;elever_ak5;VT25;nojd;65
29032881;Mosjö skola;elever_ak5;VT25;trygg;81
29032881;Mosjö skola;elever_ak5;VT25;stod;74
29032881;Mosjö skola;elever_ak5;VT25;arbetsro;0
29032881;Mosjö skola;vh_gr;VT25;svar;71
29032881;Mosjö skola;vh_gr;VT25;nojd;88
29032881;Mosjö skola;vh_gr;VT25;trygg;87
29032881;Mosjö skola;vh_gr;VT25;stod;89
29032881;Mosjö skola;vh_gr;VT25;arbetsro;47
29032881;Mosjö skola;vh_gr;VT25;intresse;75
12248380;Navet;elever_ak8;VT25;svar;100
12248380;Navet;elever_ak8;VT25;nojd;60
12248380;Navet;elever_ak8;VT25;trygg;80
12248380;Navet;elever_ak8;VT25;stod;61
12248380;Navet;elever_ak8;VT25;arbetsro;30
12248380;Navet;elever_ak8;VT25;intresse;28
12248380;Navet;vh_gr;VT25;svar;101
12248380;Navet;vh_gr;VT25;nojd;67
12248380;Navet;vh_gr;VT25;trygg;61
12248380;Navet;vh_gr;VT25;stod;61
12248380;Navet;vh_gr;VT25;arbetsro;31
12248380;Navet;vh_gr;VT25;intresse;48
14513548;Norrbyskolan;elever_ak5;VT25;svar;79
14513548;Norrbyskolan;elever_ak5;VT25;nojd;85
14513548;Norrbyskolan;elever_ak5;VT25;trygg;88
14513548;Norrbyskolan;elever_ak5;VT25;stod;91
14513548;Norrbyskolan;elever_ak5;VT25;arbetsro;61
14513548;Norrbyskolan;elever_ak5;VT25;intresse;28
14513548;Norrbyskolan;vh_fsk;VT25;svar;23
14513548;Norrbyskolan;vh_fsk;VT25;nojd;70
14513548;Norrbyskolan;vh_fsk;VT25;trygg;48
14513548;Norrbyskolan;vh_fsk;VT25;stod;78
14513548;Norrbyskolan;vh_fsk;VT25;arbetsro;44
14513548;Norrbyskolan;vh_fsk;VT25;intresse;48
14513548;Norrbyskolan;vh_gr;VT25;svar;115
14513548;Norrbyskolan;vh_gr;VT25;nojd;95
14513548;Norrbyskolan;vh_gr;VT25;trygg;90
14513548;Norrbyskolan;vh_gr;VT25;stod;87
14513548;Norrbyskolan;vh_gr;VT25;arbetsro;65
14513548;Norrbyskolan;vh_gr;VT25;intresse;84
29225010;NTI Gymnasiet Örebro;elever_gy2;VT26;svar;41
29225010;NTI Gymnasiet Örebro;elever_gy2;VT26;nojd;81
29225010;NTI Gymnasiet Örebro;elever_gy2;VT26;trygg;93
29225010;NTI Gymnasiet Örebro;elever_gy2;VT26;stod;90
29225010;NTI Gymnasiet Örebro;elever_gy2;VT26;arbetsro;24
29225010;NTI Gymnasiet Örebro;elever_gy2;VT26;intresse;46
73709415;Närkes Kils skola;vh_gr;VT25;svar;26
73709415;Närkes Kils skola;vh_gr;VT25;nojd;89
73709415;Närkes Kils skola;vh_gr;VT25;trygg;54
73709415;Närkes Kils skola;vh_gr;VT25;stod;81
73709415;Närkes Kils skola;vh_gr;VT25;arbetsro;39
73709415;Närkes Kils skola;vh_gr;VT25;intresse;73
66382532;Odenskolan;elever_ak5;VT25;svar;22
66382532;Odenskolan;elever_ak5;VT25;nojd;59
66382532;Odenskolan;elever_ak5;VT25;trygg;77
66382532;Odenskolan;elever_ak5;VT25;stod;55
66382532;Odenskolan;elever_ak5;VT25;arbetsro;0
66382532;Odenskolan;elever_ak5;VT25;intresse;23
66382532;Odenskolan;elever_ak8;VT25;svar;26
66382532;Odenskolan;elever_ak8;VT25;nojd;19
66382532;Odenskolan;elever_ak8;VT25;trygg;58
66382532;Odenskolan;elever_ak8;VT25;stod;50
66382532;Odenskolan;elever_ak8;VT25;arbetsro;35
66382532;Odenskolan;elever_ak8;VT25;intresse;0
66382532;Odenskolan;vh_gr;VT25;svar;112
66382532;Odenskolan;vh_gr;VT25;trygg;55
66382532;Odenskolan;vh_gr;VT25;stod;31
66382532;Odenskolan;vh_gr;VT25;arbetsro;13
66382532;Odenskolan;vh_gr;VT25;intresse;29
93918784;Olaus Petriskolan F-6;elever_ak5;VT25;svar;53
93918784;Olaus Petriskolan F-6;elever_ak5;VT25;nojd;62
93918784;Olaus Petriskolan F-6;elever_ak5;VT25;trygg;76
93918784;Olaus Petriskolan F-6;elever_ak5;VT25;stod;83
93918784;Olaus Petriskolan F-6;elever_ak5;VT25;arbetsro;23
93918784;Olaus Petriskolan F-6;elever_ak5;VT25;intresse;26
93918784;Olaus Petriskolan F-6;vh_gr;VT25;svar;29
93918784;Olaus Petriskolan F-6;vh_gr;VT25;nojd;76
93918784;Olaus Petriskolan F-6;vh_gr;VT25;trygg;52
93918784;Olaus Petriskolan F-6;vh_gr;VT25;stod;66
93918784;Olaus Petriskolan F-6;vh_gr;VT25;arbetsro;41
93918784;Olaus Petriskolan F-6;vh_gr;VT25;intresse;62
28067210;Pops Academy Karl Johan;elever_ak5;VT26;svar;86
28067210;Pops Academy Karl Johan;elever_ak5;VT26;nojd;94
28067210;Pops Academy Karl Johan;elever_ak5;VT26;trygg;88
28067210;Pops Academy Karl Johan;elever_ak5;VT26;stod;88
28067210;Pops Academy Karl Johan;elever_ak5;VT26;arbetsro;27
28067210;Pops Academy Karl Johan;elever_ak5;VT26;intresse;58
28067210;Pops Academy Karl Johan;elever_ak8;VT26;svar;78
28067210;Pops Academy Karl Johan;elever_ak8;VT26;nojd;83
28067210;Pops Academy Karl Johan;elever_ak8;VT26;trygg;91
28067210;Pops Academy Karl Johan;elever_ak8;VT26;stod;80
28067210;Pops Academy Karl Johan;elever_ak8;VT26;arbetsro;48
28067210;Pops Academy Karl Johan;elever_ak8;VT26;intresse;21
28067210;Pops Academy Karl Johan;vh_gr;VT26;svar;287
28067210;Pops Academy Karl Johan;vh_gr;VT26;nojd;98
28067210;Pops Academy Karl Johan;vh_gr;VT26;trygg;91
28067210;Pops Academy Karl Johan;vh_gr;VT26;stod;83
28067210;Pops Academy Karl Johan;vh_gr;VT26;arbetsro;60
28067210;Pops Academy Karl Johan;vh_gr;VT26;intresse;73
18691102;Praktiska Gymnasiet Örebro;elever_gy2;VT26;svar;91
18691102;Praktiska Gymnasiet Örebro;elever_gy2;VT26;nojd;63
18691102;Praktiska Gymnasiet Örebro;elever_gy2;VT26;trygg;87
18691102;Praktiska Gymnasiet Örebro;elever_gy2;VT26;stod;73
18691102;Praktiska Gymnasiet Örebro;elever_gy2;VT26;arbetsro;55
18691102;Praktiska Gymnasiet Örebro;elever_gy2;VT26;intresse;55
70302356;Proffsgymnasiet;elever_gy2;VT25;svar;34
70302356;Proffsgymnasiet;elever_gy2;VT25;nojd;79
70302356;Proffsgymnasiet;elever_gy2;VT25;trygg;82
70302356;Proffsgymnasiet;elever_gy2;VT25;stod;67
70302356;Proffsgymnasiet;elever_gy2;VT25;arbetsro;47
70302356;Proffsgymnasiet;elever_gy2;VT25;intresse;53
28482422;Realgymnasiet Örebro;elever_gy2;VT26;svar;47
28482422;Realgymnasiet Örebro;elever_gy2;VT26;nojd;90
28482422;Realgymnasiet Örebro;elever_gy2;VT26;trygg;77
28482422;Realgymnasiet Örebro;elever_gy2;VT26;stod;85
28482422;Realgymnasiet Örebro;elever_gy2;VT26;arbetsro;66
28482422;Realgymnasiet Örebro;elever_gy2;VT26;intresse;51
18324124;Rostaskolan F-6;elever_ak5;VT25;svar;64
18324124;Rostaskolan F-6;elever_ak5;VT25;nojd;69
18324124;Rostaskolan F-6;elever_ak5;VT25;trygg;91
18324124;Rostaskolan F-6;elever_ak5;VT25;stod;78
18324124;Rostaskolan F-6;elever_ak5;VT25;arbetsro;41
18324124;Rostaskolan F-6;elever_ak5;VT25;intresse;30
18324124;Rostaskolan F-6;vh_gr;VT25;svar;20
18324124;Rostaskolan F-6;vh_gr;VT25;nojd;75
18324124;Rostaskolan F-6;vh_gr;VT25;trygg;75
18324124;Rostaskolan F-6;vh_gr;VT25;stod;70
18324124;Rostaskolan F-6;vh_gr;VT25;arbetsro;45
18324124;Rostaskolan F-6;vh_gr;VT25;intresse;40
67908927;Rytmus Örebro;elever_gy2;VT25;svar;26
67908927;Rytmus Örebro;elever_gy2;VT25;nojd;65
67908927;Rytmus Örebro;elever_gy2;VT25;trygg;73
67908927;Rytmus Örebro;elever_gy2;VT25;stod;77
67908927;Rytmus Örebro;elever_gy2;VT25;arbetsro;81
67908927;Rytmus Örebro;elever_gy2;VT25;intresse;39
61320743;Stora Mellösa skola;elever_ak5;VT25;svar;27
61320743;Stora Mellösa skola;elever_ak5;VT25;nojd;70
61320743;Stora Mellösa skola;elever_ak5;VT25;trygg;52
61320743;Stora Mellösa skola;elever_ak5;VT25;stod;33
61320743;Stora Mellösa skola;elever_ak5;VT25;arbetsro;52
61320743;Stora Mellösa skola;elever_ak5;VT25;intresse;0
61320743;Stora Mellösa skola;vh_fsk;VT25;svar;32
61320743;Stora Mellösa skola;vh_fsk;VT25;nojd;63
61320743;Stora Mellösa skola;vh_fsk;VT25;trygg;94
61320743;Stora Mellösa skola;vh_fsk;VT25;stod;94
61320743;Stora Mellösa skola;vh_fsk;VT25;arbetsro;53
61320743;Stora Mellösa skola;vh_fsk;VT25;intresse;85
61320743;Stora Mellösa skola;vh_gr;VT25;svar;93
61320743;Stora Mellösa skola;vh_gr;VT25;nojd;85
61320743;Stora Mellösa skola;vh_gr;VT25;trygg;85
61320743;Stora Mellösa skola;vh_gr;VT25;stod;79
61320743;Stora Mellösa skola;vh_gr;VT25;arbetsro;50
61320743;Stora Mellösa skola;vh_gr;VT25;intresse;71
18025305;Stureskolan;vh_fsk;VT25;svar;22
18025305;Stureskolan;vh_fsk;VT25;nojd;68
18025305;Stureskolan;vh_fsk;VT25;trygg;50
18025305;Stureskolan;vh_fsk;VT25;stod;68
18025305;Stureskolan;vh_fsk;VT25;arbetsro;46
18025305;Stureskolan;vh_fsk;VT25;intresse;68
18025305;Stureskolan;vh_gr;VT25;svar;40
18025305;Stureskolan;vh_gr;VT25;nojd;86
18025305;Stureskolan;vh_gr;VT25;trygg;76
18025305;Stureskolan;vh_gr;VT25;stod;80
18025305;Stureskolan;vh_gr;VT25;arbetsro;71
18025305;Stureskolan;vh_gr;VT25;intresse;78
68276614;Svealundsskolan;elever_ak5;VT25;svar;52
68276614;Svealundsskolan;elever_ak5;VT25;nojd;74
68276614;Svealundsskolan;elever_ak5;VT25;trygg;79
68276614;Svealundsskolan;elever_ak5;VT25;stod;90
68276614;Svealundsskolan;elever_ak5;VT25;arbetsro;46
68276614;Svealundsskolan;elever_ak5;VT25;intresse;47
68276614;Svealundsskolan;vh_gr;VT25;svar;100
68276614;Svealundsskolan;vh_gr;VT25;nojd;78
68276614;Svealundsskolan;vh_gr;VT25;trygg;74
68276614;Svealundsskolan;vh_gr;VT25;stod;70
68276614;Svealundsskolan;vh_gr;VT25;arbetsro;39
68276614;Svealundsskolan;vh_gr;VT25;intresse;72
51948478;Tybblelundsskolan;elever_ak5;VT25;svar;58
51948478;Tybblelundsskolan;elever_ak5;VT25;nojd;92
51948478;Tybblelundsskolan;elever_ak5;VT25;trygg;90
51948478;Tybblelundsskolan;elever_ak5;VT25;stod;90
51948478;Tybblelundsskolan;elever_ak5;VT25;arbetsro;57
51948478;Tybblelundsskolan;elever_ak5;VT25;intresse;37
51948478;Tybblelundsskolan;vh_fsk;VT25;svar;28
51948478;Tybblelundsskolan;vh_fsk;VT25;nojd;57
51948478;Tybblelundsskolan;vh_fsk;VT25;trygg;57
51948478;Tybblelundsskolan;vh_fsk;VT25;stod;46
51948478;Tybblelundsskolan;vh_fsk;VT25;arbetsro;57
51948478;Tybblelundsskolan;vh_fsk;VT25;intresse;64
51948478;Tybblelundsskolan;vh_gr;VT25;svar;92
51948478;Tybblelundsskolan;vh_gr;VT25;nojd;85
51948478;Tybblelundsskolan;vh_gr;VT25;trygg;84
51948478;Tybblelundsskolan;vh_gr;VT25;stod;76
51948478;Tybblelundsskolan;vh_gr;VT25;arbetsro;47
51948478;Tybblelundsskolan;vh_gr;VT25;intresse;63
19742982;Viktoriaskolan;elever_ak5;VT25;svar;24
19742982;Viktoriaskolan;elever_ak5;VT25;nojd;63
19742982;Viktoriaskolan;elever_ak5;VT25;trygg;58
19742982;Viktoriaskolan;elever_ak5;VT25;stod;67
19742982;Viktoriaskolan;elever_ak5;VT25;arbetsro;0
19742982;Viktoriaskolan;elever_ak5;VT25;intresse;42
19742982;Viktoriaskolan;vh_gr;VT25;svar;60
19742982;Viktoriaskolan;vh_gr;VT25;nojd;82
19742982;Viktoriaskolan;vh_gr;VT25;trygg;86
19742982;Viktoriaskolan;vh_gr;VT25;stod;83
19742982;Viktoriaskolan;vh_gr;VT25;arbetsro;51
19742982;Viktoriaskolan;vh_gr;VT25;intresse;70
38054320;Vintrosa skola;elever_ak5;VT25;svar;30
38054320;Vintrosa skola;elever_ak5;VT25;nojd;84
38054320;Vintrosa skola;elever_ak5;VT25;trygg;60
38054320;Vintrosa skola;elever_ak5;VT25;stod;47
38054320;Vintrosa skola;elever_ak5;VT25;arbetsro;33
38054320;Vintrosa skola;elever_ak5;VT25;intresse;23
38054320;Vintrosa skola;vh_gr;VT25;svar;42
38054320;Vintrosa skola;vh_gr;VT25;nojd;38
38054320;Vintrosa skola;vh_gr;VT25;trygg;43
38054320;Vintrosa skola;vh_gr;VT25;stod;62
38054320;Vintrosa skola;vh_gr;VT25;arbetsro;24
38054320;Vintrosa skola;vh_gr;VT25;intresse;55
55597667;Vittra Örebro;elever_ak8;VT25;svar;30
55597667;Vittra Örebro;elever_ak8;VT25;nojd;57
55597667;Vittra Örebro;elever_ak8;VT25;trygg;73
55597667;Vittra Örebro;elever_ak8;VT25;stod;50
55597667;Vittra Örebro;elever_ak8;VT25;arbetsro;47
55597667;Vittra Örebro;elever_ak8;VT25;intresse;0
55597667;Vittra Örebro;vh_gr;VT25;svar;46
55597667;Vittra Örebro;vh_gr;VT25;nojd;80
55597667;Vittra Örebro;vh_gr;VT25;trygg;79
55597667;Vittra Örebro;vh_gr;VT25;stod;76
55597667;Vittra Örebro;vh_gr;VT25;arbetsro;39
55597667;Vittra Örebro;vh_gr;VT25;intresse;72
64644807;Vivallaskolan;elever_ak5;VT25;svar;22
64644807;Vivallaskolan;elever_ak5;VT25;nojd;54
64644807;Vivallaskolan;elever_ak5;VT25;trygg;73
64644807;Vivallaskolan;elever_ak5;VT25;stod;36
64644807;Vivallaskolan;elever_ak5;VT25;arbetsro;32
64644807;Vivallaskolan;elever_ak5;VT25;intresse;59
64644807;Vivallaskolan;vh_gr;VT25;svar;42
64644807;Vivallaskolan;vh_gr;VT25;nojd;81
64644807;Vivallaskolan;vh_gr;VT25;trygg;83
64644807;Vivallaskolan;vh_gr;VT25;stod;81
64644807;Vivallaskolan;vh_gr;VT25;arbetsro;65
64644807;Vivallaskolan;vh_gr;VT25;intresse;71
57966953;Västra Engelbrektsskolan;elever_ak8;VT25;svar;42
57966953;Västra Engelbrektsskolan;elever_ak8;VT25;nojd;79
57966953;Västra Engelbrektsskolan;elever_ak8;VT25;trygg;60
57966953;Västra Engelbrektsskolan;elever_ak8;VT25;stod;77
57966953;Västra Engelbrektsskolan;elever_ak8;VT25;arbetsro;33
57966953;Västra Engelbrektsskolan;vh_gr;VT25;svar;68
57966953;Västra Engelbrektsskolan;vh_gr;VT25;nojd;88
57966953;Västra Engelbrektsskolan;vh_gr;VT25;trygg;88
57966953;Västra Engelbrektsskolan;vh_gr;VT25;stod;91
57966953;Västra Engelbrektsskolan;vh_gr;VT25;arbetsro;67
57966953;Västra Engelbrektsskolan;vh_gr;VT25;intresse;86
61540405;Wallerska skolan;elever_ak5;VT25;svar;33
61540405;Wallerska skolan;elever_ak5;VT25;nojd;36
61540405;Wallerska skolan;elever_ak5;VT25;trygg;58
61540405;Wallerska skolan;elever_ak5;VT25;stod;76
61540405;Wallerska skolan;elever_ak5;VT25;arbetsro;0
61540405;Wallerska skolan;elever_ak5;VT25;intresse;24
61540405;Wallerska skolan;vh_gr;VT25;svar;46
61540405;Wallerska skolan;vh_gr;VT25;nojd;50
61540405;Wallerska skolan;vh_gr;VT25;trygg;69
61540405;Wallerska skolan;vh_gr;VT25;stod;68
61540405;Wallerska skolan;vh_gr;VT25;arbetsro;26
61540405;Wallerska skolan;vh_gr;VT25;intresse;61
47692481;Yrkesgymnasiet Örebro;elever_gy2;VT26;svar;57
47692481;Yrkesgymnasiet Örebro;elever_gy2;VT26;nojd;51
47692481;Yrkesgymnasiet Örebro;elever_gy2;VT26;trygg;65
47692481;Yrkesgymnasiet Örebro;elever_gy2;VT26;stod;49
47692481;Yrkesgymnasiet Örebro;elever_gy2;VT26;arbetsro;33
47692481;Yrkesgymnasiet Örebro;elever_gy2;VT26;intresse;28
20174295;Änglandaskolan F-3;vh_gr;VT25;svar;36
20174295;Änglandaskolan F-3;vh_gr;VT25;nojd;33
20174295;Änglandaskolan F-3;vh_gr;VT25;trygg;53
20174295;Änglandaskolan F-3;vh_gr;VT25;stod;58
20174295;Änglandaskolan F-3;vh_gr;VT25;arbetsro;19
20174295;Änglandaskolan F-3;vh_gr;VT25;intresse;61
