plats;status;besoksadress;ort;omrade;organisationer;samfund;tradition;webbplats;lat;lon;kontrollerad;kallor
Adolfsbergs kyrka;aktiv;;Örebro;Brunnsgärdet-Lindhult-Nasta;Adolfsbergs församling;Svenska kyrkan;Kristen: Svenska kyrkan;https://www.svenskakyrkan.se/orebro/adolfsberg;59,23972;15,16591;2026-10-08;https://www.svenskakyrkan.se/orebro/Adolfsbergs%20kyrka | https://www.openstreetmap.org/way/247207676
Almby kyrka;aktiv;Organistgatan 2;Örebro;Almby-Ormesta;Almby församling;Svenska kyrkan;Kristen: Svenska kyrkan;https://www.svenskakyrkan.se/almby;59,25747;15,24468;2026-10-08;https://www.svenskakyrkan.se/orebro/almby-kyrka | https://www.openstreetmap.org/way/43869094
Askers kyrka;aktiv;;Odensbacken;Östernärke;Asker-Lännäs församling;Svenska kyrkan;Kristen: Svenska kyrkan;https://www.svenskakyrkan.se/askerlannas;59,15166;15,46877;2026-10-08;https://www.svenskakyrkan.se/askerlannas/kyrkor-och-forsamlingsgardar | https://www.openstreetmap.org/way/164628484
Axbergs kyrka;aktiv;;Örebro;Ervalla-Ölmbrotorp;Axbergs församling;Svenska kyrkan;Kristen: Svenska kyrkan;https://www.svenskakyrkan.se/hovsta/vara-forsamlingar/axbergs-forsamling;59,36173;15,21487;2026-10-08;https://www.svenskakyrkan.se/hovsta/vara-forsamlingar/axberg-forsamling/kyrkor | https://www.openstreetmap.org/way/232480903
Baptistkyrkan Stora Mellösa;aktiv;Parkvägen 4;Stora Mellösa;Ekeby-Almby-Hidingsta-Stora Mellösa;Stora Mellösa Baptistförsamling;uppgift saknas;Kristen: frikyrka;https://baptistkyrkan.com/;59,21185;15,49704;2026-10-08;https://baptistkyrkan.com/ | https://www.openstreetmap.org/way/447950519
Betania, Odensbacken;aktiv;Östra vägen 3;Odensbacken;Östernärke;Betaniaförsamlingen i Odensbacken;Pingst – fria församlingar i samverkan;Kristen: frikyrka;https://www.odensbacken.pingst.se/;59,16202;15,52798;2026-10-08;https://www.odensbacken.pingst.se/ | https://www.openstreetmap.org/way/164628481
Betaniakyrkan;aktiv;Venavägen 21;Örebro;Rynninge-Grenadjärstaden;Equmeniakyrkan Betania Örebro;Equmeniakyrkan;Kristen: frikyrka;https://betaniakyrkan.se/;59,28293;15,23074;2026-10-08;https://betaniakyrkan.se/ | https://www.openstreetmap.org/way/753462028
Betel, Asker;aktiv;;Odensbacken;Östernärke;Askers Baptistförsamling;Evangeliska Frikyrkan (EFK);Kristen: frikyrka;https://www.betel-asker.se/;59,15136;15,47951;2026-10-08;https://www.betel-asker.se/ | https://www.openstreetmap.org/way/164629068
Betelkyrkan;aktiv;Köpmangatan 19;Örebro;Örebro city;Equmeniakyrkan Betel Örebro;Equmeniakyrkan;Kristen: frikyrka;https://betelkyrkan.se/;59,26974;15,21199;2026-10-08;https://betelkyrkan.se/kontakt/ | https://www.openstreetmap.org/way/180218309
Betlehemskyrkan;aktiv;Sturegatan 9;Örebro;Örebro öster;Betlehemskyrkan Örebro | Saint Basilios församling;Equmeniakyrkan | Antiokisk-ortodoxa kyrkan (Antiokias patriarkat);Kristen: frikyrka | Kristen: ortodox;https://equmeniakyrkan.se/betlehemskyrkan/ | ;59,27028;15,22892;2026-10-08;https://equmeniakyrkan.se/betlehemskyrkan/ | https://ortodoxagudstjanster.se/parishes | https://www.openstreetmap.org/way/256705138
Bosniska moskén;aktiv;Karlslundsgatan 81;Örebro;Rosta-Örnsro;Bosniakiska islamiska samfundet, församlingen Örebro;Bosniakiska islamiska samfundet i Sverige;Islam;;59,27513;15,18334;2026-10-08;https://sv.wikipedia.org/wiki/Bosniska_mosk%C3%A9n_i_%C3%96rebro | https://www.svenskakyrkan.se/orebro/tro-moter-tro | https://www.openstreetmap.org/way/971310995
Brevens kyrka;aktiv;;Örebro;Östernärke;Asker-Lännäs församling;Svenska kyrkan;Kristen: Svenska kyrkan;https://www.svenskakyrkan.se/askerlannas;59,01207;15,58418;2026-10-08;https://www.svenskakyrkan.se/askerlannas/kyrkor-och-forsamlingsgardar | https://www.openstreetmap.org/way/308038772
Brickebergskyrkan;aktiv;Åstadalsvägen 2;Örebro;Almby-Ormesta;Brickebergskyrkan;uppgift saknas;Kristen: frikyrka;https://brickebergskyrkan.se/;59,25237;15,24214;2026-10-08;https://brickebergskyrkan.se/ | https://www.openstreetmap.org/way/252826447
Citykyrkan;aktiv;Egnahemsgatan 2;Örebro;Markbacken-Västra Mark;Citykyrkan;uppgift saknas;Kristen: frikyrka;https://www.citykyrkan.se/;59,27502;15,1947;2026-10-08;https://www.citykyrkan.se/ | https://www.openstreetmap.org/way/191185200
Debre Eyesus;aktiv;Kyrkvägen 4B;Örebro;Lillån;Debre Yesus Ortodoxa Tewahdo Kyrka i Örebro;Eritreanska ortodoxa Tewahdo-kyrkan;Kristen: ortodox;https://orebro.eotk.se/;59,31891;15,22736;2026-10-08;https://orebro.eotk.se/ | https://www.openstreetmap.org/way/359832107
Den gode herdens kapell;aktiv;Björkrisvägen 18;Örebro;Brickebacken;Almby församling | De Helige Demetrios & Nestor grekisk-ortodoxa församling;Svenska kyrkan | Grekisk-ortodoxa kyrkan (Ekumeniska patriarkatet);Kristen: Svenska kyrkan | Kristen: ortodox;https://www.svenskakyrkan.se/almby | ;59,23915;15,24198;2026-10-08;https://www.svenskakyrkan.se/orebro/den-gode-herdens-kapell | https://ortodoxagudstjanster.se/parishes | https://www.openstreetmap.org/node/12397809701
Ekers kyrka;aktiv;;Örebro;Ervalla-Ölmbrotorp;Längbro församling;Svenska kyrkan;Kristen: Svenska kyrkan;https://www.svenskakyrkan.se/orebro/langbro;59,31796;15,13993;2026-10-08;https://www.svenskakyrkan.se/orebro/ekers-kyrka | https://www.openstreetmap.org/node/2949023257
Equmeniakyrkan Torsborg;aktiv;Torsborg 136;Stora Mellösa;Ekeby-Almby-Hidingsta-Stora Mellösa;Equmeniakyrkan Torsborg;Equmeniakyrkan;Kristen: frikyrka;https://equmeniakyrkantorsborg.se/;59,21937;15,47204;2026-10-08;https://equmeniakyrkantorsborg.se/ | https://www.openstreetmap.org/node/6655634021
Ervalla kyrka;aktiv;;Örebro;Ervalla-Ölmbrotorp;Axbergs församling;Svenska kyrkan;Kristen: Svenska kyrkan;https://www.svenskakyrkan.se/hovsta/vara-forsamlingar/axbergs-forsamling;59,43916;15,24201;2026-10-08;https://www.svenskakyrkan.se/hovsta/vara-forsamlingar/axberg-forsamling/kyrkor | https://www.openstreetmap.org/node/2489342675
Filadelfiakyrkan;aktiv;Slottsgatan 16;Örebro;Örebro city;Filadelfia Örebro;Evangeliska Frikyrkan (EFK);Kristen: frikyrka;https://www.filadelfiaorebro.se/;59,27778;15,21889;2026-10-08;https://www.filadelfiaorebro.se/ | https://www.openstreetmap.org/node/13378987050
Frälsningsarmén Örebro;aktiv;Kungsgatan 24;Örebro;Örebro söder;Frälsningsarmén i Örebro;Frälsningsarmén;Kristen: frikyrka;https://www.fralsningsarmen.se/orebro/;59,26881;15,21247;2026-10-08;https://www.fralsningsarmen.se/orebro/ | https://www.openstreetmap.org/node/2467966085
Garphyttans missionshus;aktiv;Kvarnvägen 20;Garphyttan;Garphyttan-Närkes Kil;Garphyttans Frikyrkoförsamling;Evangeliska Frikyrkan (EFK);Kristen: frikyrka;https://www.garphyttansmissionshus.se/;59,30899;14,93231;2026-10-08;https://www.garphyttansmissionshus.se/ | https://www.openstreetmap.org/node/2671504382
Glanshammars kyrka;aktiv;;Glanshammar;Glanshammar;Glanshammars församling;Svenska kyrkan;Kristen: Svenska kyrkan;https://www.svenskakyrkan.se/hovsta/vara-forsamlingar/glanshammars-forsamling;59,31918;15,4019;2026-10-08;https://www.svenskakyrkan.se/hovsta/vara-forsamlingar/glanshammar-forsamling/kyrkor | https://www.openstreetmap.org/way/158519521
Gräve kyrka;aktiv;;Örebro;Garphyttan-Närkes Kil;Tysslinge församling;Svenska kyrkan;Kristen: Svenska kyrkan;https://www.svenskakyrkan.se/tysslinge;59,28072;15,06577;2026-10-08;https://www.svenskakyrkan.se/tysslinge/vara-kyrkor | https://www.svenskakyrkan.se/tysslinge/grave-kyrka | https://www.openstreetmap.org/way/304712860
Gällersta kyrka;aktiv;;Örebro;Ekeby-Almby-Hidingsta-Stora Mellösa;Kvismare församling;Svenska kyrkan;Kristen: Svenska kyrkan;https://www.svenskakyrkan.se/kvismare;59,18461;15,25579;2026-10-08;https://www.svenskakyrkan.se/kvismare | https://www.svenskakyrkan.se/kvismare/gallersta-kyrka-och-kyrkogard | https://www.openstreetmap.org/way/475658462
Hovsta kyrka;aktiv;;Örebro;Lillån;Axbergs församling;Svenska kyrkan;Kristen: Svenska kyrkan;https://www.svenskakyrkan.se/hovsta/vara-forsamlingar/axbergs-forsamling;59,32144;15,22695;2026-10-08;https://www.svenskakyrkan.se/hovsta/vara-forsamlingar/axberg-forsamling/kyrkor | https://www.openstreetmap.org/way/232480914
Impact Center;aktiv;Törngatan 1;Örebro;Hagaby-Ringstorp;Impact Center;uppgift saknas;Kristen: frikyrka;https://www.impactcenter.nu/;59,28813;15,21562;2026-10-08;https://www.impactcenter.nu/ | https://www.openstreetmap.org/node/8820921447
Krogesta frikyrka;aktiv;Krogesta 619;Glanshammar;Glanshammar;Glanshammars Frikyrkoförsamling;Evangeliska Frikyrkan och Equmeniakyrkan;Kristen: frikyrka;https://www.kyrktorget.se/frikyrkan.krogesta;59,3297;15,43664;2026-10-08;https://www.kyrktorget.se/frikyrkan.krogesta | https://www.openstreetmap.org/way/694334319
Lillkyrka kyrka;aktiv;Lillkyrka 226;Lillkyrka;Glanshammar;Glanshammars församling;Svenska kyrkan;Kristen: Svenska kyrkan;https://www.svenskakyrkan.se/hovsta/vara-forsamlingar/glanshammars-forsamling;59,32527;15,47683;2026-10-08;https://www.svenskakyrkan.se/hovsta/vara-forsamlingar/glanshammar-forsamling/kyrkor | https://www.openstreetmap.org/way/189249984
Lundhagskyrkan;aktiv;Kårstavägen 31;Örebro;Hovsta;Hovsta frikyrkoförsamling;Evangeliska Frikyrkan (EFK);Kristen: frikyrka;https://lundhagskyrkan.se/;59,34741;15,23364;2026-10-08;https://lundhagskyrkan.se/ | https://www.openstreetmap.org/way/232480908
Längbro kyrka;aktiv;Församlingsvägen 4;Örebro;Mellringe-Björkhaga;Längbro församling;Svenska kyrkan;Kristen: Svenska kyrkan;https://www.svenskakyrkan.se/orebro/langbro;59,27873;15,15148;2026-10-08;https://www.svenskakyrkan.se/orebro/langbro-kyrka | https://www.openstreetmap.org/node/13725280701
Lännäs kyrka;aktiv;;Örebro;Östernärke;Asker-Lännäs församling;Svenska kyrkan;Kristen: Svenska kyrkan;https://www.svenskakyrkan.se/askerlannas;59,14713;15,57961;2026-10-08;https://www.svenskakyrkan.se/askerlannas/kyrkor-och-forsamlingsgardar | https://www.openstreetmap.org/way/164628493
Mellringekyrkan;aktiv;Nejlikegatan 1;Örebro;Mellringe-Björkhaga;Mellringekyrkan;uppgift saknas;Kristen: frikyrka;https://mellringekyrkan.se/;59,29495;15,16579;2026-10-08;http://www.mellringekyrkan.se/kontakt | https://www.openstreetmap.org/way/877608043
Mosjö kyrka;aktiv;;Örebro;Marieberg-Mosås;Mosjö-Täby församling;Svenska kyrkan;Kristen: Svenska kyrkan;https://www.svenskakyrkan.se/orebro/mosjo-taby-forsamling;59,18936;15,15152;2026-10-08;https://www.svenskakyrkan.se/orebro/mosjo-kyrka | https://www.openstreetmap.org/way/669657595
Norrbyås kyrka;aktiv;;Örebro;Ekeby-Almby-Hidingsta-Stora Mellösa;Kvismare församling;Svenska kyrkan;Kristen: Svenska kyrkan;https://www.svenskakyrkan.se/kvismare;59,19486;15,38961;2026-10-08;https://www.svenskakyrkan.se/kvismare | https://www.svenskakyrkan.se/kvismare/norrbyas-kyrka-och-kyrkogard | https://www.openstreetmap.org/way/830430528
Närkes Kils kyrka;aktiv;;Örebro;Garphyttan-Närkes Kil;Axbergs församling;Svenska kyrkan;Kristen: Svenska kyrkan;https://www.svenskakyrkan.se/hovsta/vara-forsamlingar/axbergs-forsamling;59,37135;15,08175;2026-10-08;https://www.svenskakyrkan.se/hovsta/vara-forsamlingar/axberg-forsamling/kyrkor | https://www.openstreetmap.org/way/227404157
Olaus Petri kyrka;aktiv;Storgatan 40;Örebro;Örebro norr-CV;Olaus Petri församling;Svenska kyrkan;Kristen: Svenska kyrkan;https://www.svenskakyrkan.se/orebro/olaus-petri-kyrka;59,28026;15,21936;2026-10-08;https://www.svenskakyrkan.se/orebro/olaus-petri-kyrka | https://www.openstreetmap.org/way/154878172
Pingstkyrkan;aktiv;Nygatan 10;Örebro;Örebro söder;Pingstkyrkan Örebro;Pingst – fria församlingar i samverkan;Kristen: frikyrka;https://orebro.pingst.se/;59,27145;15,20635;2026-10-08;https://orebro.pingst.se/kontakt | https://www.openstreetmap.org/way/222979561
Rinkaby kyrka;aktiv;;Örebro;Glanshammar;Glanshammars församling;Svenska kyrkan;Kristen: Svenska kyrkan;https://www.svenskakyrkan.se/hovsta/vara-forsamlingar/glanshammars-forsamling;59,31429;15,33774;2026-10-08;https://www.svenskakyrkan.se/hovsta/vara-forsamlingar/glanshammar-forsamling/kyrkor | https://www.openstreetmap.org/way/881749016
S:t Eskils katolska kyrka;aktiv;Järnvägsgatan 15;Örebro;Örebro city;S:t Eskils katolska församling;Katolska kyrkan (Stockholms katolska stift);Kristen: katolsk;https://www.katolskakyrkan.se/hitta-din-narmaste-kyrka-eller-forsamling/s-t-eskil-orebro;59,27716;15,22036;2026-10-08;https://www.katolskakyrkan.se/hitta-din-narmaste-kyrka-eller-forsamling/s-t-eskil-orebro | https://www.openstreetmap.org/way/180576571
S:t Josefs kapell;aktiv;;Garphyttan;Garphyttan-Närkes Kil;Tysslinge församling;Svenska kyrkan;Kristen: Svenska kyrkan;https://www.svenskakyrkan.se/tysslinge;59,30473;14,94887;2026-10-08;https://www.svenskakyrkan.se/tysslinge/vara-kyrkor | https://www.svenskakyrkan.se/tysslinge/st-josefs-kapell | https://www.openstreetmap.org/node/2671504381
S:t Mikaels kyrka;aktiv;Hjärstavägen 33;Örebro;Baronbackarna;Mikaels församling;Svenska kyrkan;Kristen: Svenska kyrkan;https://www.svenskakyrkan.se/orebro/st-mikaels-kyrka;59,29043;15,19325;2026-10-08;https://www.svenskakyrkan.se/orebro/st-mikaels-kyrka | https://www.openstreetmap.org/way/659913608
S:t Nicolai kyrka;aktiv;;Örebro;Örebro city;Nikolai församling;Svenska kyrkan;Kristen: Svenska kyrkan;https://www.svenskakyrkan.se/orebronikolai;59,27226;15,21118;2026-10-08;https://www.svenskakyrkan.se/orebro/st-nicolai-kyrka | https://www.openstreetmap.org/way/151419134
S:ta Mariakyrkan;aktiv;Varbergagatan 260;Örebro;Mellringe-Björkhaga;S:ta Maria församling;Syrisk-ortodoxa kyrkan;Kristen: ortodox;https://www.kyrktorget.se/sok.orebro;59,29068;15,17262;2026-10-08;https://www.syriskortodoxakyrkan.se/kyrkor/st-maria-orebro-kyrkan/ | https://www.openstreetmap.org/way/339329894
Sollidens kapell;aktiv;Långbyn 217;Örebro;Ervalla-Ölmbrotorp;Örebro pastorat;Svenska kyrkan;Kristen: Svenska kyrkan;https://www.svenskakyrkan.se/orebro/solliden;59,38513;15,20257;2026-10-08;https://www.svenskakyrkan.se/orebro/sollidens-kapell | https://www.openstreetmap.org/node/2338517422
Stora Mellösa kyrka;aktiv;;Stora Mellösa;Ekeby-Almby-Hidingsta-Stora Mellösa;Kvismare församling;Svenska kyrkan;Kristen: Svenska kyrkan;https://www.svenskakyrkan.se/kvismare;59,21232;15,50314;2026-10-08;https://www.svenskakyrkan.se/kvismare | https://www.svenskakyrkan.se/kvismare/stora-mellosa-kyrka-och-kyrkogard | https://www.openstreetmap.org/way/253054406
Sörbykyrkan;aktiv;Senapsvägen 24;Örebro;Sörbyängen;Sörbykyrkans missionsförening | Almby församling;Evangeliska Fosterlands-Stiftelsen (EFS), inom Svenska kyrkan | Svenska kyrkan;Kristen: Svenska kyrkan | Kristen: Svenska kyrkan;https://www.sorbykyrkan.nu/ | https://www.svenskakyrkan.se/almby;59,25546;15,22452;2026-10-08;https://www.sorbykyrkan.nu/ | https://www.openstreetmap.org/way/847800640
Trefaldighetskyrkan;kulturmiljö;;Örebro;Örebro city;;;;;59,27351;15,21097;2026-10-08;https://www.lansstyrelsen.se/orebro/besoksmal/kulturmiljoer/trefaldighetskyrkan.html | https://www.openstreetmap.org/way/180244401
Tysslinge kyrka;aktiv;;Örebro;Garphyttan-Närkes Kil;Tysslinge församling;Svenska kyrkan;Kristen: Svenska kyrkan;https://www.svenskakyrkan.se/tysslinge;59,2862;15,02005;2026-10-08;https://www.svenskakyrkan.se/tysslinge/vara-kyrkor | https://www.svenskakyrkan.se/tysslinge/tysslinge-kyrka | https://www.openstreetmap.org/way/315286875
Täby kyrka;aktiv;;Örebro;Latorp-Täby-Vintrosa;Mosjö-Täby församling;Svenska kyrkan;Kristen: Svenska kyrkan;https://www.svenskakyrkan.se/orebro/mosjo-taby-forsamling;59,19853;15,06755;2026-10-08;https://www.svenskakyrkan.se/orebro/taby-kyrka | https://www.openstreetmap.org/way/247894221
Vasakyrkan;aktiv;Vasagatan 6;Örebro;Örebro city;Equmeniakyrkan Vasa;Equmeniakyrkan;Kristen: frikyrka;https://vasakyrkan.se/;59,27334;15,20802;2026-10-08;https://vasakyrkan.se/ | https://www.openstreetmap.org/way/180218327
Vintrosa kyrka;aktiv;;Vintrosa;Latorp-Täby-Vintrosa;Tysslinge församling;Svenska kyrkan;Kristen: Svenska kyrkan;https://www.svenskakyrkan.se/tysslinge;59,23759;14,99102;2026-10-08;https://www.svenskakyrkan.se/tysslinge/vara-kyrkor | https://www.svenskakyrkan.se/tysslinge/vintrosa-kyrka | https://www.openstreetmap.org/way/195786164
Ödeby kyrka;aktiv;;Örebro;Glanshammar;Glanshammars församling;Svenska kyrkan;Kristen: Svenska kyrkan;https://www.svenskakyrkan.se/hovsta/vara-forsamlingar/glanshammars-forsamling;59,40624;15,41598;2026-10-08;https://www.svenskakyrkan.se/hovsta/vara-forsamlingar/glanshammar-forsamling/kyrkor | https://www.openstreetmap.org/way/117588560
Örebro Adventkyrka;aktiv;Krontorpsgatan 3;Örebro;Örebro söder;Örebro Adventkyrka;Adventistsamfundet;Kristen: frikyrka;https://orebro.adventkyrka.se/;59,26467;15,20066;2026-10-08;https://orebro.adventkyrka.se/ | https://www.openstreetmap.org/node/8911705662
Örebro moské;aktiv;Epiloggatan 1;Örebro;Lundby;Örebro moské;uppgift saknas;Islam;https://orebromoske.se/;59,29824;15,19765;2026-10-08;https://orebromoske.se/kontakta-oss/ | https://www.openstreetmap.org/way/456186751
Immanuelskyrkan;aktiv, utan kontrollerad besöksplats;Karlsdalsallén 35;Örebro;;Immanuelskyrkan i Örebro;Evangeliska Frikyrkan (EFK);Kristen: frikyrka;https://imkorebro.se/;;;2026-10-08;https://imkorebro.se/
Bahá’í-samfundet i Örebro;aktiv, utan kontrollerad besöksplats;;Örebro;;Bahá’í-samfundet i Örebro;Svenska Bahá’í-samfundet;Bahá’í;https://www.bahai.se/kontakt;;;2026-10-08;https://www.bahai.se/kontakt
