ar;medeltemperatur;station;nederbord_mm
1859;6,58;stad;321
1860;4,64;stad;808
1861;5,78;stad;473
1862;4,78;stad;570
1863;6,96;stad;508
1864;4,88;stad;401
1865;5,41;stad;423
1866;5,51;stad;588
1867;3,58;stad;560
1868;6,67;stad;610
1869;5,45;stad;510
1870;4,92;stad;518
1871;4,01;stad;317
1872;6,83;stad;656
1873;6,68;stad;538
1874;6,31;stad;396
1875;3,95;stad;451
1876;4,55;stad;587
1877;4,14;stad;675
1878;6,17;stad;651
1879;4,34;stad;584
1880;5,3;stad;466
1881;3,84;stad;572
1882;6,28;stad;765
1883;5,8;stad;639
1884;5,82;stad;593
1885;5,04;stad;656
1886;5,5;stad;388
1887;5,88;stad;484
1888;3,58;stad;551
1889;5,91;stad;459
1890;5,91;stad;735
1891;5,52;stad;593
1892;4,65;stad;468
1893;4,75;stad;574
1894;6,58;stad;624
1895;4,67;stad;680
1896;5,93;stad;604
1897;5,76;stad;611
1898;5,68;stad;812
1899;5,33;stad;568
1900;5,03;stad;712
1901;6,37;stad;403
1902;4,39;stad;564
1903;6,18;stad;647
1904;5,58;stad;667
1905;6,33;stad;563
1906;6,67;stad;540
1907;5,66;stad;642
1908;6,06;stad;545
1909;5,33;stad;691
1910;7,05;stad;699
1911;7,2;stad;506
1912;6,21;stad;729
1913;6,92;stad;579
1914;7,6;stad;416
1915;4,42;stad;692
1916;6,04;stad;756
1917;5,28;stad;497
1918;6,3;stad;620
1919;5,27;stad;574
1920;7,15;stad;581
1921;7,08;stad;551
1922;5,52;stad;506
1923;5,34;stad;680
1924;6,06;stad;791
1925;6,74;stad;480
1926;6,32;stad;577
1927;6;stad;772
1928;5,95;stad;653
1929;6,15;stad;670
1930;7,76;stad;726
1931;5,42;stad;588
1932;7,27;stad;594
1933;6,99;stad;365
1934;8,53;stad;766
1935;7,2;stad;675
1936;7,14;stad;686
1937;6,97;stad;671
1938;7,92;stad;618
1939;6,92;stad;506
1940;4,89;stad;521
1941;4,52;stad;442
1942;3,68;stad;518
1943;6,95;stad;576
1944;6,01;stad;836
1945;6,18;stad;641
1946;5,81;stad;716
1947;5,16;stad;427
1948;6,38;stad;561
1949;7,38;stad;727
1950;6,06;stad;820
1951;5,9;stad;768
1952;4,86;stad;677
1953;7,07;stad;666
1954;5,35;stad;762
1955;5,29;stad;554
1956;4,61;stad;556
1957;5,92;stad;665
1958;4,91;stad;798
1959;6,91;stad;609
1960;5,61;stad;896
1961;6,83;stad;656
1962;4,98;stad;768
1963;4,98;stad;689
1964;6,21;stad;513
1965;5,17;stad;625
1966;4,78;stad;646
1967;6,38;stad;718
1968;5,6;stad;547
1969;5,22;stad;493
1970;4,63;stad;553
1971;6,39;stad;531
1972;6,52;stad;600
1973;6,55;stad;475
1974;7,04;stad;665
1975;7,8;stad;488
1976;5,73;stad;456
1977;5,82;stad;688
1978;5,38;stad;516
1979;4,9;stad;734
1980;5,26;stad;683
1981;5,31;stad;645
1982;6,1;stad;634
1983;6,45;stad;612
1984;6,16;stad;722
1985;3,56;stad;663
1986;5,09;stad;603
1987;3,94;stad;735
1988;6,39;stad;659
1989;7,92;stad;514
1990;7,93;stad;701
1991;6,94;stad;517
1992;7,43;stad;676
1993;6,08;stad;614
1994;6,48;stad;634
1995;6,25;stad;649
1996;5,28;stad;581
1997;6,92;stad;627
1998;6,12;stad;720
1999;6,94;stad;810
2000;7,83;stad;950
2001;6,42;stad;598
2002;7,06;stad;718
2003;6,72;stad;692
2004;6,82;stad;697
2005;7,14;flyg;546
2006;7,48;flyg;747
2007;7,27;flyg;596
2010;4,97;flyg;738
2011;8;flyg;674
2012;6,91;flyg;870
2013;7,28;flyg;562
2014;8,51;flyg;721
2015;8,3;flyg;712
2016;7,97;flyg;501
2017;7,85;flyg;664
2018;8,35;flyg;560
2019;8,41;flyg;805
2020;9,73;flyg;584
2021;7,85;flyg;674
2022;8,63;flyg;628
2023;7,42;flyg;1005
2024;7,8;flyg;717
2025;8,32;flyg;764
