parti;forkortning;roster;andel_pct;andel_2022_pct;mandat;mandat_2022
Moderaterna;M;15928;14,82;17,01;10;11
Centerpartiet;C;6166;5,74;7,48;4;5
Liberalerna (tidigare Folkpartiet);L;5429;5,05;6,8;3;5
Kristdemokraterna;KD;6102;5,68;5,86;4;4
Arbetarepartiet-Socialdemokraterna;S;32691;30,42;30,55;19;20
Vänsterpartiet;V;11042;10,27;8,43;7;6
Miljöpartiet de gröna;MP;4787;4,45;3,72;3;2
Sverigedemokraterna;SD;6595;6,14;10,7;4;7
Örebropartiet;ÖrP;18318;17,04;7,92;11;5
Kristna Värdepartiet;KVp;143;0,13;0,11;0;0
Piratpartiet;PP;126;0,12;0,2;0;0
Kommunistiska Partiet;K;106;0,1;0,11;0;0
MoD - Mänskliga rättigheter och Demokrati;MD;11;0,01;0,03;0;0
Alternativ för Sverige;AFS;10;0,01;0;0;0
Medborgerlig Samling;MED;8;0,01;0,14;0;0
Partiet Nyans;PNy;6;0,01;0,82;0;0
Direktdemokraterna;DD;4;0;0,02;0;0
Ambition Sverige;Ambition Sverige;4;0;;0;0
Enhet;ENH;1;0;0,01;0;0
SKP KOMMUNISTERNA;SKP;1;0;;0;0
Volt;Volt;1;0;;0;0
ANARKISTERNA;ANARKISTERNA;1;0;0;0;0
