kod;valdistrikt;valkrets;rostberattigade;giltiga;valdeltagande_pct;S;ÖrP;M;V;SD;C;KD;L;MP;Övr
18803192;Adolfsberg västra;Södra;1256;1168;93,47;304;179;336;36;47;74;62;97;33;0
18803193;Adolfsberg östra;Södra;1222;1133;93,37;328;167;255;38;50;66;67;103;57;2
18800484;Almby;Södra;1401;1186;86,15;370;179;232;70;49;101;58;64;62;1
18801502;Asker;Södra;906;787;87,64;135;182;104;37;151;61;65;25;24;3
18801201;Axberg;Norra;1058;920;88;209;228;117;40;77;71;61;64;48;5
18803068;Baronbackarna;Norra;1576;1074;69,23;452;140;32;314;53;11;20;10;30;12
18800216;Bettorp;Norra;1336;1126;85,48;354;201;192;62;58;63;76;73;43;4
18800341;Björkhaga;Norra;1328;1181;90,06;450;216;144;79;66;51;70;55;49;1
18800486;Brickebacken norra;Södra;1169;805;69,72;294;114;21;220;51;22;32;14;30;7
18800487;Brickebacken södra;Södra;1419;952;68,78;372;155;38;225;60;19;31;15;31;6
18800485;Brickeberg;Södra;1179;989;84,56;298;113;133;106;33;72;90;62;74;8
18800222;Bromsplan;Norra;1245;953;77,59;267;211;91;144;59;54;38;33;51;5
18803189;Brunnsgärdet;Södra;1069;935;89,24;290;123;189;41;62;53;69;70;36;2
18800235;Centralstationen;Norra;1031;858;83,9;255;185;115;91;49;40;42;36;42;3
18800234;Centrum;Södra;1165;961;83,35;261;181;196;63;58;53;44;66;36;3
18800483;Ekeby Almby;Södra;1239;1116;91,04;246;197;331;31;48;103;53;65;41;1
18800109;Eklunda;Södra;1227;1057;86,63;251;145;246;31;51;113;58;95;62;5
18801101;Ervalla;Norra;1256;1097;89,01;168;267;150;59;139;146;63;56;45;4
18800111;Eyra;Södra;1202;1048;87,85;289;217;204;62;57;49;55;71;38;6
18803070;Gamla Hjärsta;Norra;1093;937;86,73;297;141;140;80;46;46;86;43;56;2
18800801;Garphyttan;Norra;1289;1087;85,65;348;249;106;82;97;70;54;29;48;4
18802701;Glanshammar;Norra;1134;970;86,95;212;227;177;32;88;79;62;54;35;4
18800488;Grönpepparparken;Södra;1157;990;86,69;299;138;201;84;48;62;56;49;51;2
18800112;Gustavsvik;Södra;972;821;85,91;205;208;186;54;46;38;36;28;19;1
18801801;Gällersta;Södra;1311;1163;89,55;251;271;167;47;121;81;117;61;44;3
18800220;Hagaby-Ringstorp;Norra;1147;1016;89,54;303;168;190;53;57;63;66;81;32;3
18800350;Hagastrand;Norra;1091;923;85,52;285;172;146;79;59;31;44;42;63;2
18801401;Hampetorp;Södra;853;721;85,93;144;147;94;37;91;60;76;37;33;2
18800339;Heden;Norra;1001;760;76,62;214;137;68;75;58;29;126;34;16;3
18801301;Hovsta västra;Norra;1113;1006;91,55;323;159;172;35;45;92;72;48;56;4
18801304;Hovsta östra;Norra;1069;964;90,83;331;169;124;57;54;60;89;47;30;3
18800231;Järntorget;Södra;1268;1033;82,26;343;192;149;123;32;41;55;55;42;1
18803072;Karla;Norra;1159;950;83,35;295;204;120;112;34;48;40;36;55;6
18800344;Karlslund;Norra;1205;1012;85,06;351;162;131;43;54;49;97;64;58;3
18801001;Kil;Norra;1122;992;89,3;162;245;118;55;111;101;53;74;70;3
18801501;Kilsmo-Brevens Bruk;Södra;497;393;79,88;89;85;41;24;78;22;16;19;18;1
18800108;Krämartorget;Södra;1118;889;80,5;288;165;116;110;54;48;34;42;31;1
18803195;Ladugårdsängen Hagen;Södra;1081;875;82,52;245;213;194;53;31;48;28;37;25;1
18803194;Ladugårdsängen södra;Södra;878;719;83,14;187;152;153;83;35;36;33;20;19;1
18800113;Ladugårdsängen västra;Södra;1120;899;81,34;288;160;109;78;39;60;46;49;67;3
18800114;Ladugårdsängen östra;Södra;1029;888;87,56;260;199;112;84;59;49;42;38;44;1
18800802;Latorp;Norra;1212;1057;88,53;282;184;163;39;79;94;58;58;99;1
18802901;Lillkyrka;Norra;978;860;88,55;205;173;183;25;64;83;36;52;39;0
18801302;Lillån västra;Norra;1122;957;85,74;273;182;173;60;53;61;62;56;36;1
18801303;Lillån östra;Norra;1237;1094;89,09;330;197;209;37;54;85;59;62;58;3
18803191;Lindhult norra;Södra;1098;947;86,79;277;165;218;23;49;57;59;71;25;3
18803196;Lindhult södra;Södra;1163;1014;88,74;258;171;263;40;65;47;73;66;29;2
18803060;Lundby norra;Norra;1195;963;81,26;351;142;105;120;48;47;74;40;35;1
18803061;Lundby södra;Norra;1059;844;81,11;264;131;103;86;69;35;79;33;34;10
18800219;Längbrotorg;Norra;1129;920;82,29;278;190;86;128;55;45;33;40;59;6
18800229;Malmplan;Norra;1264;946;75,71;296;220;86;119;72;36;22;37;53;5
18800501;Marieberg;Södra;1053;957;92,12;234;164;255;30;69;54;65;53;29;4
18803074;Markbacken;Norra;1308;912;70,34;406;97;40;256;36;10;21;12;31;3
18800340;Mellringe;Norra;1266;1028;81,52;268;218;115;76;99;65;109;39;35;4
18803071;Mikael;Norra;1170;953;82,39;282;174;139;78;47;83;51;52;43;4
18800502;Mosås;Södra;1278;1149;90,77;278;260;243;72;96;61;57;45;37;0
18803190;Nasta;Södra;1296;1126;87,65;317;170;252;44;57;92;70;84;39;1
18800228;Nobel;Norra;1261;978;79,06;307;195;84;158;63;39;44;37;40;11
18800493;Norra Ormesta;Södra;899;811;91,66;246;125;178;53;37;59;33;34;45;1
18800221;Norrby;Norra;1189;889;75,69;314;180;54;153;49;28;33;31;44;3
18801701;Norrbyås;Södra;804;725;90,42;140;180;93;28;66;55;49;70;43;1
18803067;Nya Hjärsta;Norra;1216;1048;87,01;333;176;143;90;52;59;99;44;43;9
18803066;Nyponlunden;Norra;1038;843;81,98;228;138;112;55;38;36;170;36;24;6
18800102;Näbbtorget;Södra;1358;1080;80,27;396;178;113;123;83;43;37;50;53;4
18800489;Näsby;Södra;1256;1129;91,24;351;145;246;53;40;97;61;53;78;5
18801503;Odensbacken;Södra;1194;971;82,33;238;194;115;37;144;48;135;29;30;1
18800217;Olaus Petri;Södra;1080;819;76,94;289;141;67;118;66;18;35;40;36;9
18800115;Olivplan;Södra;1194;1000;85,18;297;162;216;96;56;48;51;34;36;4
18800492;Ormesta;Södra;837;750;90,32;175;128;187;22;31;67;46;47;45;2
18800104;Oskarsparken;Södra;1149;992;87,03;299;137;201;55;49;53;60;97;39;2
18800345;Oxhagen;Norra;1455;1012;70,24;460;75;26;334;35;15;21;10;32;4
18802601;Rinkaby;Norra;862;768;90,72;161;162;115;29;57;89;36;61;52;6
18800348;Rosta västra;Norra;1211;947;79,77;292;213;79;149;55;36;40;31;41;11
18800349;Rosta östra;Norra;1339;1060;80,21;408;155;130;105;53;51;49;56;46;7
18800225;Rynninge;Norra;1197;1122;94,65;343;112;215;33;52;101;78;106;80;2
18800224;Rynningeåsen;Norra;1044;913;88,31;308;118;156;60;42;66;50;67;45;1
18800479;Skebäck;Södra;1428;1259;89,43;398;192;256;75;48;80;54;100;54;2
18800233;Slottet;Södra;1232;1065;87,01;302;178;214;108;58;43;46;69;44;3
18800227;Sofia;Södra;1081;927;86,77;275;110;152;71;49;72;75;76;43;4
18800346;Solhaga;Norra;1065;914;86,2;401;124;78;72;57;53;42;54;28;5
18800107;Stadsparken;Södra;1175;1018;87,4;299;162;186;82;55;72;32;55;70;5
18801601;Stora Mellösa västra;Södra;949;831;88,41;202;156;117;29;101;74;81;33;33;5
18801602;Stora Mellösa östra;Södra;691;627;91,32;158;120;94;32;68;52;44;35;23;1
18800223;Svampen;Norra;1398;1154;83,69;345;222;142;130;78;67;68;50;48;4
18800106;Sveaparken;Södra;1201;1052;87,93;310;161;240;67;45;67;51;62;41;8
18800110;Södermalm;Södra;1389;1060;77,83;311;194;127;170;46;40;73;48;43;8
18800480;Sörby norra;Södra;1204;1062;88,79;328;175;219;65;42;56;40;81;50;6
18800481;Sörby södra;Södra;1306;1163;89,82;366;140;242;65;51;81;42;101;74;1
18800116;Sörbyängen;Södra;1074;954;89,48;267;166;148;82;53;56;46;65;69;2
18800226;Tegnér;Norra;1113;877;79,69;267;167;117;101;58;46;23;52;43;3
18803073;Trängen;Norra;1217;901;74,69;391;110;77;134;51;29;42;34;29;4
18800482;Tybble;Södra;1063;771;74,79;248;204;51;116;57;21;17;24;29;4
18800494;Tybblekullen;Södra;1520;1213;80,92;399;170;223;172;45;50;52;41;55;6
18800490;Tybblelund;Södra;1246;1099;89,57;334;122;219;108;37;74;58;63;81;3
18800503;Täby;Södra;805;714;89,69;124;158;115;22;98;82;45;37;31;2
18800491;Universitetet;Södra;956;777;82,85;246;93;122;131;18;42;35;22;65;3
18800232;Universitetssjukhuset;Södra;1262;1048;84,23;301;165;159;126;53;46;66;76;49;7
18800342;Varberga västra;Norra;1312;829;63,8;286;118;44;259;32;12;35;12;27;4
18800343;Varberga östra;Norra;1120;724;65;284;66;30;234;34;11;33;7;22;3
18800230;Vasastan;Norra;1288;1090;85,64;326;179;145;118;79;61;67;62;52;1
18800701;Vintrosa;Norra;1156;1029;90,4;273;245;120;44;98;81;70;49;48;1
18803063;Vivalla norra;Norra;1519;984;64,91;460;45;19;375;25;15;19;7;14;5
18803062;Vivalla västra;Norra;1531;1012;66,43;425;51;11;465;11;14;14;5;13;3
18803064;Vivalla östra;Norra;1473;991;67,62;446;40;8;434;14;10;10;4;21;4
18800347;Västhaga;Norra;1232;958;78,81;350;205;55;111;101;26;43;36;29;2
18800103;Våghustorget;Södra;1028;837;82,78;276;158;119;73;53;39;29;59;25;6
18800105;Wadköping;Södra;1110;942;85,95;263;155;187;55;51;63;65;51;43;9
18800218;Åkullen;Norra;1196;954;81,02;324;167;108;122;58;40;57;39;33;6
18800101;Örnsro;Södra;1427;1129;80,1;388;173;112;154;81;60;50;47;61;3
