vardcentral;adress;ort;i_orebro_kommun;omrade;telefon_samma_dag_pct;helhetsintryck_pct;lat;lon
Adolfsbergs vårdcentral;Lindhultsvägen 2, Örebro;Örebro;ja;Brunnsgärdet-Lindhult-Nasta;82;73;59,23909;15,1607
Askersunds vårdcentral;Bertil Boos väg 11, Askersund;Askersund;nej;;64;71;58,88409;14,91273
Baggängens vårdcentral;Baggängsvägen 59, Karlskoga;Karlskoga;nej;;73;76;59,31494;14,48828
Brickebackens vårdcentral;Granrisvägen 23, Örebro;Örebro;ja;Brickebacken;73;83;59,23879;15,24232
Brickegårdens vårdcentral;Österleden 10, Karlskoga;Karlskoga;nej;;82;82;59,33239;14,57313
Capio vårdcentral Haga;Skäpplandsgatan 31-33, Örebro;Örebro;ja;Västhaga-Solhaga;90;67;59,27527;15,16617
Capio vårdcentral Hallsberg;Långängsvägen 11, Hallsberg;Hallsberg;nej;;77;79;59,06039;15,11672
Capio vårdcentral Lekeberg;Vallgatan 17, Fjugesta;Fjugesta;nej;;94;83;59,17512;14,8652
Freya vårdcentral;Järnvägsgatan 1, Frövi;Frövi;nej;;80;88;59,46691;15,36388
Hällefors vårdcentral;Gillersvägen 20, Hällefors;Hällefors;nej;;86;72;59,77968;14,52199
Idun vårdcentral Storå;Kopparbergsvägen 17, Storå;Storå;nej;;82;;59,71415;15,12793
Karla vårdcentral;Älvtomtagatan 30, 1 tr;Örebro;ja;Rosta-Örnsro;64;65;59,27608;15,19633
Karolina vårdcentral;Urbrinken 4, Karlskoga våning 2 och 3;Karlskoga;nej;;74;73;59,32743;14,52309
Kopparbergs vårdcentral;Bergmästaregatan 17, Kopparberg;Kopparberg;nej;;93;77;59,87468;15,00252
Kumla vårdcentral;Norra Kungsvägen 8, Kumla samt MVC/BCV på Magasinsgatan 4, Kumla;Kumla;nej;;84;68;59,12945;15,14464
Laxå vårdcentral;Gamla Tivägen, Laxå;Laxå;nej;;83;79;58,98012;14,63218
Lillåns vårdcentral;Rödklövervägen 160, Örebro;Örebro;ja;Lillån;73;76;59,31924;15,22367
Lindesbergs vårdcentral;Banvägen 24 A, 71131 Lindesberg;Lindesberg;nej;;89;69;59,59706;15,22781
Mikaeli vårdcentral;Hjalmar Bergmans väg 5  Örebro;Örebro;ja;Holmen-Hjärsta;83;80;59,28819;15,19916
Mitt i Stan vårdcentral;Fredsgatan 2, 703 39 Örebro;Örebro;ja;Örebro city;95;90;59,27733;15,21137
Nora vårdcentral;Kvarnvägen 11, 713 31 Nora;Nora;nej;;83;74;59,52131;15,03138
Odensbackens vårdcentral;Örebrovägen 30, Odensbacken;Odensbacken;ja;Östernärke;89;77;59,15884;15,52595
Olaus Petri vårdcentral;Ribbingsgatan 6-8, Örebro;Örebro;ja;Örebro norr-CV;85;73;59,28062;15,21731
Pilgårdens vårdcentral;Pilgatan 2, Degerfors;Degerfors;nej;;91;77;59,24273;14,43053
Praktikertjänst Backa vårdcentral;Gammelbackavägen 4 D, Karlskoga;Karlskoga;nej;;66;85;59,33014;14,55097
Skebäcks vårdcentral;Wadköpingsvägen 36, Örebro;Örebro;ja;Örebro öster;73;74;59,27233;15,2357
Tybble vårdcentral;Sörbyängsvägen 4, Örebro;Örebro;ja;Tybble;89;79;59,25434;15,23658
Varberga vårdcentral;Varbergagatan 75, Örebro;Örebro;ja;Varberga-Oxhagen;93;77;59,28661;15,18045
Vivalla/Lundby vårdcentral;Poesigatan 20 D, Örebro;Örebro;ja;Vivalla;81;82;59,29938;15,18782
Ängens vårdcentral;Landbotorpsallén 19, Örebro;Örebro;ja;Ladugårdsängen;88;70;59,2569;15,20447
