typ;enhet;fraga;ar;varde_pct
Särskilt boende;Adolfsbergshemmet;Nöjda med boendet;2025;63
Särskilt boende;Adolfsbergshemmet;Trygga;2025;90
Särskilt boende;Adolfsbergshemmet;Maten smakar bra;2025;71
Särskilt boende;Adolfsbergshemmet;Nöjda med aktiviteterna;2025;50
Särskilt boende;Adolfsbergshemmet;Trivsamma gemensamma rum;2025;48
Särskilt boende;Adolfsbergshemmet;Får träffa sjuksköterska;2025;67
Särskilt boende;Adolfsbergshemmet;Får träffa läkare;2025;45
Särskilt boende;Adrianska huset;Nöjda med boendet;2025;86
Särskilt boende;Adrianska huset;Trygga;2025;71
Särskilt boende;Adrianska huset;Maten smakar bra;2025;86
Särskilt boende;Adrianska huset;Trivsamma gemensamma rum;2025;57
Särskilt boende;Askenäs;Nöjda med boendet;2025;100
Särskilt boende;Askenäs;Trygga;2025;75
Särskilt boende;Askenäs;Maten smakar bra;2025;78
Särskilt boende;Askenäs;Nöjda med aktiviteterna;2023;100
Särskilt boende;Askenäs;Trivsamma gemensamma rum;2025;62
Särskilt boende;Askenäs;Får träffa sjuksköterska;2025;62
Särskilt boende;Askenäs;Får träffa läkare;2023;60
Särskilt boende;Backagården;Nöjda med boendet;2025;91
Särskilt boende;Backagården;Trygga;2025;91
Särskilt boende;Backagården;Maten smakar bra;2025;67
Särskilt boende;Backagården;Nöjda med aktiviteterna;2025;44
Särskilt boende;Backagården;Trivsamma gemensamma rum;2025;60
Särskilt boende;Backagården;Får träffa sjuksköterska;2025;70
Särskilt boende;Backagården;Får träffa läkare;2025;50
Särskilt boende;Berggården;Nöjda med boendet;2025;100
Särskilt boende;Berggården;Trygga;2025;91
Särskilt boende;Berggården;Maten smakar bra;2025;91
Särskilt boende;Berggården;Nöjda med aktiviteterna;2025;45
Särskilt boende;Berggården;Trivsamma gemensamma rum;2025;55
Särskilt boende;Berggården;Får träffa sjuksköterska;2025;70
Särskilt boende;Berggården;Får träffa läkare;2025;50
Särskilt boende;Demenscentrum;Nöjda med boendet;2023;45
Särskilt boende;Demenscentrum;Trygga;2023;62
Särskilt boende;Demenscentrum;Maten smakar bra;2023;77
Särskilt boende;Demenscentrum;Nöjda med aktiviteterna;2023;50
Särskilt boende;Demenscentrum;Trivsamma gemensamma rum;2023;25
Särskilt boende;Demenscentrum;Får träffa sjuksköterska;2023;55
Särskilt boende;Demenscentrum;Får träffa läkare;2023;44
Särskilt boende;Elgströmska;Nöjda med boendet;2025;87
Särskilt boende;Elgströmska;Trygga;2025;100
Särskilt boende;Elgströmska;Maten smakar bra;2025;73
Särskilt boende;Elgströmska;Nöjda med aktiviteterna;2025;71
Särskilt boende;Elgströmska;Trivsamma gemensamma rum;2025;53
Särskilt boende;Elgströmska;Får träffa sjuksköterska;2025;87
Särskilt boende;Elgströmska;Får träffa läkare;2025;75
Särskilt boende;Hagagården;Nöjda med boendet;2025;92
Särskilt boende;Hagagården;Trygga;2025;100
Särskilt boende;Hagagården;Maten smakar bra;2025;62
Särskilt boende;Hagagården;Nöjda med aktiviteterna;2025;64
Särskilt boende;Hagagården;Trivsamma gemensamma rum;2025;55
Särskilt boende;Hagagården;Får träffa sjuksköterska;2025;90
Särskilt boende;Hagagården;Får träffa läkare;2025;40
Särskilt boende;Jeremias Brickegården;Nöjda med boendet;2025;88
Särskilt boende;Jeremias Brickegården;Trygga;2025;88
Särskilt boende;Jeremias Brickegården;Maten smakar bra;2025;44
Särskilt boende;Jeremias Brickegården;Nöjda med aktiviteterna;2025;57
Särskilt boende;Jeremias Brickegården;Trivsamma gemensamma rum;2025;44
Särskilt boende;Jeremias Brickegården;Får träffa sjuksköterska;2025;100
Särskilt boende;Jeremias Brickegården;Får träffa läkare;2025;75
Särskilt boende;Jeremias Sörgården;Nöjda med boendet;2025;100
Särskilt boende;Jeremias Sörgården;Trygga;2025;100
Särskilt boende;Jeremias Sörgården;Maten smakar bra;2025;62
Särskilt boende;Jeremias Sörgården;Nöjda med aktiviteterna;2025;71
Särskilt boende;Jeremias Sörgården;Får träffa sjuksköterska;2025;100
Särskilt boende;Jeremias Takåsen;Nöjda med boendet;2025;55
Särskilt boende;Jeremias Takåsen;Trygga;2025;100
Särskilt boende;Jeremias Takåsen;Maten smakar bra;2025;50
Särskilt boende;Jeremias Takåsen;Nöjda med aktiviteterna;2025;80
Särskilt boende;Jeremias Takåsen;Trivsamma gemensamma rum;2025;33
Särskilt boende;Jeremias Takåsen;Får träffa sjuksköterska;2025;56
Särskilt boende;Jeremias Takåsen;Får träffa läkare;2025;12
Särskilt boende;Jeremiasgården;Nöjda med boendet;2025;79
Särskilt boende;Jeremiasgården;Trygga;2025;97
Särskilt boende;Jeremiasgården;Maten smakar bra;2025;52
Särskilt boende;Jeremiasgården;Nöjda med aktiviteterna;2025;71
Särskilt boende;Jeremiasgården;Trivsamma gemensamma rum;2025;36
Särskilt boende;Jeremiasgården;Får träffa sjuksköterska;2025;84
Särskilt boende;Jeremiasgården;Får träffa läkare;2025;57
Särskilt boende;Karlslundsgården;Nöjda med boendet;2025;84
Särskilt boende;Karlslundsgården;Trygga;2025;97
Särskilt boende;Karlslundsgården;Maten smakar bra;2025;69
Särskilt boende;Karlslundsgården;Nöjda med aktiviteterna;2025;62
Särskilt boende;Karlslundsgården;Trivsamma gemensamma rum;2025;74
Särskilt boende;Karlslundsgården;Får träffa sjuksköterska;2025;80
Särskilt boende;Karlslundsgården;Får träffa läkare;2025;68
Särskilt boende;Klosterbacken;Nöjda med boendet;2025;80
Särskilt boende;Klosterbacken;Trygga;2025;91
Särskilt boende;Klosterbacken;Maten smakar bra;2025;50
Särskilt boende;Klosterbacken;Nöjda med aktiviteterna;2025;60
Särskilt boende;Klosterbacken;Trivsamma gemensamma rum;2025;64
Särskilt boende;Klosterbacken;Får träffa sjuksköterska;2025;64
Särskilt boende;Klosterbacken;Får träffa läkare;2025;33
Särskilt boende;Kornellen;Nöjda med boendet;2025;82
Särskilt boende;Kornellen;Trygga;2025;93
Särskilt boende;Kornellen;Maten smakar bra;2025;68
Särskilt boende;Kornellen;Nöjda med aktiviteterna;2025;70
Särskilt boende;Kornellen;Trivsamma gemensamma rum;2025;61
Särskilt boende;Kornellen;Får träffa sjuksköterska;2025;85
Särskilt boende;Kornellen;Får träffa läkare;2025;65
Särskilt boende;Löwenhjelmska;Nöjda med boendet;2025;100
Särskilt boende;Löwenhjelmska;Trygga;2025;100
Särskilt boende;Löwenhjelmska;Maten smakar bra;2025;83
Särskilt boende;Löwenhjelmska;Nöjda med aktiviteterna;2025;56
Särskilt boende;Löwenhjelmska;Trivsamma gemensamma rum;2025;71
Särskilt boende;Löwenhjelmska;Får träffa sjuksköterska;2025;95
Särskilt boende;Löwenhjelmska;Får träffa läkare;2025;64
Särskilt boende;Mikaeligården;Nöjda med boendet;2025;71
Särskilt boende;Mikaeligården;Trygga;2025;76
Särskilt boende;Mikaeligården;Maten smakar bra;2025;64
Särskilt boende;Mikaeligården;Nöjda med aktiviteterna;2025;35
Särskilt boende;Mikaeligården;Trivsamma gemensamma rum;2025;38
Särskilt boende;Mikaeligården;Får träffa sjuksköterska;2025;83
Särskilt boende;Mikaeligården;Får träffa läkare;2025;65
Särskilt boende;Rostahemmet;Nöjda med boendet;2025;79
Särskilt boende;Rostahemmet;Trygga;2025;83
Särskilt boende;Rostahemmet;Maten smakar bra;2025;76
Särskilt boende;Rostahemmet;Nöjda med aktiviteterna;2025;71
Särskilt boende;Rostahemmet;Trivsamma gemensamma rum;2025;64
Särskilt boende;Rostahemmet;Får träffa sjuksköterska;2025;84
Särskilt boende;Rostahemmet;Får träffa läkare;2025;64
Särskilt boende;Rynningeviken;Nöjda med boendet;2025;64
Särskilt boende;Rynningeviken;Trygga;2025;89
Särskilt boende;Rynningeviken;Maten smakar bra;2025;48
Särskilt boende;Rynningeviken;Nöjda med aktiviteterna;2025;38
Särskilt boende;Rynningeviken;Trivsamma gemensamma rum;2025;64
Särskilt boende;Rynningeviken;Får träffa sjuksköterska;2025;79
Särskilt boende;Rynningeviken;Får träffa läkare;2025;52
Särskilt boende;Sirishof;Nöjda med boendet;2025;68
Särskilt boende;Sirishof;Trygga;2025;73
Särskilt boende;Sirishof;Maten smakar bra;2025;52
Särskilt boende;Sirishof;Nöjda med aktiviteterna;2025;53
Särskilt boende;Sirishof;Trivsamma gemensamma rum;2025;21
Särskilt boende;Sirishof;Får träffa sjuksköterska;2025;67
Särskilt boende;Sirishof;Får träffa läkare;2025;33
Särskilt boende;Skebäcksgården;Nöjda med boendet;2025;86
Särskilt boende;Skebäcksgården;Trygga;2025;90
Särskilt boende;Skebäcksgården;Maten smakar bra;2025;76
Särskilt boende;Skebäcksgården;Nöjda med aktiviteterna;2025;68
Särskilt boende;Skebäcksgården;Trivsamma gemensamma rum;2025;74
Särskilt boende;Skebäcksgården;Får träffa sjuksköterska;2025;85
Särskilt boende;Skebäcksgården;Får träffa läkare;2025;43
Särskilt boende;Skäpplandsgården;Nöjda med boendet;2025;78
Särskilt boende;Skäpplandsgården;Trygga;2025;100
Särskilt boende;Skäpplandsgården;Maten smakar bra;2025;56
Särskilt boende;Skäpplandsgården;Nöjda med aktiviteterna;2025;100
Särskilt boende;Skäpplandsgården;Trivsamma gemensamma rum;2025;33
Särskilt boende;Skäpplandsgården;Får träffa sjuksköterska;2025;100
Särskilt boende;Skäpplandsgården;Får träffa läkare;2025;100
Särskilt boende;Södermalmshemmet;Nöjda med boendet;2025;67
Särskilt boende;Södermalmshemmet;Trygga;2025;84
Särskilt boende;Södermalmshemmet;Maten smakar bra;2025;55
Särskilt boende;Södermalmshemmet;Nöjda med aktiviteterna;2025;46
Särskilt boende;Södermalmshemmet;Trivsamma gemensamma rum;2025;43
Särskilt boende;Södermalmshemmet;Får träffa sjuksköterska;2025;76
Särskilt boende;Södermalmshemmet;Får träffa läkare;2025;29
Särskilt boende;Trädgårdarna;Nöjda med boendet;2025;82
Särskilt boende;Trädgårdarna;Trygga;2025;90
Särskilt boende;Trädgårdarna;Maten smakar bra;2025;69
Särskilt boende;Trädgårdarna;Nöjda med aktiviteterna;2025;74
Särskilt boende;Trädgårdarna;Trivsamma gemensamma rum;2025;59
Särskilt boende;Trädgårdarna;Får träffa sjuksköterska;2025;70
Särskilt boende;Trädgårdarna;Får träffa läkare;2025;45
Särskilt boende;Vintrosahemmet;Nöjda med boendet;2025;80
Särskilt boende;Vintrosahemmet;Trygga;2025;87
Särskilt boende;Vintrosahemmet;Maten smakar bra;2025;60
Särskilt boende;Vintrosahemmet;Nöjda med aktiviteterna;2025;64
Särskilt boende;Vintrosahemmet;Trivsamma gemensamma rum;2025;57
Särskilt boende;Vintrosahemmet;Får träffa sjuksköterska;2025;85
Särskilt boende;Vintrosahemmet;Får träffa läkare;2025;38
Särskilt boende;Västerpark;Nöjda med boendet;2025;73
Särskilt boende;Västerpark;Trygga;2025;81
Särskilt boende;Västerpark;Maten smakar bra;2025;62
Särskilt boende;Västerpark;Nöjda med aktiviteterna;2025;36
Särskilt boende;Västerpark;Trivsamma gemensamma rum;2025;50
Särskilt boende;Västerpark;Får träffa sjuksköterska;2025;71
Särskilt boende;Västerpark;Får träffa läkare;2025;47
Särskilt boende;Vårdboendenämnden;Nöjda med boendet;2025;80
Särskilt boende;Vårdboendenämnden;Trygga;2025;90
Särskilt boende;Vårdboendenämnden;Maten smakar bra;2025;67
Särskilt boende;Vårdboendenämnden;Nöjda med aktiviteterna;2025;58
Särskilt boende;Vårdboendenämnden;Trivsamma gemensamma rum;2025;59
Särskilt boende;Vårdboendenämnden;Får träffa sjuksköterska;2025;79
Särskilt boende;Vårdboendenämnden;Får träffa läkare;2025;54
Särskilt boende;Ängen;Nöjda med boendet;2025;76
Särskilt boende;Ängen;Trygga;2025;96
Särskilt boende;Ängen;Maten smakar bra;2025;83
Särskilt boende;Ängen;Nöjda med aktiviteterna;2025;56
Särskilt boende;Ängen;Trivsamma gemensamma rum;2025;71
Särskilt boende;Ängen;Får träffa sjuksköterska;2025;81
Särskilt boende;Ängen;Får träffa läkare;2025;57
Hemtjänst;A-omsorg;Nöjda med hemtjänsten;2025;80
Hemtjänst;A-omsorg;Trygga;2025;79
Hemtjänst;A-omsorg;Bra bemötande;2025;93
Hemtjänst;A-omsorg;Personalen har tid;2025;73
Hemtjänst;A-omsorg;Personalen kommer i tid;2025;73
Hemtjänst;A-omsorg;Förtroende för personalen;2025;80
Hemtjänst;Akita omsorg;Nöjda med hemtjänsten;2025;89
Hemtjänst;Akita omsorg;Trygga;2025;89
Hemtjänst;Akita omsorg;Bra bemötande;2025;89
Hemtjänst;Akita omsorg;Personalen har tid;2025;94
Hemtjänst;Akita omsorg;Personalen kommer i tid;2025;89
Hemtjänst;Akita omsorg;Förtroende för personalen;2025;89
Hemtjänst;Amare Omsorg;Nöjda med hemtjänsten;2025;92
Hemtjänst;Amare Omsorg;Trygga;2025;86
Hemtjänst;Amare Omsorg;Bra bemötande;2025;100
Hemtjänst;Amare Omsorg;Personalen har tid;2025;93
Hemtjänst;Amare Omsorg;Personalen kommer i tid;2025;93
Hemtjänst;Amare Omsorg;Förtroende för personalen;2025;92
Hemtjänst;Aspen Hemtjänst;Nöjda med hemtjänsten;2025;86
Hemtjänst;Aspen Hemtjänst;Trygga;2025;80
Hemtjänst;Aspen Hemtjänst;Bra bemötande;2025;96
Hemtjänst;Aspen Hemtjänst;Personalen har tid;2025;86
Hemtjänst;Aspen Hemtjänst;Personalen kommer i tid;2025;84
Hemtjänst;Aspen Hemtjänst;Förtroende för personalen;2025;84
Hemtjänst;Avancerad Omsorg och vård;Nöjda med hemtjänsten;2025;92
Hemtjänst;Avancerad Omsorg och vård;Trygga;2025;88
Hemtjänst;Avancerad Omsorg och vård;Bra bemötande;2025;96
Hemtjänst;Avancerad Omsorg och vård;Personalen har tid;2025;80
Hemtjänst;Avancerad Omsorg och vård;Personalen kommer i tid;2025;80
Hemtjänst;Avancerad Omsorg och vård;Förtroende för personalen;2025;88
Hemtjänst;Axberg/ Grenadjären/ Vivalla grupp;Nöjda med hemtjänsten;2025;69
Hemtjänst;Axberg/ Grenadjären/ Vivalla grupp;Trygga;2025;76
Hemtjänst;Axberg/ Grenadjären/ Vivalla grupp;Bra bemötande;2025;87
Hemtjänst;Axberg/ Grenadjären/ Vivalla grupp;Personalen har tid;2025;61
Hemtjänst;Axberg/ Grenadjären/ Vivalla grupp;Personalen kommer i tid;2025;59
Hemtjänst;Axberg/ Grenadjären/ Vivalla grupp;Förtroende för personalen;2025;79
Hemtjänst;Cleverex Omsorg AB;Nöjda med hemtjänsten;2025;62
Hemtjänst;Cleverex Omsorg AB;Trygga;2025;81
Hemtjänst;Cleverex Omsorg AB;Bra bemötande;2025;94
Hemtjänst;Cleverex Omsorg AB;Personalen har tid;2025;60
Hemtjänst;Cleverex Omsorg AB;Personalen kommer i tid;2025;75
Hemtjänst;Cleverex Omsorg AB;Förtroende för personalen;2025;87
Hemtjänst;Dreamcare omsorg;Nöjda med hemtjänsten;2025;93
Hemtjänst;Dreamcare omsorg;Trygga;2025;88
Hemtjänst;Dreamcare omsorg;Bra bemötande;2025;96
Hemtjänst;Dreamcare omsorg;Personalen har tid;2025;93
Hemtjänst;Dreamcare omsorg;Personalen kommer i tid;2025;93
Hemtjänst;Dreamcare omsorg;Förtroende för personalen;2025;89
Hemtjänst;Good Service;Nöjda med hemtjänsten;2025;100
Hemtjänst;Good Service;Trygga;2025;81
Hemtjänst;Good Service;Bra bemötande;2025;95
Hemtjänst;Good Service;Personalen har tid;2025;73
Hemtjänst;Good Service;Personalen kommer i tid;2025;91
Hemtjänst;Good Service;Förtroende för personalen;2025;91
Hemtjänst;Lycka omsorg AB;Nöjda med hemtjänsten;2025;85
Hemtjänst;Lycka omsorg AB;Trygga;2025;95
Hemtjänst;Lycka omsorg AB;Bra bemötande;2025;95
Hemtjänst;Lycka omsorg AB;Personalen har tid;2025;84
Hemtjänst;Lycka omsorg AB;Personalen kommer i tid;2025;89
Hemtjänst;Lycka omsorg AB;Förtroende för personalen;2025;100
Hemtjänst;Örebro hemvård Almby;Nöjda med hemtjänsten;2025;89
Hemtjänst;Örebro hemvård Almby;Trygga;2025;84
Hemtjänst;Örebro hemvård Almby;Bra bemötande;2025;97
Hemtjänst;Örebro hemvård Almby;Personalen har tid;2025;84
Hemtjänst;Örebro hemvård Almby;Personalen kommer i tid;2025;85
Hemtjänst;Örebro hemvård Almby;Förtroende för personalen;2025;85
Hemtjänst;Örebro hemvård Eker;Nöjda med hemtjänsten;2025;77
Hemtjänst;Örebro hemvård Eker;Trygga;2025;79
Hemtjänst;Örebro hemvård Eker;Bra bemötande;2025;93
Hemtjänst;Örebro hemvård Eker;Personalen har tid;2025;68
Hemtjänst;Örebro hemvård Eker;Personalen kommer i tid;2025;64
Hemtjänst;Örebro hemvård Eker;Förtroende för personalen;2025;83
Hemtjänst;Örebro hemvård Eyra;Nöjda med hemtjänsten;2025;89
Hemtjänst;Örebro hemvård Eyra;Trygga;2025;88
Hemtjänst;Örebro hemvård Eyra;Bra bemötande;2025;100
Hemtjänst;Örebro hemvård Eyra;Personalen har tid;2025;86
Hemtjänst;Örebro hemvård Eyra;Personalen kommer i tid;2025;80
Hemtjänst;Örebro hemvård Eyra;Förtroende för personalen;2025;96
Hemtjänst;Örebro hemvård Gustavsvik;Nöjda med hemtjänsten;2025;85
Hemtjänst;Örebro hemvård Gustavsvik;Trygga;2025;90
Hemtjänst;Örebro hemvård Gustavsvik;Bra bemötande;2025;98
Hemtjänst;Örebro hemvård Gustavsvik;Personalen har tid;2025;87
Hemtjänst;Örebro hemvård Gustavsvik;Personalen kommer i tid;2025;81
Hemtjänst;Örebro hemvård Gustavsvik;Förtroende för personalen;2025;91
Hemtjänst;Örebro hemvård Haga;Nöjda med hemtjänsten;2025;83
Hemtjänst;Örebro hemvård Haga;Trygga;2025;76
Hemtjänst;Örebro hemvård Haga;Bra bemötande;2025;94
Hemtjänst;Örebro hemvård Haga;Personalen har tid;2025;78
Hemtjänst;Örebro hemvård Haga;Personalen kommer i tid;2025;82
Hemtjänst;Örebro hemvård Haga;Förtroende för personalen;2025;82
Hemtjänst;Örebro hemvård Hjälmaren;Nöjda med hemtjänsten;2025;92
Hemtjänst;Örebro hemvård Hjälmaren;Trygga;2025;93
Hemtjänst;Örebro hemvård Hjälmaren;Bra bemötande;2025;98
Hemtjänst;Örebro hemvård Hjälmaren;Personalen har tid;2025;88
Hemtjänst;Örebro hemvård Hjälmaren;Personalen kommer i tid;2025;92
Hemtjänst;Örebro hemvård Hjälmaren;Förtroende för personalen;2025;93
Hemtjänst;Örebro hemvård Karla;Nöjda med hemtjänsten;2025;95
Hemtjänst;Örebro hemvård Karla;Trygga;2025;90
Hemtjänst;Örebro hemvård Karla;Bra bemötande;2025;98
Hemtjänst;Örebro hemvård Karla;Personalen har tid;2025;98
Hemtjänst;Örebro hemvård Karla;Personalen kommer i tid;2025;88
Hemtjänst;Örebro hemvård Karla;Förtroende för personalen;2025;95
Hemtjänst;Örebro hemvård Karlslund;Nöjda med hemtjänsten;2025;76
Hemtjänst;Örebro hemvård Karlslund;Trygga;2025;76
Hemtjänst;Örebro hemvård Karlslund;Bra bemötande;2025;98
Hemtjänst;Örebro hemvård Karlslund;Personalen har tid;2025;75
Hemtjänst;Örebro hemvård Karlslund;Personalen kommer i tid;2025;67
Hemtjänst;Örebro hemvård Karlslund;Förtroende för personalen;2025;88
Hemtjänst;Örebro hemvård Kvismaren;Nöjda med hemtjänsten;2025;91
Hemtjänst;Örebro hemvård Kvismaren;Trygga;2025;84
Hemtjänst;Örebro hemvård Kvismaren;Bra bemötande;2025;97
Hemtjänst;Örebro hemvård Kvismaren;Personalen har tid;2025;87
Hemtjänst;Örebro hemvård Kvismaren;Personalen kommer i tid;2025;81
Hemtjänst;Örebro hemvård Kvismaren;Förtroende för personalen;2025;100
Hemtjänst;Örebro hemvård Marka;Nöjda med hemtjänsten;2025;71
Hemtjänst;Örebro hemvård Marka;Trygga;2025;79
Hemtjänst;Örebro hemvård Marka;Bra bemötande;2025;94
Hemtjänst;Örebro hemvård Marka;Personalen har tid;2025;65
Hemtjänst;Örebro hemvård Marka;Personalen kommer i tid;2025;72
Hemtjänst;Örebro hemvård Marka;Förtroende för personalen;2025;81
Hemtjänst;Örebro hemvård Mikaeli;Nöjda med hemtjänsten;2025;92
Hemtjänst;Örebro hemvård Mikaeli;Trygga;2025;91
Hemtjänst;Örebro hemvård Mikaeli;Bra bemötande;2025;94
Hemtjänst;Örebro hemvård Mikaeli;Personalen har tid;2025;82
Hemtjänst;Örebro hemvård Mikaeli;Personalen kommer i tid;2025;80
Hemtjänst;Örebro hemvård Mikaeli;Förtroende för personalen;2025;86
Hemtjänst;Örebro hemvård Nobel;Nöjda med hemtjänsten;2025;82
Hemtjänst;Örebro hemvård Nobel;Trygga;2025;77
Hemtjänst;Örebro hemvård Nobel;Bra bemötande;2025;96
Hemtjänst;Örebro hemvård Nobel;Personalen har tid;2025;74
Hemtjänst;Örebro hemvård Nobel;Personalen kommer i tid;2025;75
Hemtjänst;Örebro hemvård Nobel;Förtroende för personalen;2025;84
Hemtjänst;Örebro hemvård Sofia;Nöjda med hemtjänsten;2025;53
Hemtjänst;Örebro hemvård Sofia;Trygga;2025;68
Hemtjänst;Örebro hemvård Sofia;Bra bemötande;2025;89
Hemtjänst;Örebro hemvård Sofia;Personalen har tid;2025;64
Hemtjänst;Örebro hemvård Sofia;Personalen kommer i tid;2025;47
Hemtjänst;Örebro hemvård Sofia;Förtroende för personalen;2025;74
Hemtjänst;Örebro hemvård Svampen;Nöjda med hemtjänsten;2025;83
Hemtjänst;Örebro hemvård Svampen;Trygga;2025;81
Hemtjänst;Örebro hemvård Svampen;Bra bemötande;2025;94
Hemtjänst;Örebro hemvård Svampen;Personalen har tid;2025;85
Hemtjänst;Örebro hemvård Svampen;Personalen kommer i tid;2025;83
Hemtjänst;Örebro hemvård Svampen;Förtroende för personalen;2025;92
Hemtjänst;Örebro hemvård Wadköping;Nöjda med hemtjänsten;2025;84
Hemtjänst;Örebro hemvård Wadköping;Trygga;2025;82
Hemtjänst;Örebro hemvård Wadköping;Bra bemötande;2025;92
Hemtjänst;Örebro hemvård Wadköping;Personalen har tid;2025;82
Hemtjänst;Örebro hemvård Wadköping;Personalen kommer i tid;2025;73
Hemtjänst;Örebro hemvård Wadköping;Förtroende för personalen;2025;83
