badplats;badplats_id;eu_bad;datum;bedomning;e_coli;enterokocker;vattentemperatur;alger
Hampetorp, Hjälmaren;SE0241880000002638;ja;2026-08-04;Tjänligt;5;10;17;Ingen blomning
Hampetorp, Hjälmaren;SE0241880000002638;ja;2026-07-13;Tjänligt;26;10;19;Ingen blomning
Hampetorp, Hjälmaren;SE0241880000002638;ja;2026-06-22;Tjänligt;54;10;18;Ingen uppgift
Hampetorp, Hjälmaren;SE0241880000002638;ja;2026-06-01;Tjänligt;9;10;16;Ingen blomning
Hampetorp, Hjälmaren;SE0241880000002638;ja;2025-08-06;Tjänligt;5;10;19;Ingen blomning
Hampetorp, Hjälmaren;SE0241880000002638;ja;2025-07-15;Tjänligt;1;70;20;Ingen blomning
Hampetorp, Hjälmaren;SE0241880000002638;ja;2025-06-24;Tjänligt;1;10;16;Ingen blomning
Hampetorp, Hjälmaren;SE0241880000002638;ja;2025-06-05;Tjänligt;2;10;13;Ingen blomning
Hampetorp, Hjälmaren;SE0241880000002638;ja;2024-08-12;Tjänligt;54;30;19;Ingen blomning
Hampetorp, Hjälmaren;SE0241880000002638;ja;2024-08-06;Tjänligt m. Anm.;140;130;18;Ingen blomning
Hampetorp, Hjälmaren;SE0241880000002638;ja;2024-07-16;Tjänligt;13;10;12;Ingen blomning
Hampetorp, Hjälmaren;SE0241880000002638;ja;2024-06-25;Tjänligt;1;10;20;Blomning
Hjälmaren, Katrinelund;SE0241880000002637;ja;2026-08-04;Tjänligt;1;10;17;Ingen blomning
Hjälmaren, Katrinelund;SE0241880000002637;ja;2026-07-13;Tjänligt;7;10;21;Ingen blomning
Hjälmaren, Katrinelund;SE0241880000002637;ja;2026-06-22;Tjänligt;5;10;17;Ingen uppgift
Hjälmaren, Katrinelund;SE0241880000002637;ja;2026-06-01;Tjänligt;5;10;16;Ingen blomning
Hjälmaren, Katrinelund;SE0241880000002637;ja;2025-08-06;Tjänligt;3;10;19;Ingen blomning
Hjälmaren, Katrinelund;SE0241880000002637;ja;2025-07-15;Tjänligt;6;10;;Ingen blomning
Hjälmaren, Katrinelund;SE0241880000002637;ja;2025-06-24;Tjänligt;5;10;17;Ingen blomning
Hjälmaren, Katrinelund;SE0241880000002637;ja;2025-06-05;Tjänligt;1;10;13;Ingen blomning
Hjälmaren, Katrinelund;SE0241880000002637;ja;2024-08-06;Tjänligt;6;10;18;Ingen blomning
Hjälmaren, Katrinelund;SE0241880000002637;ja;2024-07-16;Tjänligt;4;10;17;Ingen blomning
Hjälmaren, Katrinelund;SE0241880000002637;ja;2024-06-25;Tjänligt;1;10;18;Ingen uppgift
Hjälmaren, Katrinelund;SE0241880000002637;ja;2024-06-03;Tjänligt;3;30;21;Ingen blomning
Södra Ånnabosjön;SE0241880000002650;ja;2026-08-12;Tjänligt;1;10;18;Ingen blomning
Södra Ånnabosjön;SE0241880000002650;ja;2026-08-05;Tjänligt m. Anm.;138;220;17;Ingen blomning
Södra Ånnabosjön;SE0241880000002650;ja;2026-07-14;Tjänligt;11;10;;Ingen blomning
Södra Ånnabosjön;SE0241880000002650;ja;2026-06-23;Tjänligt;4;10;20;Ingen blomning
Södra Ånnabosjön;SE0241880000002650;ja;2026-06-01;Tjänligt;10;10;17;Ingen blomning
Södra Ånnabosjön;SE0241880000002650;ja;2025-08-08;Tjänligt;7;10;17;Ingen blomning
Södra Ånnabosjön;SE0241880000002650;ja;2025-07-15;Tjänligt;6;20;20;Ingen blomning
Södra Ånnabosjön;SE0241880000002650;ja;2025-06-23;Tjänligt;35;10;18;Ingen blomning
Södra Ånnabosjön;SE0241880000002650;ja;2025-06-05;Tjänligt;1;10;15;Ingen blomning
Södra Ånnabosjön;SE0241880000002650;ja;2024-08-05;Tjänligt;13;10;18;Ingen blomning
Södra Ånnabosjön;SE0241880000002650;ja;2024-07-15;Tjänligt;26;10;17;Ingen blomning
Södra Ånnabosjön;SE0241880000002650;ja;2024-06-24;Tjänligt;9;40;16;Ingen uppgift
Botaren, Röda Sand;SE0241880000002641;nej;2026-08-04;Tjänligt;4;10;19;Blomning
Botaren, Röda Sand;SE0241880000002641;nej;2026-07-13;Tjänligt;1;10;20;Blomning
Botaren, Röda Sand;SE0241880000002641;nej;2026-06-22;Tjänligt;1;30;19;Ingen uppgift
Botaren, Röda Sand;SE0241880000002641;nej;2025-08-06;Tjänligt;15;10;19;Ingen blomning
Botaren, Röda Sand;SE0241880000002641;nej;2025-07-15;Tjänligt;2;10;22;Ingen blomning
Botaren, Röda Sand;SE0241880000002641;nej;2025-06-24;Tjänligt;4;10;16;Ingen blomning
Botaren, Röda Sand;SE0241880000002641;nej;2024-08-06;Tjänligt;12;20;21;Ingen blomning
Botaren, Röda Sand;SE0241880000002641;nej;2024-07-16;Tjänligt;1;10;18;Ingen blomning
Botaren, Röda Sand;SE0241880000002641;nej;2024-06-25;Tjänligt;1;10;21;Ingen uppgift
Botaren, Röda Sand;SE0241880000002641;nej;2023-08-08;Tjänligt;12;10;17;Ingen uppgift
Botaren, Röda Sand;SE0241880000002641;nej;2023-07-18;Tjänligt;2;10;16;Ingen blomning
Botaren, Röda Sand;SE0241880000002641;nej;2023-06-27;Tjänligt;3;20;22;Ingen blomning
Hjälmarbaden;SE0241880000004026;nej;2026-08-04;Tjänligt;8;10;16;Ingen blomning
Hjälmarbaden;SE0241880000004026;nej;2026-07-13;Tjänligt;20;20;19;Ingen blomning
Hjälmarbaden;SE0241880000004026;nej;2026-06-22;Tjänligt;2;10;19;Ingen uppgift
Hjälmarbaden;SE0241880000004026;nej;2025-08-06;Tjänligt;24;10;18;Ingen blomning
Hjälmarbaden;SE0241880000004026;nej;2025-07-15;Tjänligt;10;20;20;Ingen blomning
Hjälmarbaden;SE0241880000004026;nej;2025-06-24;Tjänligt;42;10;16;Ingen blomning
Hjälmarbaden;SE0241880000004026;nej;2024-08-06;Tjänligt;20;10;20;Ingen blomning
Hjälmarbaden;SE0241880000004026;nej;2024-07-16;Tjänligt;1;10;18;Ingen blomning
Hjälmarbaden;SE0241880000004026;nej;2024-06-25;Tjänligt;6;10;20;Ingen uppgift
Hjälmarbaden;SE0241880000004026;nej;2023-08-14;Tjänligt m. Anm.;108;10;16;Ingen uppgift
Hjälmarbaden;SE0241880000004026;nej;2023-08-08;Tjänligt m. Anm.;102;60;17;Ingen uppgift
Hjälmarbaden;SE0241880000004026;nej;2023-07-18;Tjänligt;96;30;16;Ingen blomning
Hjälmaren, Dimbobaden;SE0241880000002636;nej;2026-08-04;Tjänligt;4;10;17;Ingen blomning
Hjälmaren, Dimbobaden;SE0241880000002636;nej;2026-07-13;Tjänligt;16;10;21;Ingen blomning
Hjälmaren, Dimbobaden;SE0241880000002636;nej;2026-06-22;Tjänligt;31;10;19;Ingen uppgift
Hjälmaren, Dimbobaden;SE0241880000002636;nej;2026-06-01;Tjänligt;1;10;16;Ingen blomning
Hjälmaren, Dimbobaden;SE0241880000002636;nej;2025-08-06;Tjänligt;1;30;18;Ingen blomning
Hjälmaren, Dimbobaden;SE0241880000002636;nej;2025-07-15;Tjänligt;1;10;19;Ingen blomning
Hjälmaren, Dimbobaden;SE0241880000002636;nej;2025-06-27;Tjänligt;9;10;18;Ingen blomning
Hjälmaren, Dimbobaden;SE0241880000002636;nej;2025-06-24;Tjänligt m. Anm.;111;280;16;Ingen blomning
Hjälmaren, Dimbobaden;SE0241880000002636;nej;2024-08-06;Tjänligt;1;10;20;Ingen blomning
Hjälmaren, Dimbobaden;SE0241880000002636;nej;2024-07-16;Tjänligt;6;10;17;Ingen blomning
Hjälmaren, Dimbobaden;SE0241880000002636;nej;2024-07-01;Tjänligt;59;80;18;Ingen blomning
Hjälmaren, Dimbobaden;SE0241880000002636;nej;2024-06-25;Tjänligt m. Anm.;233;50;18;Ingen uppgift
Hjälmaren, Norra Vinön;SE0241880000002635;nej;2026-08-04;Tjänligt;1;10;18;Blomning
Hjälmaren, Norra Vinön;SE0241880000002635;nej;2026-07-13;Tjänligt;3;10;19;Ingen blomning
Hjälmaren, Norra Vinön;SE0241880000002635;nej;2026-06-22;Tjänligt;12;10;18;Ingen uppgift
Hjälmaren, Norra Vinön;SE0241880000002635;nej;2025-08-06;Tjänligt;40;40;18;Ingen blomning
Hjälmaren, Norra Vinön;SE0241880000002635;nej;2025-07-15;Tjänligt;1;10;19;Ingen blomning
Hjälmaren, Norra Vinön;SE0241880000002635;nej;2025-06-24;Tjänligt;12;10;15;Ingen blomning
Hjälmaren, Norra Vinön;SE0241880000002635;nej;2024-08-06;Tjänligt;1;10;20;Blomning
Hjälmaren, Norra Vinön;SE0241880000002635;nej;2024-07-16;Tjänligt;1;10;18;Blomning
Hjälmaren, Norra Vinön;SE0241880000002635;nej;2024-06-25;Tjänligt;10;10;18;Blomning
Hjälmaren, Norra Vinön;SE0241880000002635;nej;2023-08-14;Tjänligt;60;40;17;Ingen uppgift
Hjälmaren, Norra Vinön;SE0241880000002635;nej;2023-08-08;Otjänligt;37;450;12;Ingen uppgift
Hjälmaren, Norra Vinön;SE0241880000002635;nej;2023-07-18;Tjänligt;84;40;17;Ingen blomning
Hjälmaren, Åstabadet;SE0241880000002639;nej;2025-08-08;Tjänligt;29;70;17;Ingen blomning
Hjälmaren, Åstabadet;SE0241880000002639;nej;2025-07-15;Tjänligt;17;70;23;Ingen blomning
Hjälmaren, Åstabadet;SE0241880000002639;nej;2025-06-23;Tjänligt;24;10;17;Ingen blomning
Hjälmaren, Åstabadet;SE0241880000002639;nej;2024-08-05;Tjänligt;3;10;21;Ingen blomning
Hjälmaren, Åstabadet;SE0241880000002639;nej;2024-07-23;Tjänligt;15;20;21;Ingen blomning
Hjälmaren, Åstabadet;SE0241880000002639;nej;2024-07-15;Tjänligt m. Anm.;47;110;18;Ingen blomning
Hjälmaren, Åstabadet;SE0241880000002639;nej;2024-06-24;Tjänligt;25;30;17;Ingen uppgift
Hjälmaren, Åstabadet;SE0241880000002639;nej;2023-08-07;Tjänligt;12;20;17;Ingen uppgift
Hjälmaren, Åstabadet;SE0241880000002639;nej;2023-07-24;Tjänligt;48;50;18;Ingen blomning
Hjälmaren, Åstabadet;SE0241880000002639;nej;2023-07-17;Tjänligt m. Anm.;185;210;18;Ingen blomning
Hjälmaren, Åstabadet;SE0241880000002639;nej;2023-06-26;Tjänligt;17;10;23;Ingen blomning
Hjälmaren, Åstabadet;SE0241880000002639;nej;2022-08-08;Tjänligt m. Anm.;13;120;19;Ingen uppgift
Hästhagens bryggbad;SE0241880000005921;nej;2026-08-05;Tjänligt m. Anm.;108;140;17;Ingen blomning
Hästhagens bryggbad;SE0241880000005921;nej;2026-07-23;Tjänligt;37;80;18;Ingen blomning
Hästhagens bryggbad;SE0241880000005921;nej;2026-07-20;Tjänligt m. Anm.;166;270;18;Ingen blomning
Hästhagens bryggbad;SE0241880000005921;nej;2026-07-14;Tjänligt m. Anm.;56;200;20;Ingen blomning
Hästhagens bryggbad;SE0241880000005921;nej;2026-07-06;Tjänligt m. Anm.;72;130;18;Ingen blomning
Hästhagens bryggbad;SE0241880000005921;nej;2026-06-26;Otjänligt;36;350;22;Ingen blomning
Hästhagens bryggbad;SE0241880000005921;nej;2026-06-23;Tjänligt m. Anm.;43;140;19;Ingen blomning
Hästhagens bryggbad;SE0241880000005921;nej;2026-06-01;Tjänligt;39;30;18;Ingen blomning
Hästhagens bryggbad;SE0241880000005921;nej;2025-08-08;Tjänligt;35;80;18;Ingen blomning
Hästhagens bryggbad;SE0241880000005921;nej;2025-07-21;Tjänligt;51;70;23;Ingen blomning
Hästhagens bryggbad;SE0241880000005921;nej;2025-07-18;Tjänligt m. Anm.;93;110;21;Ingen blomning
Hästhagens bryggbad;SE0241880000005921;nej;2025-07-15;Tjänligt m. Anm.;79;140;20;Ingen blomning
Järleån, Norsebäck;SE0241880000002653;nej;2026-08-05;Tjänligt;11;40;16;Ingen blomning
Järleån, Norsebäck;SE0241880000002653;nej;2026-07-14;Tjänligt;51;70;19;Ingen blomning
Järleån, Norsebäck;SE0241880000002653;nej;2026-06-26;Tjänligt m. Anm.;13;200;20;Ingen blomning
Järleån, Norsebäck;SE0241880000002653;nej;2026-06-23;Tjänligt m. Anm.;24;220;19;Ingen blomning
Järleån, Norsebäck;SE0241880000002653;nej;2025-08-08;Tjänligt;17;40;17;Ingen blomning
Järleån, Norsebäck;SE0241880000002653;nej;2025-07-24;Tjänligt m. Anm.;26;260;21;Ingen blomning
Järleån, Norsebäck;SE0241880000002653;nej;2025-07-21;Tjänligt m. Anm.;17;180;23;Ingen blomning
Järleån, Norsebäck;SE0241880000002653;nej;2025-07-18;Tjänligt m. Anm.;13;230;20;Ingen blomning
Järleån, Norsebäck;SE0241880000002653;nej;2025-07-15;Otjänligt;214;780;;Ingen blomning
Järleån, Norsebäck;SE0241880000002653;nej;2025-06-26;Tjänligt m. Anm.;55;260;17;Ingen blomning
Järleån, Norsebäck;SE0241880000002653;nej;2025-06-23;Otjänligt;32;350;12;Ingen blomning
Järleån, Norsebäck;SE0241880000002653;nej;2024-08-05;Tjänligt;17;10;19;Ingen blomning
Karlslunds Tegelbad;SE0241880000006179;nej;2026-08-05;Tjänligt m. Anm.;107;180;17;Ingen blomning
Karlslunds Tegelbad;SE0241880000006179;nej;2026-07-23;Tjänligt;30;20;18;Ingen blomning
Karlslunds Tegelbad;SE0241880000006179;nej;2026-07-20;Otjänligt;131;350;18;Ingen blomning
Karlslunds Tegelbad;SE0241880000006179;nej;2026-07-14;Tjänligt m. Anm.;47;120;20;Ingen blomning
Karlslunds Tegelbad;SE0241880000006179;nej;2026-07-06;Tjänligt m. Anm.;64;150;19;Ingen blomning
Karlslunds Tegelbad;SE0241880000006179;nej;2026-06-26;Otjänligt;28;420;21;Ingen blomning
Karlslunds Tegelbad;SE0241880000006179;nej;2026-06-23;Tjänligt m. Anm.;54;200;20;Ingen blomning
Karlslunds Tegelbad;SE0241880000006179;nej;2026-06-01;Tjänligt;45;50;17;Ingen blomning
Karlslunds Tegelbad;SE0241880000006179;nej;2025-08-08;Tjänligt;29;50;17;Ingen blomning
Karlslunds Tegelbad;SE0241880000006179;nej;2025-07-21;Tjänligt;64;70;23;Ingen blomning
Karlslunds Tegelbad;SE0241880000006179;nej;2025-07-18;Tjänligt m. Anm.;79;300;22;Ingen blomning
Karlslunds Tegelbad;SE0241880000006179;nej;2025-07-15;Tjänligt m. Anm.;105;70;20;Ingen blomning
Lögardammen;SE0241880000002648;nej;2026-08-05;Tjänligt;4;30;18;Ingen blomning
Lögardammen;SE0241880000002648;nej;2026-07-14;Tjänligt;4;10;20;Ingen blomning
Lögardammen;SE0241880000002648;nej;2026-06-23;Tjänligt;6;20;20;Ingen uppgift
Lögardammen;SE0241880000002648;nej;2026-06-01;Tjänligt;4;10;18;Ingen blomning
Lögardammen;SE0241880000002648;nej;2025-08-08;Tjänligt;1;10;18;Ingen blomning
Lögardammen;SE0241880000002648;nej;2025-07-15;Tjänligt;1;10;21;Ingen blomning
Lögardammen;SE0241880000002648;nej;2025-06-23;Tjänligt;1;10;19;Ingen blomning
Lögardammen;SE0241880000002648;nej;2025-06-05;Tjänligt;3;10;12;Ingen blomning
Lögardammen;SE0241880000002648;nej;2024-08-05;Tjänligt;2;10;18;Ingen blomning
Lögardammen;SE0241880000002648;nej;2024-07-15;Tjänligt;1;10;12;Ingen blomning
Lögardammen;SE0241880000002648;nej;2024-06-24;Tjänligt;5;10;16;Ingen uppgift
Lögardammen;SE0241880000002648;nej;2024-06-11;Tjänligt;25;10;16;Ingen blomning
Norra Ässundet;SE0241880000004203;nej;2026-08-05;Tjänligt;40;20;17;Ingen blomning
Norra Ässundet;SE0241880000004203;nej;2026-07-14;Tjänligt;18;10;23;Ingen blomning
Norra Ässundet;SE0241880000004203;nej;2026-06-23;Tjänligt;24;10;21;Ingen uppgift
Norra Ässundet;SE0241880000004203;nej;2025-08-12;Tjänligt;1;10;17;Ingen blomning
Norra Ässundet;SE0241880000004203;nej;2025-08-08;Tjänligt m. Anm.;144;40;17;Ingen blomning
Norra Ässundet;SE0241880000004203;nej;2025-07-15;Tjänligt;41;20;23;Ingen blomning
Norra Ässundet;SE0241880000004203;nej;2025-06-23;Tjänligt;71;20;18;Ingen blomning
Norra Ässundet;SE0241880000004203;nej;2024-08-05;Tjänligt;6;10;19;Ingen blomning
Norra Ässundet;SE0241880000004203;nej;2024-07-23;Tjänligt;28;40;20;Ingen blomning
Norra Ässundet;SE0241880000004203;nej;2024-07-15;Tjänligt m. Anm.;65;110;18;Ingen blomning
Norra Ässundet;SE0241880000004203;nej;2024-06-24;Tjänligt;50;10;17;Ingen uppgift
Norra Ässundet;SE0241880000004203;nej;2023-08-14;Tjänligt m. Anm.;108;160;15;Ingen uppgift
Ramsjön;SE0241880000002652;nej;2026-08-05;Tjänligt;2;10;18;Ingen blomning
Ramsjön;SE0241880000002652;nej;2026-07-14;Tjänligt;8;10;21;Ingen blomning
Ramsjön;SE0241880000002652;nej;2026-06-23;Tjänligt;1;10;20;Ingen blomning
Ramsjön;SE0241880000002652;nej;2025-08-08;Tjänligt;9;10;17;Ingen blomning
Ramsjön;SE0241880000002652;nej;2025-07-15;Tjänligt;1;10;20;Ingen blomning
Ramsjön;SE0241880000002652;nej;2025-06-23;Tjänligt;1;10;17;Ingen blomning
Ramsjön;SE0241880000002652;nej;2024-08-05;Tjänligt;1;10;18;Ingen blomning
Ramsjön;SE0241880000002652;nej;2024-07-15;Tjänligt;3;20;16;Ingen blomning
Ramsjön;SE0241880000002652;nej;2024-06-24;Tjänligt;1;10;17;Ingen uppgift
Ramsjön;SE0241880000002652;nej;2023-08-07;Tjänligt;4;30;12;Ingen uppgift
Ramsjön;SE0241880000002652;nej;2023-07-17;Tjänligt;1;10;18;Ingen blomning
Ramsjön;SE0241880000002652;nej;2023-06-26;Tjänligt;1;10;20;Ingen blomning
Sottern, Solberga;SE0241880000002640;nej;2026-08-04;Tjänligt;11;10;19;Blomning
Sottern, Solberga;SE0241880000002640;nej;2026-07-13;Tjänligt;2;10;19;Ingen blomning
Sottern, Solberga;SE0241880000002640;nej;2026-06-22;Tjänligt;8;10;20;Ingen uppgift
Sottern, Solberga;SE0241880000002640;nej;2025-08-06;Tjänligt;18;10;19;Ingen blomning
Sottern, Solberga;SE0241880000002640;nej;2025-07-15;Tjänligt;21;20;21;Ingen blomning
Sottern, Solberga;SE0241880000002640;nej;2025-06-24;Tjänligt;57;30;15;Ingen blomning
Sottern, Solberga;SE0241880000002640;nej;2024-08-06;Tjänligt;11;100;22;Ingen blomning
Sottern, Solberga;SE0241880000002640;nej;2024-07-24;Tjänligt;11;60;20;Ingen blomning
Sottern, Solberga;SE0241880000002640;nej;2024-07-23;Tjänligt;5;10;21;Ingen blomning
Sottern, Solberga;SE0241880000002640;nej;2024-07-16;Tjänligt m. Anm.;49;280;17;Ingen blomning
Sottern, Solberga;SE0241880000002640;nej;2024-06-25;Tjänligt;1;40;20;Ingen uppgift
Sottern, Solberga;SE0241880000002640;nej;2023-08-14;Tjänligt;3;10;18;Ingen uppgift
Tjugestasjön;SE0241880000002655;nej;2026-08-05;Tjänligt;1;10;18;Ingen blomning
Tjugestasjön;SE0241880000002655;nej;2026-07-14;Tjänligt;5;10;23;Ingen blomning
Tjugestasjön;SE0241880000002655;nej;2026-06-23;Tjänligt;1;10;22;Ingen uppgift
Tjugestasjön;SE0241880000002655;nej;2025-08-08;Tjänligt;1;10;19;Ingen blomning
Tjugestasjön;SE0241880000002655;nej;2025-07-18;Tjänligt;1;10;23;Ingen blomning
Tjugestasjön;SE0241880000002655;nej;2025-07-15;Tjänligt m. Anm.;11;120;23;Ingen blomning
Tjugestasjön;SE0241880000002655;nej;2025-06-23;Tjänligt;1;10;20;Ingen blomning
Tjugestasjön;SE0241880000002655;nej;2024-08-05;Tjänligt;1;10;20;Ingen blomning
Tjugestasjön;SE0241880000002655;nej;2024-07-15;Tjänligt;49;10;18;Ingen blomning
Tjugestasjön;SE0241880000002655;nej;2024-06-24;Tjänligt;2;10;19;Ingen uppgift
Tjugestasjön;SE0241880000002655;nej;2023-08-10;Tjänligt;16;50;17;Ingen uppgift
Tjugestasjön;SE0241880000002655;nej;2023-07-17;Tjänligt;9;20;18;Ingen blomning
