ort;hardhet_dh;ph;vattenverk
Almbro;3,5;8,6;Skråmsta
Asker;3,5;8,6;Skråmsta
Brevens bruk;9,2;7,6;Kilsmo
Ekeby-Almby;3,5;8,6;Skråmsta
Ervalla;3,5;8,6;Skråmsta
Garphyttan;3,5;8,6;Skråmsta
Glanshammar;3,5;8,6;Skråmsta
Grythem;3,5;8,6;Skråmsta
Hampetorp;3,5;8,6;Skråmsta
Hidingsta;3,5;8,6;Skråmsta
Hovsta;3,5;8,6;Skråmsta
Järle;2,3;7,4;Flåten
Kilsmo;9,2;7,6;Kilsmo
Lanna;3,5;8,6;Skråmsta
Latorp;3,5;8,6;Skråmsta
Marieberg;3,5;8,6;Skråmsta
Mosås;3,5;8,6;Skråmsta
Norra Bro;3,5;8,6;Skråmsta
Närkes Kil;4,3;8,7;Närkes Kil
Odensbacken;3,5;8,6;Skråmsta
Runnaby;3,5;8,6;Skråmsta
Sjöboviken;3,5;8,6;Skråmsta
Stora Mellösa;3,5;8,6;Skråmsta
Södra Väringen;3,5;8,6;Skråmsta
Vintrosa;3,5;8,6;Skråmsta
Västeråsen;3,5;8,6;Skråmsta
Ölmbrotorp;3,5;8,6;Skråmsta
Örebro;3,5;8,6;Skråmsta
Östra Mark;3,5;8,6;Skråmsta
