dag;p10_1991_2020;median_1991_2020;p90_1991_2020;varde_2026;varde_2025
0;3,21;17,9;36,62;19;19,8
1;3,2;17,9;37,1;19,8;19,9
2;3,16;17,9;37,1;18,7;19,7
3;3,18;18,25;36,62;17,6;18,5
4;3,21;18,8;36,81;16,4;17,5
5;3,22;18,95;36,92;15,7;17,7
6;3,38;19,15;37,21;15,2;21,9
7;3,72;19,2;37,52;14,9;26,4
8;3,84;19,25;37,7;14,7;26,5
9;3,91;19,6;37,7;14,3;24,3
10;3,98;19,75;37,71;13,9;21,9
11;4,36;19,95;37,71;13,7;21,1
12;4,64;19,9;37,7;13,8;22,6
13;4,86;19,9;37,7;15,1;34,4
14;5;19,9;37,7;19,4;45,7
15;5,39;19,85;37,7;25,8;38,2
16;5,6;19,75;37,2;30,7;38,4
17;5,83;19,65;36,81;32,9;36,8
18;5,83;19,55;36,8;31,3;33,6
19;5,88;19,3;36,61;27,9;31,4
20;5,65;19,2;35,91;25,7;30,2
21;5,63;19,1;35,42;24,1;29,9
22;5,88;19;34,75;22,3;31
23;5,88;19;34,51;20,6;41,8
24;5,88;18,9;33,72;20,2;44,9
25;5,86;18,75;32,72;19,4;44,1
26;5,87;18,65;32,7;18,8;41,3
27;5,72;18,6;32,9;18,4;39,6
28;5,72;18,6;34,45;19;44,8
29;5,72;18,35;34,81;18,1;56,6
30;5,72;18,1;34,93;17,7;49,1
31;5,72;18,1;35,85;18,3;43,5
32;5,72;18;36,44;18,1;40,1
33;5,68;18;36,81;18,9;36,8
34;5,64;18;36,95;19,1;35,4
35;5,6;18;37,41;18,4;34,7
36;5,6;18;37,41;17;32,6
37;5,57;18;36,9;16,3;30,1
38;5,51;17,9;36,9;15,5;27,8
39;5,47;17,7;36,95;14,4;26
40;5,35;17,45;37,41;12,8;24,4
41;5,26;17,15;37,51;11,8;22
42;5,22;16,95;37,65;12,1;20,3
43;5,15;16,8;38,12;11;19
44;4,97;16,75;38,12;9,58;18,2
45;4,92;16,5;37,42;8,43;17,6
46;4,92;16,7;37,42;8,43;17,3
47;4,96;16,85;37,42;7,28;16,9
48;4,96;16,7;37,42;6,79;16,5
49;4,96;16,6;37,42;6,43;16,3
50;4,92;16,25;37,31;6,33;16,1
51;4,92;16,2;37,03;5,76;16
52;4,82;16,2;37,33;4,64;16
53;4,92;16;37,09;4,24;16,6
54;5,2;15,95;36,62;3,74;16,6
55;5,4;15,85;34,75;3,23;23,2
56;5,71;15,7;34,43;3,09;24,3
57;6,2;15,55;34,16;17,9;22
58;6,77;15,5;32,56;24,7;20,7
59;7,59;15,5;31,99;;
60;7,65;15,55;31,9;27,4;19,3
61;7,71;15,45;31,73;31,4;18,3
62;7,75;15,4;31,63;21,6;17,4
63;7,93;15,2;30,92;22,7;16,9
64;8,29;15,15;30,66;22,2;16
65;8,3;15,2;30,66;19,6;14,5
66;8,24;15,2;30,66;17,9;15,1
67;8,19;15,35;30,84;16,7;14,5
68;7,83;15,4;30,62;18,2;13,6
69;7,83;15,65;30,82;18,4;13,4
70;7,67;15,95;30,62;17,2;13,9
71;7,67;16,4;30,62;17,8;14
72;7,65;16,9;31;18,2;13,9
73;7,65;17,35;31,31;18,7;14,2
74;7,62;17,85;33,1;17,9;14,2
75;7,65;17,95;33,11;15,8;14,3
76;7,67;18;33,11;12,4;14,3
77;7,83;18;33,12;13,3;13,3
78;7,83;17,95;33,12;14,3;13,7
79;7,83;17,95;33,1;14;13,5
80;7,87;17,95;32,09;12,6;13,4
81;7,91;17,8;31,91;13,2;13,3
82;8,04;17,8;31,45;13,1;12,2
83;8,14;17,75;32;12,6;9,11
84;8,2;17,65;32,16;12,9;9,38
85;8,21;17,4;32,72;13,1;8,97
86;8,86;17,35;32,92;13,2;8,88
87;9,24;17,25;33,3;12,6;8,88
88;9,32;17,2;33,65;12,1;8,92
89;9,52;17;33,33;12,9;8,76
90;9,62;16,85;34,11;13,2;8,54
91;9,55;16,7;34,31;13;7,96
92;9,52;16,7;34,41;13,2;8,31
93;9,36;16,55;34,91;14,1;7,84
94;9,15;16,65;35,01;16,3;7,42
95;9,08;16,5;35,01;20,3;6,72
96;8,77;16,3;35,12;25,7;6,67
97;8,72;16,15;35,32;24,9;6,38
98;8,53;16,25;35,7;22,6;6,26
99;8,34;16,1;35,7;21,4;6,08
100;8,17;16,1;35,52;20,4;5,04
101;7,95;16;35,7;19,6;4,47
102;7,9;15,9;35,7;18,3;3,47
103;7,54;15,7;35,7;16,9;3,29
104;6,93;15,5;35,34;15,4;3,37
105;6,63;15,3;34,85;14,6;3,26
106;6,51;15,15;33,64;14,6;2,95
107;6,38;14,85;33,03;14;2,66
108;6,34;14,65;32,71;12,4;2,44
109;6,18;14,5;32,24;11,4;2,59
110;6,12;14,4;31,9;10,9;2,84
111;6,1;14,2;31,11;10,3;3,03
112;6,13;14,05;30,14;10,2;3,4
113;6,1;13,65;30,1;9,05;5,2
114;5,97;13,5;29,32;8,05;6,24
115;5,97;13,3;28,93;7,43;5,43
116;5,93;13;28,6;7,41;5,33
117;5,84;12,95;28,01;7,17;4,64
118;5,73;12,6;27,4;7,87;3,67
119;5,51;12,5;26,62;7,91;3,82
120;5,26;12,4;26,21;7,81;3,66
121;5,11;12,2;25,8;7,37;3,39
122;5;12,1;25,53;6,3;3,42
123;4,72;11,65;25,41;5,08;3,12
124;4,66;11,45;25,13;4,56;2,99
125;4,57;11,3;25,01;4,19;3,46
126;4,44;11,05;24,81;3,47;3,91
127;4,35;10,85;24,6;3,26;2,75
128;4,11;10,6;24,12;2,92;2,13
129;4,04;10,5;23,8;2,85;2,22
130;3,99;10,3;23,4;2,64;1,98
131;3,83;10,3;23,01;2,39;2,12
132;3,75;10,03;22,1;2,51;2,14
133;3,69;9,55;22;2,68;2,12
134;3,63;9,3;21,71;3,53;2,18
135;3,47;9,07;21,52;3,68;1,95
136;3,33;8,81;21,41;6,69;1,92
137;3,19;8,73;21,11;9,14;1,92
138;3,16;8,44;21,1;7,58;1,9
139;3,08;8,25;21,1;6,47;1,85
140;2,95;7,99;20,38;5,36;1,72
141;2,88;7,57;20,03;5,15;2,09
142;2,83;7,12;19,81;4,59;2,26
143;2,8;6,93;19,6;3,29;2,5
144;2,73;6,81;19,3;2,76;2,67
145;2,69;6,48;18,62;2,39;2,51
146;2,62;6,35;18,02;2,33;2,55
147;2,58;6,35;17,82;2,3;2,65
148;2,49;6,29;17,62;2,13;2,62
149;2,47;6,15;17,2;1,79;2,62
150;2,38;5,98;16,84;1,77;2,56
151;2,35;5,81;15,61;1,92;2,28
152;2,27;5,71;15,22;2,57;2,21
153;2,21;5,67;14,91;3,06;2,89
154;2,16;5,57;14,61;2,51;3,69
155;2,12;5,52;14,02;2,37;3,68
156;2,09;5,31;13,52;2,09;3,03
157;2,07;5,1;13,11;2,62;3,13
158;2,05;4,93;12,7;2,74;2,94
159;2,03;4,75;12,11;2,49;2,97
160;2;4,62;12;2,42;2,97
161;1,99;4,46;11,21;2,51;3,02
162;1,96;4,25;10,33;3,53;3,09
163;1,96;4,2;9,94;2,71;2,76
164;1,96;4,1;9,71;2,89;2,61
165;1,96;4,03;8,9;3,86;2,35
166;1,96;3,96;8,72;4,73;2,16
167;1,96;3,89;8,63;7,61;2,12
168;1,97;3,9;8,52;7,42;2,1
169;1,96;3,89;8,5;6,81;1,95
170;1,94;3,88;8,5;5,13;2,06
171;1,93;3,87;8,6;4,4;1,9
172;1,87;3,82;8,73;3,33;1,54
173;1,85;3,8;8,74;3,79;1,8
174;1,83;3,77;9,03;3,23;2,12
175;1,83;3,69;9,49;3,15;2,43
176;1,8;3,67;9,91;3;2,69
177;1,78;3,63;10,6;2,9;3,2
178;1,76;3,63;10,7;2,81;2,91
179;1,74;3,62;10,72;2,71;2,52
180;1,74;3,6;11;2,58;2,42
181;1,73;3,53;11;2,31;1,85
182;1,73;3,48;11,34;1,93;2,42
183;1,71;3,42;11,8;2,14;2,09
184;1,73;3,41;11,83;2,4;2,39
185;1,71;3,41;12,81;2,39;2,3
186;1,71;3,4;13,31;2,29;2,26
187;1,7;3,38;13,4;2,15;2,37
188;1,69;3,37;13,4;1,92;2,62
189;1,69;3,33;13,4;1,68;4,53
190;1,7;3,36;13,31;1,67;7,8
191;1,71;3,33;13,31;1,78;5,28
192;1,72;3,29;13,3;1,87;4,86
193;1,72;3,28;13,21;2,03;4,58
194;1,7;3,21;13,02;2,12;4,08
195;1,7;3,2;13,02;2,14;4,26
196;1,69;3,14;13,21;1,91;3,86
197;1,68;3,09;13,21;1,72;4,97
198;1,67;3,04;13,21;1,77;4,8
199;1,67;2,96;13,21;1,82;3,84
200;1,66;2,92;13,11;2,14;3,52
201;1,66;2,91;13,01;2,48;3,22
202;1,64;2,91;12,82;2,89;2,89
203;1,63;2,9;12,8;2,61;2,64
204;1,62;2,85;13,01;2,62;2,93
205;1,59;2,81;13,33;2,96;2,93
206;1,59;2,79;14,91;2,91;2,66
207;1,56;2,77;15,32;2,71;2,75
208;1,56;2,73;15,32;2,53;2,64
209;1,56;2,69;15,3;2,13;2,51
210;1,56;2,69;15,01;2,12;3,88
211;1,56;2,67;14,34;1,94;5,74
212;1,55;2,65;13,93;1,46;4,67
213;1,56;2,66;13,51;1,53;3,62
214;1,56;2,68;13,2;1,55;6,17
215;1,56;2,69;13,1;1,57;9
216;1,56;2,7;12,83;1,83;7,28
217;1,59;2,71;12,6;1,83;7,32
218;1,59;2,73;12,3;1,5;7,22
219;1,61;2,73;12,2;2,03;6,16
220;1,64;2,74;11,51;2,06;4,75
221;1,64;2,76;10,53;2,08;4,15
222;1,65;2,8;10,3;2,08;3,59
223;1,66;2,83;9,84;2,12;3,22
224;1,68;2,91;9,7;2,19;3,26
225;1,7;2,94;9,41;2,12;3,02
226;1,7;2,96;9,16;2,07;2,81
227;1,71;2,99;8,96;1,74;2,79
228;1,71;2,99;8,75;1,56;2,74
229;1,71;2,99;8,75;1,55;2,43
230;1,72;2,99;8,96;1,45;2,19
231;1,74;2,99;9,4;1,44;2,15
232;1,72;2,99;9,56;1,83;2,26
233;1,75;3;9,74;1,87;2,15
234;1,75;3;9,74;1,92;2,26
235;1,75;3;10,25;2;2,56
236;1,76;2,99;10,89;2,03;2,25
237;1,76;2,95;11,7;1,75;2,14
238;1,78;2,92;11,7;1,64;2,07
239;1,79;2,91;11,73;1,58;1,98
240;1,78;2,91;12;1,54;1,89
241;1,79;2,92;12;1,69;1,9
242;1,79;2,92;12;1,74;1,99
243;1,77;2,92;12,03;2,01;2,02
244;1,77;2,92;12,03;1,97;1,94
245;1,77;2,89;12,3;1,76;1,93
246;1,77;2,84;12,03;1,66;13
247;1,77;2,81;12,03;1,64;13,9
248;1,77;2,81;12;1,89;8,75
249;1,77;2,81;12;2,11;12,8
250;1,76;2,87;11,91;1,94;12,1
251;1,75;2,87;11,91;1,88;8,23
252;1,73;2,95;12,03;1,71;6,42
253;1,73;3;12,9;1,94;5,36
254;1,72;3;12,91;1,92;8,11
255;1,72;3;13,86;1,93;25,4
256;1,72;3;15,24;2,12;24,4
257;1,72;2,96;16;1,81;17,5
258;1,72;2,95;16,3;1,79;16,9
259;1,72;2,96;16,33;1,75;17,4
260;1,72;3,01;16,61;1,75;27,1
261;1,72;3,02;16,71;2,26;26,9
262;1,72;3,05;16,84;2,03;23,8
263;1,72;3,12;17,32;2,13;21,5
264;1,72;3,16;17,81;1,81;20,9
265;1,73;3,12;17,91;1,81;22,8
266;1,74;3,14;18,05;1,85;21
267;1,77;3,1;18,51;1,78;19,4
268;1,78;3,17;18,6;1,78;18,4
269;1,8;3,34;18,61;2,07;17,4
270;1,8;3,42;18,61;1,98;16,6
271;1,82;3,43;18,61;2,1;16,6
272;1,82;3,49;18,61;1,75;15,2
273;1,83;3,61;18,61;1,67;15,1
274;1,83;3,68;18,52;;14,5
275;1,86;3,72;18,52;;14,5
276;1,86;3,77;18,5;;14,6
277;1,86;3,82;18,13;;13,6
278;1,86;3,94;17,91;;20,8
279;1,87;4,07;17,5;;20,9
280;1,88;4,33;17,5;;18
281;1,88;4,58;17,5;;17,7
282;1,9;4,75;17,4;;17
283;1,91;4,96;16,9;;16,3
284;1,91;5,16;16,81;;15,2
285;1,91;5,26;16,71;;12,8
286;1,94;5,5;16,7;;12,6
287;1,98;5,71;16,7;;11,7
288;2;5,95;16,81;;9,81
289;2,07;6,1;17,4;;9,45
290;2,08;6,28;17,5;;10,6
291;2,11;6,5;17,92;;12,1
292;2,14;6,59;19,21;;11,3
293;2,15;6,68;20,01;;11,3
294;2,2;6,7;22,2;;10,3
295;2,22;6,87;23,12;;10,8
296;2,29;7,18;24,91;;11,4
297;2,35;7,4;25,56;;14,1
298;2,41;7,6;27,62;;32,1
299;2,43;7,63;27,91;;27,4
300;2,44;7,84;28,33;;23,5
301;2,46;7,96;28,84;;23
302;2,46;8,09;29,26;;22,4
303;2,46;8,45;29,81;;24,8
304;2,46;8,63;29,81;;32,5
305;2,44;8,8;29,62;;28
306;2,46;9,09;29,24;;27,1
307;2,56;9,18;28,9;;27,6
308;2,61;9,38;28,42;;27,5
309;2,7;10,1;27,81;;33,3
310;2,8;10,65;27,72;;31,8
311;2,88;11,25;27,61;;29,8
312;3,04;11,5;27,33;;27,5
313;3,37;11,85;27,6;;25,8
314;3,42;11,95;27,61;;24,8
315;3,52;11,9;27,72;;24,2
316;3,81;11,9;27,9;;24,2
317;3,92;11,75;28,13;;29,6
318;4,09;11,65;28,41;;31,9
319;4,26;11,6;28,61;;28,7
320;4,48;11,6;29,32;;26,6
321;4,51;11,7;30,32;;24,2
322;4,51;11,95;31,32;;22,3
323;4,51;12,1;31,71;;21,7
324;4,51;12,2;32;;21
325;4,5;12,3;32,4;;20,1
326;4,48;12,5;33,52;;19,7
327;4,48;12,75;33,7;;21
328;4,28;12,95;33,71;;21,3
329;4,21;13;33,71;;19,5
330;4,28;13,3;33,71;;17,4
331;4,28;13,45;33,71;;17,1
332;4,21;13,8;33,7;;20,2
333;4,21;14,1;34,32;;25,4
334;4,21;14,45;35,1;;24,8
335;4,21;14,95;35,11;;31
336;4,21;15,5;35,11;;31,2
337;4,54;15,65;35,3;;29,6
338;4,71;15,8;35,32;;26,8
339;4,83;16,1;35,63;;25,9
340;5,08;16,25;35,63;;27,3
341;5,24;16,5;35,63;;30,8
342;5,46;16,75;35,33;;30,6
343;5,64;16,95;35,33;;38,3
344;5,86;17,6;35,9;;39,2
345;6,19;17,7;36,82;;39,1
346;6,24;18,2;38,04;;36,5
347;6,4;18,45;39,02;;35,2
348;6,4;18,65;39,27;;38,2
349;6,23;18,75;39,27;;44,1
350;6,23;18,7;39,27;;41,5
351;6,19;18,7;39,27;;37,6
352;6,04;18,85;39,02;;35,7
353;5,91;18,85;39,2;;37,4
354;5,17;18,75;39,33;;41,1
355;4,56;18,7;39,33;;37,1
356;3,96;18,75;39,21;;34,3
357;3,88;18,95;39,2;;32
358;3,88;18,75;39,02;;30,9
359;3,81;18,45;38,62;;29,2
360;3,79;18,3;37,27;;27,5
361;3,73;18,25;37,11;;26,3
362;3,63;18,05;37,1;;25,1
363;3,53;17,95;37,1;;23,2
364;3,36;17,8;36,83;;18,3
365;3,3;17,8;36,62;;16,1
